remaining_km,current_speed_kmh,congestion_score,weather_encoded,is_halted,target_remaining_minutes
190.39735882944444,64.95713168477695,4,2,0,194.42916615300368
475.6035816729085,97.07708042663725,2,2,0,390.7882758364095
367.33700119664553,73.14668148532331,5,0,0,300.5811914828244
301.3359496775331,10.829335804533532,0,0,0,212.04126584544417
82.22922701900607,24.125430781862203,5,0,0,93.60049284541937
82.21728756642031,28.51266392401949,4,0,0,108.8003373584584
33.751388023258734,33.52235297382983,4,2,0,91.54585019069948
433.7571921585929,73.50244095356555,4,1,0,323.9546819854469
302.5519308128884,65.51555137730115,3,1,0,251.09708039905428
355.49592600904253,26.41080498734716,3,0,0,277.5734876929215
15.189324676422212,8.78212964923932,4,0,0,49.955980446978955
485.1053768201872,22.28618658171335,4,0,0,376.6129088680208
417.05910719620874,127.96957064041843,0,0,0,286.25187234746255
110.1078597857467,60.9111034728914,0,0,0,85.73323612378952
95.00335876751481,112.75491561127463,2,0,0,82.35494802584947
95.78523237744974,110.33782066694963,2,0,0,91.42858403792748
155.5999102649712,66.49754247017358,3,0,0,145.36632219680794
264.75443365795775,91.86940209987065,1,0,0,192.98868621805
218.81278422784732,25.057761353652598,0,0,0,162.3382556805267
149.15842439803075,89.49157164049808,2,0,0,128.99118089050546
307.8671828875778,35.409995304227635,0,0,0,218.7467602602217
74.04946102276071,108.1680725780396,0,0,0,69.89301985297459
149.61160102493298,10.884137304158289,5,2,0,187.01807918424439
186.3491124303774,100.50802747508607,1,0,0,133.47205784804262
230.75464218743278,12.99179785392054,0,1,0,174.22634394569982
393.6621008895417,114.55460079626016,5,2,0,357.62065016669493
103.83852216838807,39.54658735755048,1,0,0,97.77858513799443
259.5460470147377,85.07113742797472,5,0,0,224.79668367004027
298.24521158671104,63.37529622063638,5,0,0,249.13117278953797
27.992954296398874,47.61940888410407,1,0,0,38.3340614727646
305.73470169121197,83.90743831385454,0,0,0,213.83764227625838
89.4094412252093,123.17798747166094,0,1,0,63.20270780185982
37.20053852771336,5.365067158700842,2,0,0,46.993010890674576
474.69834094039993,119.45087126480355,0,2,0,367.6776675159605
482.9878563719069,79.18061515273176,0,1,0,374.3745249319004
405.1566873176483,104.9508590999768,0,0,0,288.26968516018997
155.78381574081848,49.90374394645608,2,0,0,130.7538672954641
53.34769643316002,61.339586728889785,1,0,0,39.20227161632074
343.69534812351765,112.95059773415132,2,0,0,268.3898848338509
222.87548440110265,53.930236075277,0,0,0,157.08132983407708
65.40892624816553,69.50574367738105,4,1,0,82.85017927293701
250.11257050507874,2.625340000963278,0,0,0,175.64535076781686
22.022317952033106,20.617740758945498,2,0,0,18.322526913547883
455.1135990289971,83.41924603672396,5,1,0,364.0019185534793
133.09609089200836,93.20699713830403,5,0,0,134.86567400874557
332.9485307552211,75.73812178198493,2,0,0,235.51401614286638
159.29698266425842,18.63030471582939,3,0,0,143.23995015545032
262.43367048301633,57.90270571511853,5,0,0,218.83225072438785
275.62158827492345,46.16231962721468,4,1,0,234.55895586024846
96.50295548513589,64.43597472456148,2,2,0,98.4136037147646
484.9443907434565,113.14277449203226,5,0,0,380.33857112953274
388.6907475637517,100.86198702562474,5,0,0,300.98161751644784
470.0519760742736,10.918635180590663,1,0,0,335.83826959121956
447.9395384616862,115.74019571069336,0,1,0,311.085425502066
300.96048951148714,61.329729649477066,5,0,0,240.50576441023796
461.32774633644283,96.7020788351798,5,0,0,360.1710902280483
48.80378851570015,18.205100064365777,1,0,0,39.203961259415536
102.01151689747687,87.19353834191625,2,2,0,130.36890272907846
27.387508010716342,30.72238228922953,2,0,0,16.919718476875854
166.03851372781585,56.9895166283211,1,0,0,123.9413330895384
197.3952583962936,2.192173110673573,1,1,0,154.64608584530436
139.31777072807847,19.709382930961883,3,0,0,115.82169223459177
415.225067030205,11.970464106070569,0,0,0,284.88119433215877
181.5928967133267,31.1667424819736,1,0,0,145.30281494902525
144.06258229525346,13.002351703161896,0,2,0,156.12065665505227
273.634561163333,89.94830346054304,5,0,0,213.72725716133922
74.75749136250751,3.775187287198518,4,0,0,73.25232900449969
402.0875054732496,80.30626508124973,2,0,0,289.1872296127232
41.90256862148656,18.292018007324653,1,1,0,43.24458842053708
493.5090336172561,122.8709894331266,4,0,0,388.4619289064927
387.26116080184545,121.30222950428106,2,0,0,292.5098536400108
103.36426235941533,29.31540332772514,3,0,0,93.17833556785273
7.733447976183188,79.87476876899383,2,0,0,20.006167508388984
408.65340708514293,3.6406915314195967,1,1,0,301.79011464483364
354.8943852045705,121.13251059665264,4,0,0,285.9615051434838
365.8585481802887,67.98835006492226,4,1,0,303.796108990311
386.7788216095431,5.619009684311269,4,1,0,316.1420259033848
41.652102608374726,44.52499909105786,2,2,0,60.03261259648803
182.44053562941494,9.990430041960446,0,0,0,128.89982137724573
62.35518446493921,51.08277711853678,0,0,0,42.33660302497349
432.2361958084188,87.090424480972,2,0,0,328.4296354367594
313.53257277964116,61.085688045387144,1,2,0,266.66906911399946
168.79452230206135,49.88388271352908,2,2,0,174.5597214525525
36.4613833915817,15.490415920260425,0,0,0,21.27977368440608
158.9362492492528,31.84207594017532,2,2,0,171.04487899815072
165.9657444032398,13.018627405985647,4,1,0,166.05662273554205
366.1550582773417,104.97483511536589,1,2,0,287.0194716806219
320.5909483208305,17.581177638013934,1,0,0,221.83379175155846
444.17030757528164,77.39853765135615,3,2,0,377.99406509191857
238.7463879551649,44.556253766549965,2,2,0,217.37533143344456
64.19915173945935,29.377190005173855,5,0,0,90.57547146635648
358.05616967538253,83.13089713397349,5,2,0,326.92191868325295
381.58859906536424,59.41030021900228,5,0,0,311.59246758849076
282.83221279690065,52.01891074699269,4,0,0,221.72113143901535
386.62875407750766,77.0707606359888,5,1,0,320.97255922118853
249.42882020037342,63.86479170370009,2,0,0,193.55108956325435
263.75275054408706,39.4529471117029,3,2,0,237.578366151834
216.63280408748207,72.67796740948272,3,0,0,183.53251476449358
17.582467738327118,87.03481495159029,2,0,0,9.753258939291348
58.406256361685706,3.4701106162910564,5,0,0,79.0973089964296
20.557446914933454,60.5633247579978,2,0,0,17.26444294324784
320.0231535755713,7.49882699586069,2,1,0,240.09798186578422
160.6062106327817,24.23270382885444,0,0,0,122.24297185310033
256.74249212652785,72.8661354301365,3,0,0,192.93067091329812
454.245404593416,112.6045589845255,1,0,0,317.56456396547316
128.3996534286931,114.76473829450303,5,1,0,140.85794933947375
208.1395469026367,9.092721318022065,5,0,0,172.92497635154746
378.9978135788091,54.48366121727186,0,1,0,285.6917541505859
118.25509191835312,75.79084279059167,4,0,0,118.07562916886002
43.10505536525253,19.119087591544645,1,0,0,30.628303143578442
148.42696919231517,99.50618817682032,1,2,0,156.79535939313647
84.80453719073219,96.75058359684104,1,0,0,49.61490389308562
465.20033790957365,117.4343317818833,3,0,0,354.22913154583046
405.0195878843864,1.1031815708475923,4,1,1,330.48009596488504
318.5348594726596,28.168951718570344,0,0,0,220.1384413825584
436.3729921429203,107.53427285189183,4,1,0,341.6996050541169
402.81767806506167,87.1754066075016,5,1,0,340.8744662610301
97.35217914858774,116.2706809808038,0,0,0,64.20767195469499
446.816704252539,7.433355088934648,3,0,0,336.2924519515846
271.9744097482471,77.60531554313756,5,0,0,224.0383750321651
404.68287680621097,73.97605473617764,4,2,0,341.6147399537199
448.5651934621292,4.637674126869208,1,2,0,350.5615430005068
162.4117201110726,66.75786999862285,4,0,0,146.22212208500588
59.475702641199995,79.23764047029015,5,0,0,77.74534833968372
117.82790545826113,24.86811264627394,3,0,0,111.63528837186358
216.41835536999687,35.53284580620618,3,0,0,172.18732692398063
409.9173091316341,83.24515501870582,3,0,0,309.06646479177596
431.06163871189,60.87912318799458,0,1,0,320.1705802573283
8.441304612939398,111.54177548388249,4,2,0,67.409599643029
257.81991477589503,44.50962958119449,1,2,0,212.2342144913129
211.6184465586456,34.66575559046615,1,0,0,164.20564988258505
114.94336618301148,128.03257224482957,2,2,0,125.44222458546567
64.33335683017299,118.44765011691084,3,1,0,76.61376033212787
172.11950984479583,3.7690568498673818,5,0,0,151.8575007923453
471.740303436697,100.19471998985357,1,0,0,331.4406399019402
164.98545135027385,14.343520597276385,3,1,0,129.97182306311984
261.80135776296623,3.5730753278182235,1,2,0,231.053449317101
352.99438465311306,35.580417075625355,4,0,0,247.42727619546235
184.99665317775052,35.01496427794356,2,0,0,156.67097581681375
486.03213094687555,106.51143910510541,3,0,0,373.96964903966244
481.41141099634507,92.38674197256857,0,2,0,367.6342997086473
129.63223643355525,127.60922555316186,0,2,0,141.79938426135496
251.1380104167308,92.4966770405364,1,0,0,203.02108244233554
153.93476335930097,54.37322192328623,4,0,0,134.99998471865098
145.99604471684646,90.86059592287819,5,2,0,178.7547655295044
23.259038940493735,129.92967873423228,3,1,0,48.24457184523513
306.73434532004893,92.31844473312864,2,2,0,280.5409052345069
253.82611649828644,99.01857627744137,4,2,0,231.4376852507579
30.48198186874473,121.98745197473372,1,0,0,26.67036692951659
142.92999979712266,14.774663970518835,4,1,0,146.96634528522097
454.5916135534936,91.6219581482045,2,0,0,342.6100026792247
123.58313588015135,110.60477453576837,4,1,0,124.64988113493693
76.72296168515543,124.0692180287161,3,0,0,88.28818437565793
247.2791163373937,27.426007662520917,1,2,0,219.8512694282516
492.89697478474733,65.51077100415175,2,2,0,399.35057796908785
124.8173593981927,88.47213019378263,1,0,0,101.57975855460184
337.7070959659099,32.17080483517387,5,0,0,273.83342160801544
382.0017095877152,78.06147222253563,3,0,0,291.7006196899714
122.63058427623784,33.48524172473992,2,2,0,129.87713740927168
365.4670925628705,43.349412669114145,5,1,0,329.3773981597492
187.05265069603035,57.39743054641246,5,2,0,199.77644931171665
317.99138614382184,68.79471283705371,5,0,0,267.0277079204422
318.5972068266429,58.41756331126958,2,0,0,256.4706606401096
270.20846861700545,64.1154175724308,1,0,0,185.85001083739394
49.69343617693211,38.81653831747804,4,0,0,69.37829071448968
418.4747353166728,20.665462222941976,4,0,0,324.4023951249955
163.78613216100925,6.155497052489126,5,2,0,203.76632482888186
97.32666264792785,25.477233923916803,0,0,0,60.5182736084932
25.183695069608138,75.65267339575179,0,2,0,47.00643326193996
297.4920068781797,102.19500821440721,2,0,0,223.9451842885011
340.3943591119298,22.002187667576287,1,0,0,243.0367416286465
13.210975319288796,14.112196510444301,2,0,0,19.591895763856748
258.4860638581441,97.40774687140254,1,0,0,207.91661486412238
117.11540872297928,39.67058296984766,3,2,0,141.41308459144983
324.3605312526777,123.69492709955583,0,0,0,221.89820610040994
91.31138235747076,92.8613361793485,2,0,0,75.34494267252727
347.0141803607207,42.47828614159401,3,1,0,279.19521017113095
196.43399641876601,37.64055721318164,4,2,0,206.49559985229735
468.6813444246836,68.08079021527017,0,0,0,325.6385164283852
73.07286735226666,10.288806876167225,1,0,0,44.12856232053358
173.82784376987797,15.297946643888869,5,0,0,158.24714503192084
61.16939301409159,22.861524571105026,4,0,0,71.2800407404138
462.7233410478886,100.71406712959282,4,0,0,349.61306874978976
439.28297992358563,66.80145670498592,3,2,0,379.2001213700646
132.681105719002,1.373725960677582,2,0,1,131.22845220341802
331.6921027869186,87.55714857137417,5,0,0,271.348967251352
409.52498909960184,55.07972322586462,2,0,0,300.23006126106594
279.8244017417339,66.41080744529373,3,2,0,270.72036472312055
267.1770362862232,27.83511164368162,4,0,0,207.0052994578817
124.71688399572358,71.73168969123347,0,0,0,83.56608295094752
51.08587006392011,127.28992116769352,4,0,0,60.78930140102094
449.12180018689673,9.547809830748989,3,0,0,341.31779859358625
450.7069382958486,36.909261956375985,4,0,0,352.8940375645575
318.3852213502676,31.58968707190787,5,0,0,248.7133376176949
172.81974656910683,32.31141039765335,4,0,0,144.6289191210103
177.85873943326715,49.23182648349905,4,0,0,158.37614501999667
364.34806104076847,106.35427201674177,4,0,0,280.00054716034765
449.0695786765257,118.67162969537036,0,2,0,349.3743060505218
444.10778001123305,26.287961369666533,1,0,0,322.241647033341
391.0383951995238,70.58349193325466,1,2,0,310.40777316757203
322.80566484637245,82.79686638151244,2,0,0,244.7613241489125
46.64928267254917,67.83757166729984,1,1,0,54.64194394653951
85.00621347683382,56.42993124559954,1,0,0,67.54986699208987
449.7843233209042,24.95681576170092,1,0,0,337.5232707977181
305.182384531497,63.46851669590101,4,1,0,259.7516622778597
9.552540550231676,52.15792760247275,4,1,0,44.17467421040828
55.22841371868589,103.42323712529506,5,2,0,108.09193958397152
333.43337570848763,99.26856669118938,0,1,0,260.15720895067784
7.50548400387825,17.419828556737194,4,0,0,28.14487477480131
84.59998545166184,11.507476833198785,4,0,0,86.06808378796518
276.62322573646014,118.06001261957539,1,0,0,198.77510320264554
347.4881228578832,69.6160905653847,0,0,0,248.86596428992777
327.72082345378726,111.51412184673678,0,1,0,260.62875261799707
116.0133081829771,7.559645673632149,1,0,0,91.31180134186938
357.52871456703025,68.44703014781193,1,2,0,292.6745437486882
122.43829831091604,70.12544689491072,0,0,0,88.1250782558841
166.07285058883753,111.89126423047949,3,0,0,127.0121670572287
374.5132455334219,12.689299769861975,1,0,0,269.8722312961968
326.56828502837124,31.25792327786821,1,0,0,253.0555480339169
425.36558819461806,52.8499808053117,0,1,0,315.21597223670005
330.51838168867,112.55939180459248,3,2,0,301.98579884334714
286.31275865105846,122.05483095917371,5,0,0,247.22324139951624
51.36901007490577,129.05420054717163,3,1,0,60.4812810671006
187.0193225144196,124.6951532396078,2,0,0,163.6215335657206
136.2751720024541,0.7724282597660737,3,2,1,155.80980215441542
125.77487347264638,6.202084389003365,1,0,0,98.9747401248056
486.64022460246053,19.188886490486528,4,0,0,353.7738962312929
199.5833737100464,45.352072580135506,0,0,0,125.46261292943622
446.5630448126711,107.88934402830463,5,0,0,359.6410591665151
317.4136198686451,116.04530539361247,1,0,0,225.03467789563067
398.431595253116,24.288472818295794,5,0,0,328.44980214299557
253.80536108707008,80.55633971056213,0,0,0,159.58741846420193
290.56742289004774,119.25705805848595,5,0,0,240.30984235299766
248.79625844033762,60.285125671071704,3,1,0,195.27740618560588
101.64527896003203,13.460664353861915,0,1,0,77.79291682016776
362.6137970544451,59.51577451100124,1,2,0,313.0978178115838
143.98231940822362,48.85333729744744,4,0,0,146.56079832756507
17.03640338356965,75.09553948858091,1,0,0,23.842056743296936
324.50878647404807,57.02562897292347,2,0,0,229.11344922535608
92.66978630648923,2.2549704909833324,0,0,0,54.553802832612305
470.52699925469256,129.21970534377724,1,0,0,340.77720001545305
477.19464561628075,70.66023090497421,3,0,0,351.19009911778295
457.857873159122,61.57199821299924,3,0,0,350.71554566256316
188.22855662644497,124.10025829552703,5,0,0,183.95054258234663
12.651025181789377,20.261847786320025,1,0,0,7.286106376223821
464.51768848092405,24.60088833088227,5,2,0,391.8392848898839
216.9511534170706,105.04191737816186,2,2,0,192.91807403044643
483.4941354266164,33.90804040325114,0,0,0,339.00164761614155
481.9918886591802,103.8995238178985,2,0,0,355.09961578408763
427.23968045634325,35.29935277810533,4,2,0,366.575184257197
150.7522015744449,4.314391929250193,5,2,0,186.49248634410685
195.623375657953,67.21191410527308,1,2,0,184.8238332176029
426.3126524008442,25.56923643649198,5,0,0,336.3981508000727
161.87639255235743,98.52001808122124,2,0,0,129.033927536849
88.89890960961579,83.35595232017926,4,0,0,92.32178053743456
280.6166249168833,120.06834683712931,2,2,0,247.96208726562176
468.3966132095866,101.78848644454567,4,2,0,389.3388714540701
349.5347493541116,23.500874129294488,3,0,0,257.5027755590067
287.18027919423565,104.02057076642353,3,0,0,225.59598553296763
53.10236441653043,83.42581582582302,1,0,0,40.1903199421571
309.428577216089,86.96371342888125,2,1,0,246.54610742749537
495.07665580161034,108.19417517611933,3,1,0,380.7137188070704
74.3415875420794,74.59712899456223,5,0,0,88.61064478158413
261.57317792004966,60.580456865891676,0,0,0,193.50015366009745
439.29967060433796,82.76333459663464,5,0,0,333.45238009207566
371.6804657883312,38.73446576458668,3,1,0,308.88592406243026
350.02279179265764,23.73762704132291,3,1,0,258.010096072944
352.7296215736191,80.15641894926203,2,0,0,276.44277648607033
182.94811985377882,30.400287981112097,4,0,0,159.7473822849363
150.3279629109242,10.388964215058875,0,0,0,101.39746402157135
405.6337719618642,0.07204399608300882,0,0,1,291.08499406601925
406.0061303661945,79.08152218200873,4,0,0,309.99715595014857
434.2007976971513,47.07934185243079,2,0,0,319.42158720674587
457.0540735154533,97.80042618754928,3,1,0,354.98066731643416
258.1144874361642,48.77293178070332,4,1,0,233.00883821717497
253.2505658701638,63.18044827096947,0,0,0,179.4258331130506
400.1561135885537,52.921046466000035,0,0,0,285.34002522728775
326.73214573499376,84.574722844215,3,0,0,255.38547994377495
352.47360424256317,46.29809106194587,3,1,0,276.4570581063149
398.91737137087,125.28979449250016,1,1,0,296.05887039949806
445.5526441996953,121.69910825780892,5,0,0,349.5451767931667
172.30760264151021,110.24362734544657,4,0,0,156.0669874650523
190.9135615567723,119.63903517445725,3,0,0,148.14615528676543
51.52106022123016,58.38815949972083,1,0,0,39.008613204659355
291.2486697931061,69.73595158263397,2,0,0,223.19434936794858
22.791425529387332,96.47203703257178,0,0,0,6.399713526411392
235.47101897556777,90.49897024201034,4,0,0,196.03768860975492
273.60909418025045,115.7882174287112,5,0,0,224.22473311393722
146.83791980350077,93.12303354337038,2,2,0,158.59787240127108
297.46246398166033,129.72501206969986,4,0,0,251.13791083216552
20.097623719829468,45.305753978106836,4,2,0,74.08491319125423
23.487353430861138,108.28970649112433,3,0,0,44.9986158758391
412.18727752653086,90.69252696824634,1,0,0,299.96115398082543
183.29436749857513,89.88023787795241,4,0,0,154.7298744492171
67.89495376268297,42.35862732984986,5,0,0,83.98553528344075
263.51041372712814,102.12823301499293,2,0,0,212.0889624283235
386.1468087838124,117.0488829051879,5,0,0,307.0278394402112
111.83140861093737,28.411299997673183,4,0,0,119.52178553069183
313.33078553040514,81.31458882517154,5,2,0,292.0949736471326
47.24699517191516,50.97752778336078,5,0,0,56.638975911302374
30.58245197846081,128.641255508334,1,0,0,27.466949761937347
268.02054262623324,62.2482660581186,0,2,0,211.77822009927547
272.6143851970027,29.68162259360255,4,1,0,227.3742748179273
320.5278012416122,49.64149127883823,2,0,0,237.44985291446278
364.41521019271744,84.99899067616141,0,0,0,273.5859669395595
488.04677933395465,9.891618275444916,5,0,0,394.9879177098714
260.5686724090917,78.46824962876089,0,0,0,184.6994076305638
164.86345410591676,121.05921869325674,3,0,0,148.87641078153035
398.61716641050833,110.54716239552056,3,0,0,299.3971409383632
139.06196437472673,8.797559765537837,4,1,0,123.11619105013582
222.29085324928988,129.14068423607887,2,0,0,176.06162950363864
43.835908764421646,90.83450008150429,3,0,0,55.79543897215808
17.54861799065147,21.09650716082308,5,0,0,39.94949373612361
481.5109652655729,1.6140915920250543,1,0,1,357.0503696418159
418.81015965354186,22.266742717979675,1,0,0,311.28680180694266
349.5072320163805,108.962869689146,5,0,0,267.55921727892087
207.43170748506358,2.813112242871286,0,0,0,151.44601143564785
90.78068843506865,30.30914947035125,5,2,0,133.25020377984154
82.4363361221876,98.4497273935338,0,0,0,63.22642737035035
128.87023459147468,76.19436966675757,0,0,0,99.86197596312788
276.8671990295296,101.75564234682494,1,2,0,230.7667555711165
358.7249817365309,96.99956549748244,3,2,0,300.5560818307665
331.797701475277,6.578180325834615,5,0,0,283.40672000951326
143.5672789882417,116.0264844822397,3,2,0,158.42693115137098
477.6583139282811,29.51413845669493,4,0,0,368.92030506208914
370.2589737644054,71.94101722986929,2,0,0,283.95621192947044
279.4052559931433,83.75746034861125,1,0,0,195.77564728803938
307.80176938600437,21.9216674150624,0,0,0,225.38949407688125
212.70203090175602,126.91006337112668,2,0,0,170.30398890270374
127.62683980307294,63.46027429135017,0,0,0,103.31973976498175
181.20647593237447,7.493550427661146,2,2,0,191.3837004131501
380.1338246798627,121.84406582111924,2,0,0,283.3006873988887
12.124776871729155,76.21481961512485,3,0,0,36.936171616711675
62.45595705092354,90.89511573757892,4,0,0,73.28751876003857
27.77130780076761,68.27285269144913,4,2,0,85.71047349504948
25.160757147890216,108.51593412100578,0,1,0,16.600801861974407
428.45298908544856,4.307350085117417,1,0,0,307.61694756386237
353.3106403931117,34.88918748602921,4,1,0,271.04285934888594
239.71604539822596,61.05428633234999,1,1,0,184.17400199734612
53.427909522245734,9.958470120782305,0,2,0,85.59420333845519
248.349858182832,91.76786701246557,1,0,0,189.50714551233236
239.36852653638002,51.1762438272333,2,0,0,184.3762519721224
90.73492560545752,35.44683873485872,2,0,0,76.6297790678729
219.75656637279664,0.4392500850935954,0,2,1,204.2594025504262
202.25984352669985,93.57794052749398,1,2,0,177.7050632148533
309.84579853584717,108.39521015347202,1,1,0,242.28270158258832
319.37135717948365,51.3552696385948,0,0,0,211.62329981227643
27.425484837162035,73.34833701433752,4,0,0,34.13708410039823
190.43324424010325,29.599261370847795,3,0,0,164.16268683888592
314.800658278547,80.8856940164173,4,0,0,252.88290728851976
254.05244799714342,1.5778695809760679,5,0,1,233.73456745191845
428.9624713882195,63.523706622838596,3,0,0,326.2605838832461
331.0533476513778,83.74671263929,1,2,0,294.97548740440845
85.6525414053077,119.36493051986542,3,0,0,82.56496685765
39.931529963212775,49.573656225896954,3,2,0,88.426577176158
322.99754271212623,99.47472638753388,1,1,0,262.72078776120424
18.123098718102796,77.6993138926551,2,0,0,26.620454831900755
294.9589127303643,120.51157468026048,3,0,0,245.3431528287023
470.41396950535403,51.78909783572598,0,2,0,349.0938107354638
289.85971804856007,41.48239418348844,4,1,0,231.949938328836
197.14411347222836,115.32845983023869,1,0,0,140.34880342346952
323.4276681289648,6.401772183077585,1,0,0,240.75780946763865
231.83518079330074,17.730101081377985,3,0,0,201.21427671950028
275.08031071138777,10.712576495925779,2,0,0,203.2569640644688
471.02508034437994,109.60429435493235,2,0,0,355.69256377342464
196.12080571138324,1.3789650381415208,4,1,1,214.3732414661893
480.78932909283753,112.01543021461626,4,0,0,382.2635489507897
453.14856776825155,58.664813398264684,2,0,0,330.6347166538355
101.91661172070174,0.5232862510161973,5,2,1,169.75820325142084
39.3338439332069,52.21387303756544,2,0,0,45.21972642517372
54.88511068182619,24.284109335854627,2,2,0,83.20737117216153
14.019803697517116,81.1720633713812,3,0,0,35.34197005635499
51.749265574184555,88.31664268981405,0,0,0,32.264604226091144
343.08835284109665,63.37858415264998,4,0,0,272.09919661272875
40.23838098781335,5.267538307157096,5,0,0,51.99798365196092
162.89293699541184,85.29674456773624,5,2,0,171.11687076167166
423.21327892988,109.46504186871776,1,2,0,339.35995309181203
16.519608189233804,93.64215605243218,2,1,0,37.924173956028135
408.1618988815232,107.89452946419141,2,0,0,292.36350842929494
144.51811351283297,26.066238061615373,0,1,0,115.74944329853841
63.49158967271985,115.55543215534274,2,0,0,59.60233832293044
349.88489685525457,41.88514858423516,4,0,0,281.6298394444175
316.32670915604257,1.7426258527588334,5,0,1,285.80018875543703
439.3486466958912,109.64091402277919,2,0,0,336.6206462778506
368.8601666829235,122.43676496541447,0,0,0,265.80133091225196
402.72306054050006,85.22256566425534,3,0,0,303.2177224894876
144.60711342279671,30.086761960245205,4,0,0,132.57537426174568
92.8325741709628,32.72678035672895,3,0,0,108.09150426593078
376.55430206222485,60.657073546630535,1,0,0,281.87221915629556
404.3831959372957,116.71804034818453,0,1,0,295.09078642004386
495.3000452903333,19.447695299182588,1,0,0,355.46875712704707
209.2457500711561,107.37657704585331,1,0,0,149.5187281034403
189.14895246742768,37.86936513166955,5,1,0,167.8321206507535
389.32441556728844,105.11620202578273,1,0,0,297.39025484718667
173.69775242524383,119.63525568820002,1,0,0,134.11666961466048
465.7248761737645,55.574203359261624,0,2,0,353.327284068113
429.91431216229086,47.45658503371901,3,0,0,323.9408789158607
217.35204355063408,104.28877146626922,2,2,0,215.25936812734147
376.6811785567912,68.83277470932121,1,0,0,269.07013521018513
378.4987226719178,88.97837630021563,5,0,0,295.84518894342204
56.046315073786644,80.96780080495334,2,0,0,57.17302387102238
451.7636888063855,19.87554993382352,5,0,0,360.81536907668755
255.0999243616893,109.82274683764302,2,0,0,190.45938874522304
414.0964457233321,25.450764483707704,1,0,0,294.1075261830875
163.4245525101528,121.19667872920151,4,0,0,148.30379170825154
448.2839981056192,32.57426788487922,2,1,0,329.7121554308485
197.65483097341075,95.40452652558645,4,1,0,172.47723949048054
10.364637482747689,37.00520115416696,3,2,0,63.83298146083823
453.1640783275355,41.312103116292306,2,0,0,340.9318143544268
50.18690500913611,40.30024086169969,0,0,0,31.576992825508558
163.06025060725537,97.22599302339083,5,0,0,156.1709355147311
475.28067369014843,72.3859653360211,3,0,0,367.5865553081128
475.55053773409026,114.78381926017462,3,2,0,388.7247901221069
288.8517546210266,39.958453496525834,4,0,0,261.70171218544755
317.75942002405066,89.95902786737676,1,2,0,280.27697725158947
226.98053337926828,97.8833179562044,5,1,0,207.67363268523374
150.13933199054193,19.692674693894563,0,1,0,113.34462623551954
167.6889499581084,52.07661645157545,0,0,0,113.37079158878609
337.89663575813404,62.76627426555344,4,1,0,291.26670241015614
377.42539207165163,46.23936068626866,4,2,0,333.1124211722256
396.831626644295,41.87463747598795,3,1,0,297.7670686594095
395.86098068330415,89.23458621969345,4,0,0,292.82218489134
50.147021009101735,28.062631695733515,1,0,0,43.60987211714056
249.73805082777784,92.22079688264674,3,0,0,199.09569126560265
33.49158620823892,121.55574553079497,3,2,0,72.98838276274994
277.0167967502491,73.47567775310765,3,2,0,239.51133690663252
223.5575981798216,79.48645077613163,0,0,0,140.13756335657516
444.41357046535836,8.96125127613158,5,1,0,351.8697261584669
178.70293121327896,112.38199747031767,5,2,0,194.8785130678243
62.9481731316649,37.108212335982515,0,0,0,50.659945682395026
75.78088261615375,79.95665151871343,3,0,0,73.91938209849786
381.94776270014876,127.2845820668243,1,0,0,286.3860704920033
311.0179413415492,77.41533807446501,2,1,0,248.38771970518977
55.05572468078117,94.21223337036909,3,0,0,65.08193502814089
46.63286902692373,57.891550369087746,4,1,0,79.53055711182239
351.9797200722644,7.847559656957457,5,0,0,271.9760219117213
41.017688150275795,103.6879154336725,2,0,0,38.527467566483665
411.82072934872633,4.549849364318137,0,0,0,312.3097161687652
354.58990244246564,91.08551775542104,0,0,0,233.14271084048158
45.26764641774038,2.9798045094528023,2,0,0,43.67349992287538
46.99466847217,112.09968075496718,5,0,0,73.45804511854948
493.38659135808183,20.492684658287477,5,0,0,367.38045523502944
190.26404389927956,66.85529440753164,4,0,0,156.32990800252136
188.467862798111,77.62959158280916,0,0,0,151.00010535559076
407.33578579246375,59.480902958543574,0,0,0,289.0651073013347
473.88804580501005,44.29925361535534,3,0,0,350.9391371883735
493.0705265923211,60.81585850352632,1,0,0,357.1440149381783
377.9222017031761,40.48404800455064,4,1,0,299.38138502569086
191.2484948378033,56.95590512051221,3,0,0,172.0116317947674
46.33285476584104,46.65868882974399,1,0,0,30.98630142201841
389.6877233840812,73.60662705592888,0,2,0,306.36855756246155
281.4101036192235,30.93014109184785,1,1,0,201.41243051972626
214.98989457725327,128.52535213882163,0,0,0,149.09856607028806
453.6454206218943,65.11309393968152,5,0,0,354.6492048224383
60.042753741544914,25.24107006388625,3,1,0,83.74388626320523
248.8494266239753,62.01867744374542,0,1,0,175.50783826451317
10.620054159872439,112.63396683822715,1,0,0,19.04916539045072
236.9870177870925,2.8348831061714277,3,0,0,189.66549789592642
32.87012146250949,88.34203548394754,1,0,0,13.369894829833704
63.8148685526956,71.23581358321064,1,0,0,45.718083270938514
63.17549215466692,22.04253926811762,2,2,0,88.10890796772186
326.3590995474515,106.27193710963968,0,0,0,245.51848378600414
374.29221523638455,47.95500090862073,0,0,0,269.1178114594842
293.767538723094,38.19426374601596,1,2,0,251.86735481346912
481.27541149489826,107.65627494139713,5,0,0,337.06530102213964
190.5609368642335,83.0082560049164,0,0,0,117.33917784309094
146.42748270952106,116.77368087772717,4,0,0,138.7106683176997
434.95656845378284,81.88488147725592,5,0,0,350.0665511008331
115.67994006712905,96.30629553117498,5,1,0,119.97619444551455
481.7951570231026,108.73796651374967,5,0,0,376.3398029722032
11.01646497145909,7.116152668291798,0,0,0,7.387199575307347
485.0900192202813,100.88636465301944,5,0,0,379.94149745062447
26.364156415535177,79.78184264044498,5,1,0,60.26195196757392
446.11584128054517,9.03601354697512,3,0,0,343.843615457545
266.21204899771845,66.11512984293296,0,0,0,197.86937490597316
496.51757407905365,10.719550137914005,5,1,0,386.8464460476392
41.529299544022436,95.6731362240189,4,2,0,83.3654459925146
279.1578707786538,71.0452228067248,5,1,0,234.88758658549295
484.804755131454,123.96455986359865,1,0,0,349.8535834392783
263.9334328642237,23.807598304330078,0,0,0,189.50663377526632
316.55232587695497,78.7843488276492,3,0,0,252.14475066408684
349.3956010473855,27.505677494163876,4,2,0,320.1749859497716
229.99782706004774,79.82844801456179,2,2,0,216.013444816045
315.6412496416114,93.94446130691134,1,2,0,268.0719144176697
294.2355844019346,93.89956281284002,1,1,0,238.73576620137894
451.0732151930396,105.95961878873929,1,0,0,325.6496228358931
27.495958269021646,110.96152963458117,4,1,0,62.519333187973544
144.07677884815402,10.045324414733015,0,1,0,113.58354747706882
475.45368461789656,44.62473041941253,0,2,0,370.05568792487264
445.6805730260036,89.32592764677474,5,2,0,385.09876165438004
230.5500926289279,64.81621736085758,5,0,0,210.63885275902612
311.96563591176067,24.787873078122892,0,0,0,219.3989643573537
142.30368557566067,71.85224412167074,5,0,0,133.2756379902998
98.11997406326185,52.96663485959869,0,0,0,62.62765657500863
234.53071044529116,50.70497609505966,1,0,0,176.5539085497832
179.90935287289614,105.26798326663629,2,2,0,172.78559503732478
293.9097753661817,52.98778339818356,1,2,0,253.6518741875384
43.4786452976675,3.439085712455141,5,1,0,77.29032210553484
487.32542979475244,7.548234055841866,2,0,0,354.5479288634009
493.17431851740344,111.31172541991063,2,0,0,349.96279031712123
350.59004843977385,124.87810530162777,0,0,0,238.21230951434256
270.3677013403396,89.49321373924198,3,0,0,204.6009454853422
158.21617006173224,47.36787823301043,4,0,0,131.44573274334567
407.8285347549396,122.01804105331458,3,2,0,349.5763761246418
343.94193041417026,86.16440122884566,2,0,0,276.34511723594966
85.4953849757212,109.7633613959139,3,0,0,77.35077283562747
455.90895632445205,99.56079952481122,5,0,0,354.35961470197685
412.1559352469686,49.28811105043701,2,2,0,336.0723584234239
475.1509570795024,62.23128611060212,1,1,0,359.3197664311977
364.2311566522382,24.197180067852933,5,2,0,332.9415576157085
308.640521988216,37.96183305729543,1,1,0,233.91425107463533
212.03030296385634,101.15633596724783,5,0,0,174.7504459430049
466.7005992602366,116.21719094480407,0,2,0,356.7258560626437
433.70162530270215,94.17985502268354,5,0,0,343.719965923107
27.38324170256376,60.47258056536298,4,0,0,50.13893269797807
18.051652376139742,11.246204962167178,1,0,0,19.797359226054127
191.34936660463455,7.403233330798268,5,1,0,186.05448527802596
406.2238987370073,48.662323399670996,4,2,0,340.54308513463883
493.7016840108975,60.2968234397962,0,0,0,351.2276152550732
79.45636109624645,79.1856808877286,5,0,0,94.31872002563264
299.0947040993069,0.8436377803096373,4,2,1,285.304220513833
193.54097403235565,128.66397576061982,5,0,0,167.17306064606427
485.10762691822856,47.312054842525576,1,1,0,364.86707839995483
421.8488669521758,110.25230629414578,1,0,0,294.72834595642047
419.9727088320132,69.54567173650257,3,0,0,340.22526351070684
237.00311409851028,16.957129089335044,3,0,0,193.89817024226835
210.33565365714426,103.68352182948784,5,0,0,183.95619481509286
140.3365006056996,92.2775197395839,3,1,0,127.3916882417379
32.90587084220893,68.56669104079964,5,2,0,102.32148702345444
433.0375762462513,66.8919018733914,5,0,0,337.9714374482809
407.3859995193884,11.372348747620647,4,1,0,322.0337415739393
499.86024827663465,85.26036331460364,1,1,0,382.115822668325
498.33523435158315,118.46187024805897,0,0,0,347.5220168237992
279.9386942733006,12.121839498776586,2,0,0,213.2285163294666
385.6487705143527,34.25648858435764,1,0,0,272.5807528560199
472.6590362918019,117.30003654747284,3,0,0,357.5730369739554
425.57545838531865,36.96470827657313,5,0,0,341.63173582900896
127.43731036288284,85.01267738339043,3,2,0,162.7018080741731
228.0193469784963,69.52636144260875,4,0,0,181.318693151538
68.93391049999002,77.52258865050207,3,0,0,57.22836310251251
477.2552584930676,54.05255720504291,4,0,0,363.28494938459767
305.0564440531856,38.99889117198244,0,0,0,209.77993459195625
118.17818872421405,6.309348594856966,5,0,0,119.28087457598778
337.49183878089906,96.75652210824134,3,0,0,264.52742818988827
310.9734790266584,96.99215008524948,4,0,0,268.6958987600531
182.29054542625605,87.19434621023402,3,0,0,146.21231090912605
61.21100813881637,83.67239245555068,4,0,0,52.11413726295275
337.4287318184358,31.68322718177841,5,0,0,272.04319732038533
262.5523119473777,2.9048413896178573,5,0,0,224.4857927100704
387.29760390914146,105.13300159510716,1,0,0,271.8598672753208
262.4809330504367,63.8480096404575,4,0,0,216.18380070006924
426.8298426576774,39.888956991340386,2,0,0,316.92898745881763
278.19388519337036,13.25114788147411,0,0,0,198.71081995013407
282.6642959100162,8.153806817180492,1,0,0,213.84963587659195
438.9435333158808,45.352673833373046,0,0,0,309.0982725462976
204.72401877513653,104.61581841970226,1,1,0,165.6389109851224
71.33753808306716,119.43408741339796,3,0,0,55.76525891003338
19.247424775102793,116.57767739969842,4,0,0,33.72500386217386
378.7929415584414,119.60010851745514,3,0,0,285.90944388644766
312.053227919965,118.00429460681455,0,2,0,247.22670450688761
353.51948520911566,68.53921770805145,5,2,0,321.60253004896833
110.41725994691082,28.524033012397496,0,0,0,74.8479055784463
72.50388041545104,103.74605576878665,1,0,0,54.283003798813446
12.199609505601554,27.78268673083527,0,0,0,16.565732234814337
178.5408416092655,34.73694597835398,4,0,0,155.58322549307786
297.0092549930434,30.3230618369313,0,0,0,199.9002026358773
199.1608023243675,66.94771248045475,3,0,0,156.75419429626692
221.5500864017459,41.837576061980386,5,0,0,199.16728003603865
452.5585537744055,20.04028645129439,4,0,0,350.0504809879041
177.38645617653367,58.91254354620471,0,0,0,135.9774305479487
259.42479713410637,113.6079410420717,2,2,0,241.14248240925954
392.9082413068658,74.17187114349639,2,0,0,288.2453915035848
201.28867724902872,114.18362876538632,5,1,0,200.0057011571349
312.9329166127974,25.46338406028786,3,0,0,256.1541614091797
431.8700358296389,21.70660357743202,1,0,0,295.98066104035513
475.0127087105328,74.82502634079464,1,2,0,378.78911588238
77.80137305987378,60.232757201015495,5,0,0,85.9700608632737
463.66087445493974,85.8224434141044,0,0,0,324.9457468304584
248.5975650743714,103.3014828334816,4,0,0,196.9352769245006
132.8309722079844,97.66994843478294,5,0,0,121.29025126514776
232.27219933793936,122.49395257561294,1,0,0,179.26740574727685
490.11612476631115,51.7733331904115,2,0,0,349.851769328354
248.84595652647045,26.8302764922635,1,0,0,183.69616041346285
167.73204709231658,71.61864319322515,2,0,0,120.65685825781821
318.53342288677925,14.396605624854127,1,0,0,243.47177434514248
123.87208129520558,37.55064603311209,3,0,0,109.30942090083147
42.55234741378864,27.02544718420878,5,1,0,81.74458077773333
68.79546234577137,51.55328318362052,4,0,0,79.11745486310946
68.38269028409735,14.458154750288,5,0,0,81.99093690301277
80.1918332885857,4.1394267912527205,0,2,0,93.22133807664878
73.71945046145802,85.38322060190413,2,0,0,80.00325992494243
322.23299867759124,79.33236717767463,1,0,0,226.58174735373984
95.03064177757669,92.08666168502596,0,0,0,44.136312537400684
176.10530524531228,85.85023723527472,2,0,0,131.62784480138126
448.9102629034759,14.858308548509855,5,0,0,341.9960454647051
239.6110119301218,37.84025457883402,2,0,0,192.24931507234106
335.44108056790844,16.838459287045808,3,0,0,256.8003755619838
90.29833624480676,109.58641226631322,1,0,0,78.38706181160262
100.18306431029204,97.09747519621803,5,1,0,116.00448139943316
25.229965051907037,26.198510379371516,0,0,0,17.887471471893914
88.62285622072145,44.37020126368614,1,1,0,80.23281485339064
142.90221782081952,125.65994899434784,5,1,0,159.19237232806978
92.62018971698967,77.2407165243547,1,0,0,74.25770561713236
48.90775420974253,104.15022764915044,4,0,0,73.30564926666267
64.7147561947974,34.396834519934785,2,0,0,69.48747918855277
233.08549017619924,27.306879623309676,2,0,0,177.46131000928062
107.1351906108673,101.9092007500513,4,1,0,112.75942977998187
185.31358121879737,89.16341918008722,4,0,0,156.209362750181
254.19154907315416,88.52713079752928,1,0,0,198.17792378952657
346.74544017153585,71.84249563779521,2,0,0,250.69192903124568
24.459509221343975,73.26518456095135,0,0,0,10.758610367949924
400.7081474599761,95.640675689813,3,0,0,301.9666136551739
315.81069279799937,35.10032254575539,5,0,0,248.5918239448727
45.470720814691596,45.859900561404245,4,0,0,55.57532634522447
437.42141893285475,113.31278016760716,0,0,0,318.9926561534178
460.8318382632475,40.15247613158051,0,0,0,331.15571313702975
35.23359012815756,71.02024427930887,1,0,0,28.284107748561148
142.05443583286583,91.34313032086894,4,0,0,136.29917961870743
404.06963349756535,129.99022748831294,0,0,0,303.9627962634415
375.3885467399109,56.58787309439315,3,0,0,289.3981576756949
96.33790458140678,55.65207396124269,0,0,0,80.78646189824535
108.6279150516716,109.53648932637677,3,0,0,105.94282762294151
188.38369088173408,104.71540446378222,3,0,0,151.92679025897087
244.83887766955556,95.0398646254913,3,0,0,196.20312478828984
311.0361119074965,60.219852863173756,4,0,0,253.0914447257086
187.61225158703735,42.112085620893055,3,0,0,147.32744989780085
233.95468448590822,79.13496273603032,4,0,0,170.46124526842564
374.99811437620946,113.90902810711331,0,0,0,257.1978712584718
23.15818543084596,114.89106956711625,3,0,0,18.523685885704985
129.9562874502903,14.104784859156997,2,1,0,108.37076912513947
358.10804501285344,55.68553689570958,0,0,0,237.41514850461067
448.12738465516367,60.41385430583743,5,0,0,360.24619103443786
258.2803338472547,127.08999777808792,2,0,0,186.0721522679293
268.39617520633124,88.13974198153599,2,0,0,208.75309647563628
58.050145613189144,52.94203424406917,1,0,0,55.075991942577126
226.46912157761005,3.38752517812709,4,0,0,194.97413537093644
268.64554689523646,73.50007081289547,1,0,0,180.01712509299756
125.02289929919118,12.489876832986296,4,2,0,163.15525788746058
138.27539931994357,108.4784944552092,1,0,0,108.58920952030579
191.7556607367882,97.82742587414707,0,2,0,178.59532866149593
14.935242899974552,59.866190788063236,2,2,0,77.4114108228152
164.42918696367326,55.79740134042096,0,1,0,132.2166506200829
109.6667634632896,116.65406552393993,4,2,0,131.56795935436529
167.11118932806775,37.49958555435669,2,0,0,138.24039049333427
64.28225525052935,32.372595073880206,2,0,0,46.24315754459823
445.811003966248,122.09566626734907,4,0,0,342.9234298772239
298.8282645092541,105.20195877795274,0,0,0,206.40853927909907
341.15564797652235,106.6813270987353,2,0,0,255.30710637609297
395.63976311063243,25.375195855870317,5,1,0,310.6892473555309
251.72888846988334,18.628478886021473,0,0,0,165.1415684090742
48.02554260327473,3.383841476227537,0,0,0,29.856211278904215
270.8677382001811,30.815396159428403,0,0,0,189.19804841013666
295.48635342033515,100.64476392286221,2,0,0,219.14644670442175
373.99253972124336,31.204994439339472,3,0,0,298.64880640305057
218.6714753836913,94.7834268673339,1,0,0,165.36911468507722
68.15224988380406,32.7480744977648,4,1,0,89.47319364404906
145.46907337036862,51.388024733587315,0,0,0,99.24324071859031
184.72573671732437,127.81109768848309,2,0,0,132.26815112569273
324.7290344591426,31.825525066937626,4,0,0,257.9834078487671
287.53526081111136,48.928181548774795,3,2,0,276.8314961502516
181.2678793194339,39.141333460477775,5,0,0,165.9732138176166
493.32504815252497,14.251248222900298,3,1,0,388.84817759984054
304.8585355816591,63.686238477007244,2,2,0,276.7487783940286
122.42726190931727,49.2297862332903,0,0,0,91.45511503122665
55.38232394709985,90.33532115494641,3,0,0,62.67587088473561
80.66527389624436,106.28729110370101,3,0,0,69.65061001213837
126.74907555033153,70.75246288443302,3,0,0,109.193911408684
84.53727976348006,4.185534871353792,5,2,0,128.42531682500345
97.35067690539636,80.4599063105138,2,0,0,86.08808489141275
146.1221085034543,7.200794902722095,4,2,0,155.2184182999576
90.81992967090363,80.12632206787325,1,0,0,66.47256938918356
448.8988851900805,89.0538934049945,2,0,0,334.9059443216927
44.715704102512895,25.709791590277394,0,0,0,25.244993048909187
264.6331378372761,106.51499933383023,2,0,0,192.9593742187298
208.14642935988246,118.44106710462631,2,0,0,154.2041558135335
491.27741536976015,105.70130533479656,5,0,0,380.33237349617485
60.45925657318591,39.66419472757068,1,0,0,28.45089799706322
201.9385215276421,76.26359161793248,1,2,0,179.02940761144362
484.8878644713076,118.9259693948596,1,0,0,358.04856559072107
433.4260273175202,41.68641440897049,4,0,0,337.66269121249655
409.45067511989356,106.60361689450525,2,0,0,307.20435317105387
132.66189938724523,1.231767064020548,5,1,1,140.19447319188947
89.58935575808258,0.4740713620079151,0,0,1,77.5117544384966
335.97839386259335,98.76251584406576,1,0,0,243.31830772407326
465.04111461815495,98.98818567652575,1,2,0,375.643570689367
280.5976320418952,102.5670344207982,2,2,0,258.4666163965148
287.9482812876004,120.9034889254611,0,0,0,211.85014356286104
143.58965136184065,15.327820536636947,5,2,0,168.08902625854293
385.89900193000875,30.158048047879486,1,0,0,274.53695563898384
97.58665553597407,117.48423964859498,2,1,0,104.99284192694546
165.2212220201006,23.04070571040595,3,0,0,134.98610971478263
215.5910371151263,88.68980478495591,5,0,0,178.4385562420704
256.2671374488052,68.960190005306,4,2,0,243.8302632418351
124.99281754546472,10.815177990695942,5,0,0,136.37446225331217
61.844228245905754,37.08427605239927,2,0,0,49.910908758490194
307.2569210086081,67.64838813732582,1,0,0,220.22731962105425
147.8721238539266,110.80551516889844,5,0,0,132.60872462813555
292.7129196041931,91.98000364990759,0,0,0,215.22843338502025
81.40954406073014,80.8448109891413,3,0,0,81.65624708450356
243.16435041813466,64.48427569238393,0,2,0,215.97834602381
268.631769113035,38.828917895837456,0,0,0,203.7075951902579
30.65265072710132,15.501838471503953,0,1,0,17.028249208334895
171.61911770599067,53.17988449359242,2,0,0,128.71054426475763
71.53526508479224,3.7074042084680348,2,0,0,60.993783985187974
36.37061038402003,27.437265604690577,5,0,0,62.29291727239438
495.0303150330229,56.22283886344578,4,2,0,418.7862420229135
164.56515326248788,54.41867413734896,3,0,0,133.3405549490942
405.88785069804425,5.758406029609012,5,0,0,316.2815973233789
131.0471241080631,76.57781995828786,0,0,0,101.11378720157032
342.343847500845,71.45895326092071,5,2,0,318.56935827175636
381.31279064539484,10.15355952271867,1,0,0,279.2049058994807
299.84117660088293,122.61119681985711,5,0,0,228.34076457665137
238.4302133323284,12.919761263611814,5,2,0,251.16376848551212
208.8612525028979,111.12843966085369,0,0,0,149.08719462386065
177.68979193878266,0.040265148950772156,5,2,1,213.97027577177082
465.1169264026738,114.69654235589981,3,2,0,378.54383662681084
416.15660685492594,2.5635651865606324,0,0,0,288.0613753642701
482.68832077992374,98.51556414597508,2,0,0,347.1029408033364
66.52712562534464,47.01980546903288,2,0,0,43.38215009710192
366.7794002258039,95.96818401772158,5,2,0,323.5454098335462
469.4785261264137,52.22687670524721,5,0,0,353.0052656037199
94.71036775200177,9.218029903139426,3,1,0,96.91017152576606
37.91565234655486,99.77587040139733,4,0,0,45.20714208830852
371.8547213985792,9.262849091777447,0,0,0,269.0550924951191
289.36419102405637,119.87565667495834,3,0,0,210.87818979031366
421.7052444953447,6.626624652915979,5,0,0,344.4269947747894
74.1873264300133,62.31228611029701,5,0,0,95.89705860831849
398.65731937064567,93.99447601060344,5,0,0,307.8090451380203
104.80552342363355,51.12204042296491,5,0,0,109.13196514572812
86.00969171852373,28.24035169701651,1,0,0,60.22332302226059
86.31156997584151,98.68182498148352,5,0,0,102.13320821016312
408.21448651453414,101.95831162253444,5,0,0,340.35011365393507
334.27262424461907,119.95034791406773,1,0,0,253.78672262557484
263.91738526071407,48.9014643560401,4,0,0,208.9050717923895
182.62108964113372,65.81272548465249,2,1,0,153.34071598631425
439.2142677024886,47.206697569989366,5,0,0,359.7339616462944
199.26032817420452,33.420636840677865,5,2,0,217.37278619108363
409.21672253843064,97.63428499988912,3,0,0,319.54987753730137
222.37177974225813,44.15473985220421,0,1,0,171.8293720779991
191.58749256532926,55.65942745900577,3,0,0,157.52455420272852
234.0264939064552,52.47757549112362,5,0,0,200.56998235652588
154.18204771125033,92.64595933407696,4,0,0,126.73625150095413
375.0666431872443,119.31343139438837,3,0,0,279.4605923032982
253.8465930957772,86.67828796995904,4,0,0,199.86958559869842
119.94528409767456,61.30573749225024,4,0,0,110.30514199756298
450.2894137709114,101.29666491605485,5,0,0,354.7472830961822
195.02615457973965,83.32627213587787,4,0,0,165.49411397413448
274.05866625142437,7.879346425315753,3,1,0,225.99595043434329
453.7036949274507,12.436266234449414,1,0,0,333.43954856491433
313.9978079774261,4.929202729572333,0,0,0,217.90524043436622
62.86453015064021,59.38612240682158,4,0,0,79.81693219385797
470.2169011886702,107.36094646406544,5,0,0,378.16131456117574
315.71548627035185,40.700812015675766,2,0,0,240.99432739943296
170.77827925525764,49.94082380202262,4,0,0,144.44862395633356
73.93967596837669,118.23202408782578,3,0,0,82.31281344152238
398.04246868879653,108.79744789116513,4,0,0,314.11498736058047
311.9360141846142,86.4562546097328,2,0,0,240.15954628098444
269.06324052827915,34.68449167199267,1,2,0,246.94353675965726
447.47682861022406,15.215392749497655,3,2,0,379.8509808172527
395.3556195561427,2.087646948414783,3,0,0,314.84299446221416
80.07906546771183,13.911387438574714,5,0,0,91.18992435162725
159.30242355879636,38.03753767111256,3,0,0,130.16591114617498
128.00212420816052,71.73270826533444,2,0,0,115.09480224053371
373.2534148234751,8.320010757810296,3,0,0,276.20128405492056
21.598555194210793,17.709611181398373,1,0,0,39.441723473360334
287.09539401130166,23.540491300032336,0,0,0,214.3727386708925
382.41704944164184,82.15767208782981,0,1,0,279.729981859268
438.998990197066,80.05267386741617,4,1,0,358.4931028514412
174.3304656143742,71.59954442837989,0,2,0,165.01779921140044
411.52236581264634,32.56518521047215,2,0,0,293.2760897944954
59.76270979282758,48.24555985843516,0,2,0,70.83882177988298
423.9938844085865,12.569663123906595,2,0,0,316.2615261243472
68.10688785433129,29.439878488547134,2,0,0,63.91134247712847
201.6572088273818,116.70167944143546,4,2,0,218.91942239030413
399.66120606087907,127.3599270366577,0,2,0,320.83231007950894
79.20912653764302,84.19574613323832,4,1,0,82.29386217769132
118.47944064015753,119.18702796304463,3,0,0,100.3245975226928
362.5150213545678,83.55644705218526,1,0,0,269.78052990370236
361.4180855903068,4.315543193711084,0,0,0,238.71510830304055
322.3680782782222,129.57913604823318,3,1,0,245.45170756493388
348.5044800112145,12.863799219249538,5,0,0,278.64926874269224
273.64859945706013,88.74343418785789,3,0,0,223.10415475713293
129.64053415894162,32.868706399722704,4,0,0,118.36023246305592
176.11951678444012,50.95754467790482,4,0,0,157.2680526258838
94.8908698167057,83.97144402412196,1,2,0,110.2251250134578
454.683027860146,56.74335541000192,1,0,0,326.8850567559431
293.7789384092296,32.57098766104667,1,0,0,208.6892892154538
203.42145129800176,43.47800429418221,1,2,0,194.35004336276785
233.6928728038457,44.40125520001292,4,0,0,182.47126396667974
473.9052531078486,124.71210758606779,2,1,0,355.8184413752631
80.9089445424597,103.81969207004863,4,1,0,105.22736018985913
295.18376684831463,59.61134029232201,2,0,0,215.88679881566998
255.41489604781066,25.976719644377336,4,0,0,195.08583164882353
307.6698465401507,105.43209433414528,5,0,0,234.12726719373057
13.964540991316051,20.433721309088558,4,0,0,44.65379450626191
436.701334927355,27.360088228460445,1,0,0,322.0623063371791
466.3985498293881,47.58174093921965,2,0,0,340.52443377632346
284.7409258766584,114.4452654607587,3,0,0,211.15433953327144
349.84215781906164,17.132266922434333,5,0,0,281.6325321658095
461.6371936827614,15.89044507108839,3,0,0,358.0643986971982
355.0831239851323,64.21674847968458,5,0,0,275.22323880169745
80.50682624255937,35.93337034217771,3,0,0,87.95191771297546
290.2627382825725,73.93463241426079,1,0,0,196.8342836104756
305.32394795951365,58.71276900881905,3,0,0,226.88993385460748
214.9446822946811,56.54468382565818,4,1,0,190.5091511781178
369.5398966342378,14.556486163309128,1,0,0,276.58056454525087
467.51167231066233,18.33645973247922,3,2,0,400.8530236055926
463.1564138888543,106.7402150680905,1,0,0,343.0597478849833
228.1654888450454,115.16475588432677,4,0,0,203.8283763551082
61.05283269117385,30.508859275082532,1,1,0,60.93466158513621
492.4963934863556,14.749865198219977,3,0,0,363.650221646306
420.25455279073736,6.944167351486379,1,0,0,314.50704988028343
66.70802719561709,79.07868978644659,5,0,0,95.35955537418405
460.8167318955993,92.99591762502672,0,0,0,333.6598065229472
435.5986992207535,48.465298596416716,3,0,0,334.5944808980282
261.8248382774057,88.35786277378314,4,0,0,226.145277813305
297.68134069373997,92.68464602273839,2,0,0,227.60574559171914
202.50633841571448,121.5944965815977,1,2,0,185.96086970410386
32.107011216905505,8.433572918563941,5,1,0,74.1934658176874
170.92263461472095,24.997924020040372,1,0,0,132.14948853535833
402.4124570560157,8.908378387608458,3,2,0,349.62347213455314
7.292851387278415,112.83921133369437,5,0,0,39.96046811994386
170.08208998711638,103.03633080436391,3,0,0,149.84119870074272
202.09350332751694,74.70346918083908,0,1,0,159.3727858322395
271.0108234542718,10.87624330665381,4,0,0,222.02190121652973
460.32853012431644,35.53060662498355,5,0,0,354.18507417069424
176.44126721115083,38.7035802476072,5,0,0,171.71239572224852
176.7418349386327,72.89661548200422,1,0,0,121.07202516054724
370.06311781432544,33.54570622477301,1,0,0,259.80167238446745
228.84788074045454,9.484782308684128,2,1,0,186.45188615132028
116.17938735529107,94.99909924092891,5,0,0,95.43788380326616
228.95756048568325,38.88042751520347,1,0,0,182.70373552686732
74.72422508800094,58.808643013029084,1,0,0,60.07874198189901
92.31155832058053,16.596662547699694,0,1,0,88.0164491746372
251.69204750604248,104.33127944129535,2,0,0,208.30127710618524
212.3680975047512,73.51914400012748,1,0,0,155.71341028372464
457.8487210287095,117.20613140728217,1,1,0,351.52609197820817
184.38498006273338,64.41130319849334,4,0,0,149.41310072898193
292.39123338763153,122.38533733632437,5,0,0,246.29348590295757
317.97082252016753,115.94286656957237,1,0,0,227.38948551953132
11.48175601122515,74.9397813397004,0,0,0,14.373142065272635
333.45099914827176,121.40614695948224,1,0,0,250.52033743304435
93.12780360052696,42.001537148291796,5,0,0,100.29810201855493
480.7298071473803,47.53348115154748,1,0,0,351.442079450229
78.58805023779091,5.912133669784802,3,2,0,121.57627454094106
210.23894124487674,76.59611787930089,1,0,0,157.2943397433419
47.24808569892871,93.85011609076133,2,0,0,70.6029527720487
498.4527546637439,100.55749473147341,5,1,0,395.6147556750957
253.58653011396507,19.47611718599343,5,0,0,229.90496305546716
299.71558357342167,57.74067940062504,3,0,0,243.47246274593448
38.2028563072716,22.992217572209032,2,0,0,24.627663094147508
376.230432847593,86.07655535105235,2,0,0,293.4111838578981
108.90326858231495,20.533028414829857,5,0,0,122.53840040667811
449.53687327315333,117.54127891428975,0,0,0,318.3474591088324
106.54412203859354,29.982503935983733,1,1,0,94.7274769613217
99.39042172851495,37.88229461747183,2,0,0,88.99306310502507
23.092085584806966,110.61782187962996,1,0,0,35.87807349755689
238.67313782944962,59.600789318944095,1,0,0,171.9574673071799
284.59636096499514,3.1194729540094936,0,1,0,224.165570705584
37.52577651703442,64.29621265634395,0,0,0,16.732254795232993
388.8861702640302,10.990633599415995,2,1,0,282.0666836787562
229.37797320027366,128.09481342935038,2,0,0,181.655235831384
264.57318331715214,76.4545041592283,5,0,0,234.088776886533
223.17755973442294,33.3492402894272,3,0,0,177.52085056225613
203.37771513328636,73.2832983411903,1,0,0,130.38277234234175
282.02196399756787,9.99272343962813,5,0,0,221.65586474202166
81.8439217357027,103.98586955494622,1,0,0,68.89873459311684
95.0544245951592,120.29264700234128,0,2,0,103.00674632105562
431.5838824016911,113.67777046680074,0,1,0,325.2059704600409
473.3271537561482,44.428488298813164,5,0,0,370.76960457127603
189.7881115584777,42.3498555536379,2,1,0,150.70278411669213
139.01861320605911,4.561389458119,3,0,0,122.51251590954467
323.7797739033128,84.68204663111918,3,0,0,259.2909371709793
207.3234146935577,69.53762194467333,0,0,0,158.50704965856477
17.566246051870706,59.71502827255438,0,0,0,11.40061887110604
82.29553569626422,117.99202393351192,3,0,0,80.29778413452914
359.4062532794618,21.82425714077002,3,0,0,282.31197911154413
331.1673512455249,1.2566146697237035,2,2,1,295.42771410681587
18.412516289224328,9.531138775699507,3,0,0,41.22803099832027
114.87622015680998,29.038286917557958,1,1,0,95.20073044930301
119.38202431109534,4.327121404249404,3,0,0,105.18948288066053
337.58690808137055,65.36968238360761,4,0,0,267.1207286459393
14.756716188410257,40.83175918036515,3,2,0,69.18281458200306
56.533748082364056,23.462791048857248,0,0,0,57.13023003787067
400.9584622597287,97.51092974332607,0,2,0,314.8086676912566
93.37960771689514,26.578672410228904,4,0,0,90.9575715301812
328.109323386678,89.38866312919312,1,2,0,287.8272195254564
122.90047661812963,45.40443776019306,3,0,0,112.35549522045027
54.223489415875854,66.53760888613209,3,0,0,66.78340568415251
125.37023454472977,121.40271518067158,4,0,0,108.02438154498653
362.5221312685513,4.855712526055668,2,1,0,281.51588262242285
428.56975171261143,65.03438597207004,2,0,0,324.2132064579943
415.95883296066086,111.07498484259037,1,2,0,330.7486730708104
201.60584716113513,76.43665228814531,3,0,0,169.56644551375575
335.70214260246985,35.993167205470364,3,0,0,256.7266406295175
106.46722623083139,51.698547568854465,3,0,0,90.94454903916308
150.10812647920156,88.4345317347147,0,0,0,115.07740050086639
448.6862301679543,115.8055462607944,5,0,0,362.96091003064026
11.435952137814336,5.338628587059508,2,0,0,23.6309968033593
47.3267227729617,9.300046845748934,5,1,0,82.46343798539293
107.90369629728352,42.25669806924638,4,0,0,116.88861672189543
18.13344091754076,30.261358976872266,5,0,0,45.24069241621042
94.81054036944967,34.44101520891278,0,0,0,70.06232142579154
293.60557267999764,28.76509982136452,0,2,0,239.7739014012218
213.6051525432865,25.457256351170503,2,0,0,156.01398568743105
446.87249698310256,16.981115693007933,3,0,0,333.48757941457524
409.63456306052825,121.41403713338094,1,0,0,286.2293172193861
174.1995890904486,18.7446303077999,5,1,0,171.7944197267788
133.41459954848978,26.572490719519703,4,2,0,152.02538924043063
192.94774204279713,32.01454411750214,2,2,0,174.0249225509228
297.1959965448298,121.29193350695466,1,2,0,259.6697709372931
137.69150220732374,98.24283736814101,2,0,0,117.69305738895186
313.95370938532136,102.66092594101691,2,0,0,233.04199810003982
207.65876783466402,13.618573740004745,2,0,0,167.31147505006155
278.2633545217302,108.72028375203732,2,0,0,203.56632796429233
220.88263192198175,53.06510063626434,3,0,0,174.166304012638
150.76055097324925,34.16699340761053,0,0,0,110.08518374894727
474.48438694626753,74.84751085764037,5,0,0,380.23437188396326
382.9848681090816,106.8837777561754,2,0,0,281.3003056268171
74.356022004394,101.22477963973822,1,0,0,54.32341584739641
434.89164806946684,115.69967273554717,5,0,0,351.82490316134124
246.27844313350926,120.65718418200771,1,1,0,195.5577846781003
447.80335231257527,30.95586928560744,1,0,0,324.6349954867584
400.92835169392106,55.10152624200531,0,2,0,329.63831788854213
215.48068471227054,1.9017100966591016,0,0,1,187.6270623683759
16.122307618458112,114.3118157044578,1,0,0,21.87370344331339
137.99529289554832,20.09437969171978,3,0,0,113.69959614212549
273.10893625712913,111.99172560455025,0,0,0,197.25856049328183
318.5717188139429,42.82035185825753,0,1,0,226.49474947792564
132.65440428943515,47.85736669754797,3,0,0,126.41786792345025
73.98125666604794,5.0871930829017185,2,2,0,96.30721862451026
418.29046721565305,42.49424266949155,0,0,0,293.52559537791825
492.2790794482583,115.48727876416433,5,0,0,375.95202701896244
265.2166402398295,3.3211621458085383,1,0,0,196.05130544358212
89.98124649491024,52.822571496074296,1,0,0,72.67326258782242
139.79212662708764,4.0819518756563475,3,0,0,126.96060885428227
14.103384890996033,48.220045264178445,1,0,0,18.232110202940277
457.577909247447,22.44328330143785,4,1,0,361.2125746627293
63.286786030619865,32.78839112488836,1,0,0,46.70810463782926
290.3756553795555,114.08778851098447,3,0,0,223.99392507131637
140.65733424016696,56.68639868084583,3,2,0,144.3513132230031
279.31811124531777,35.59373888224859,3,0,0,231.30903375710398
327.4530922341728,76.61398913357121,5,0,0,266.29464282197813
415.7221928350648,18.473904778235706,4,0,0,337.0172275327123
107.17852952149859,33.72090896471126,0,2,0,110.56617117611417
10.442935185947835,71.0122357883755,2,0,0,6.0
72.7583868840596,30.87799544024895,1,0,0,54.50531602825717
450.509227714812,88.28660586211353,5,2,0,389.98305760199133
437.57558839344506,63.89386929373793,0,1,0,318.46503918027014
300.7194855743026,100.35857913310981,3,0,0,239.96411309331572
302.25584591465844,123.27178964392091,0,1,0,223.92199206456942
334.19315390039645,15.054635615163006,0,1,0,241.86808344097224
91.80878291860755,43.50645129799083,4,0,0,85.37129238608406
457.6339132328551,41.54137817419285,3,0,0,340.9783882251277
212.2914098215762,19.65377951384305,5,1,0,200.2934924665324
194.65357148350125,105.3394078533512,5,0,0,181.1282354290929
261.8642641150046,98.7842315250427,3,0,0,200.38064977984448
28.248153553652248,62.97531120847187,1,1,0,45.20284120261059
87.31026753425931,69.91020111329925,5,2,0,138.7523537474116
370.32664013105335,7.740737940324513,5,0,0,289.42328228160153
45.9853406229376,72.21595580251594,1,0,0,41.88058589472991
303.5602941858622,102.87439812255273,1,0,0,224.8057582863674
126.44780929225388,74.59758456590143,5,0,0,115.67729193655487
197.7013289507784,34.48982811565446,5,2,0,199.32614061285682
147.90339970149643,86.78127540346384,5,0,0,144.66677119792612
181.05799465014982,46.9934958954822,1,0,0,130.91715939095377
360.9277230662015,70.83352695714558,5,2,0,340.38142579447435
152.07524923347162,63.38349722626022,0,0,0,122.83683125805672
285.3702969469641,49.55275012547341,0,0,0,205.68576027035905
240.64494908855434,93.45413745123756,1,0,0,185.6326838469784
333.51722685451085,114.90389455816464,1,0,0,233.4092438194082
468.7307209657552,0.6776274020002426,1,0,1,344.08167403659394
367.6231881190739,121.37014749994775,2,0,0,272.62599221669495
111.39548740242459,66.49696769081925,1,0,0,74.25306346032147
20.435651855335912,91.09514444722447,2,2,0,67.59390539439615
134.82070192841343,111.23119360286402,1,0,0,95.31446696660066
299.5635756966261,60.7234800008551,3,0,0,234.77074393117596
30.455777674703924,108.54662953743573,4,0,0,48.74027874230237
250.701292364612,23.09057652917629,5,0,0,218.7017894894688
300.43721021386017,20.691779482375882,5,0,0,251.01037388040135
170.4507259543956,85.47127795129995,0,2,0,152.68285122730765
386.60154085418185,113.11859072172584,3,0,0,282.1797343229477
57.76613530121704,116.01540307968511,4,0,0,71.03869079747348
42.193201959225334,83.68625958904205,5,0,0,50.101147809298176
365.4534343207837,68.31359992721127,5,0,0,305.18209230631135
250.26820152206824,43.081101400547105,2,2,0,231.8203136794916
345.75918623172936,127.40005402791309,0,2,0,287.6502790788623
220.23953260885438,41.56043926661256,2,0,0,161.13784318881582
126.96900645335788,96.74419394010711,2,1,0,116.22991097068842
410.45564724872884,69.15763398765009,0,0,0,283.7339728058803
400.7108600896447,79.10660452829507,4,0,0,312.99635218780395
348.87475307294125,51.15247157652141,0,2,0,273.2786064131376
139.71184292883154,125.42700631139222,1,0,0,105.06914767452804
297.1641801001981,74.31870239290524,2,0,0,211.75617615614465
183.68207898531327,121.9123919596427,1,0,0,135.41766279421134
50.33312629668391,0.986884102608836,0,0,1,38.72983002400588
459.07021985381016,74.44717581484572,0,0,0,339.77359033600624
72.72522230488589,93.23429566428528,5,1,0,97.77909592236352
475.3674901412972,96.86042225108834,4,0,0,364.40464439793715
225.7728576141881,117.64699463161857,2,0,0,179.8535894619997
96.64079977511673,0.5722091704922161,3,0,1,96.12327374887636
273.2409689522873,0.04292070373193679,0,0,1,203.84921938186767
437.1081887588221,61.39424990337799,5,1,0,358.3264951054614
367.4513187727328,3.8081816506981845,3,2,0,318.4304934707943
404.2477681914176,126.68923197610869,2,2,0,329.27451505880447
331.0977665218051,28.868472690380955,1,0,0,246.74848187428148
347.67689943633695,61.44641481742981,2,2,0,298.54356942200974
425.35184752483303,7.947891901589069,4,0,0,333.5983784129978
128.58566438529704,67.86629410226361,3,0,0,115.87399765304772
247.26535700335452,49.39429626916311,5,1,0,213.40762500371338
114.49867370070311,5.805803754039088,3,0,0,101.739964469104
493.89566395834026,43.56615467050922,1,0,0,339.11872766687134
472.3093731448736,50.88668262897123,5,2,0,400.7973617986395
24.51627162741042,128.6897938657422,1,1,0,31.297513825957108
354.2597103952658,27.02516334951881,0,0,0,255.7064588259554
462.9979171207546,70.82134999811295,2,1,0,354.83141727133733
94.3847958380301,128.35102139582173,4,1,0,97.65582555934932
286.1328891235516,102.96249703221757,0,2,0,231.0083035788841
458.1667073060807,129.13777511467157,2,0,0,349.5745620820696
21.803259399970425,125.878780905822,1,1,0,28.945360451754542
350.2230322871858,63.640140472240056,4,1,0,286.0445073574404
152.18775864941264,90.52886048317355,1,0,0,121.69389092451281
462.57611671138255,14.357606502349643,5,0,0,361.80880266627213
485.673831356857,57.34934725608424,1,0,0,348.66364754061766
472.4119121111498,105.17241049467067,3,0,0,352.2292451364727
239.73603724544458,65.69359172702865,2,2,0,215.0437810602724
431.71111223971013,91.35087426624014,0,0,0,306.023378443161
423.05195227485984,96.94767289795601,3,0,0,303.82273454807205
162.95473425541155,32.95098836157621,5,1,0,156.77682304449928
415.3131597045853,113.84091848253351,2,0,0,312.42448832542016
23.318779184168847,59.77691601819326,5,0,0,56.27342562252368
300.15358984861626,27.324063470800688,2,0,0,238.972704225013
118.85437445741302,112.50406463249769,2,0,0,105.83396308043002
64.68060845975302,54.31644479381298,4,2,0,114.13121944338371
43.09183480645853,97.54061698936357,3,1,0,61.275732223920215
349.6629440596792,71.24429938880708,0,0,0,242.71210286824893
173.23810706519274,49.64332779048505,3,2,0,184.41513691556008
363.75955190673693,105.283933955014,5,0,0,295.68285418226543
37.35138869547647,75.98109111379969,1,0,0,30.197147835331556
161.0687172261521,50.773073315514125,5,0,0,141.89173996034927
272.04818972579193,14.247723143566514,2,2,0,241.9561329682112
396.40796659528695,116.40789078967202,1,0,0,297.42145085575237
162.7824889513746,4.611046094416652,3,0,0,137.49715273619904
314.8162313363195,112.21435528784731,0,0,0,222.47879969741928
443.55898537691263,46.79499823481021,1,0,0,324.10896314814704
309.85227815024075,83.11403925518276,1,2,0,266.2511402856735
120.31494000304872,119.88596409863908,4,0,0,115.96835830296142
17.07838687048632,19.721860015506792,3,1,0,42.27660892641767
435.6989425809603,73.70356183304533,1,0,0,310.1785563736421
15.528358370941634,99.37627210812497,3,1,0,50.60490466209334
437.9773279786787,98.48589825347746,0,1,0,314.3178118463527
266.8238813434699,68.33214889793551,1,0,0,209.69722647437993
469.8385107638836,81.21612978783955,0,0,0,333.039940934261
400.39770170796436,98.47850923726979,5,2,0,355.107892819655
498.977384714002,109.33359290846353,1,1,0,375.2591361649105
178.60234864859652,99.03570259386228,2,0,0,134.59357072413843
384.7582030209078,46.02064261356154,4,0,0,305.55883083068977
203.95580223657487,129.5744321375053,4,1,0,182.806125875566
242.5384320504349,56.48535018350957,4,0,0,203.7015311749858
315.6152042930932,3.1804113586613445,0,0,0,216.63485249551596
437.4701715222377,47.140203706110064,3,2,0,360.16574029844827
492.1213172536511,16.611784094599624,4,2,0,395.68709507573
385.2953398629365,15.78754004468875,5,1,0,312.857900102298
211.79455717283022,36.59955521389627,1,0,0,152.11468289964282
213.57171612714973,6.938814243043909,1,2,0,187.95017249006526
370.10323928650126,89.5065844932432,2,0,0,274.6101899498846
123.19468715530965,9.618554946247661,0,0,0,87.53934398356553
59.68468600004036,26.427642206674303,1,0,0,53.828038011339686
180.53796803218438,12.076962884235519,1,2,0,175.73066924595418
147.18330086877046,8.21180501739404,2,0,0,124.14840132429451
151.6725196257151,34.80771652014042,2,2,0,163.69365093849888
120.63583676970542,74.34686579584809,3,2,0,145.23252526985402
25.836128869999133,125.40912233808942,3,0,0,40.334309385670565
13.847597693039836,113.82236506544882,3,2,0,75.73670732271331
493.92258291933564,113.87141030789222,1,2,0,398.09080765014465
216.74770119925185,22.88871468489549,2,0,0,154.060684733949
195.24169034404244,34.43793515471661,5,0,0,172.262571723303
341.42540493306956,9.931131183389741,0,0,0,224.77556412445577
113.03567449320676,101.20088418897406,3,0,0,84.98325699965258
475.23078605536153,9.076119193123054,5,1,0,375.8771486920612
394.2407821356983,72.37043720671092,4,0,0,305.9356746458691
49.25844614456846,32.2238244021136,1,2,0,74.15306989553969
211.70248401353953,31.64793242373682,0,2,0,169.4522386139097
440.16356224327154,128.79425718218866,1,0,0,324.87955389403766
472.64235103424807,98.38137490720986,5,0,0,363.2674104052636
236.3637480686855,108.80211657783651,3,0,0,192.84938440765958
308.6386376593003,74.35774909472164,5,0,0,247.74762815477172
87.68180331557724,113.2318573611874,5,0,0,93.41434644394275
495.6284699378034,83.91377009162588,1,0,0,360.9585477976012
119.67749218480448,123.00258162352489,3,0,0,102.93590529846833
471.6522281968872,36.57401618593278,1,0,0,341.6655528328245
326.5750912512224,77.39154095177635,3,2,0,290.6194952206904
305.82971346503524,89.71707523179597,2,0,0,217.43562857208852
258.7808129531718,51.08184965361487,2,0,0,201.36890771815618
119.18155680029055,114.36203771252693,2,0,0,90.08962917016822
92.38137584272658,127.37441120354006,2,0,0,69.61081524599551
114.1406734897368,64.190033878446,2,0,0,88.43046778230183
97.28693976140599,50.78328512456408,4,0,0,104.80352589153318
390.8943144155429,61.35193071233962,1,0,0,268.72207116080045
178.3120032875314,110.8557769451511,5,0,0,167.72627701122752
33.6321248988812,83.91089531736179,2,0,0,41.196300139170575
484.7058019197016,5.820408427352359,4,0,0,371.61427563160044
442.4740130568957,70.48208835794293,4,0,0,343.3546859343314
464.23738018163044,2.249015956326076,1,1,0,341.2860432998868
497.47937220998546,101.20959823044271,1,0,0,364.5024959360995
91.0781483636462,42.68059556052029,3,0,0,82.05141139335485
201.13979935681607,61.36097267525282,3,1,0,157.95729896962013
380.3280454735252,103.82815376799216,2,2,0,318.17185936225894
349.53020593662717,6.038346247149002,0,2,0,289.9394138923775
81.17847363822825,20.610399626909356,3,0,0,83.33079997808906
408.8373968703558,51.73484893786493,0,0,0,304.9207209511606
116.09808305914703,29.890271260922876,5,0,0,115.6728977496485
115.78971933719842,43.9271853507582,3,2,0,137.88715297038328
270.80233933223974,129.76271592602046,5,1,0,234.05480880200574
298.5052677466431,107.3038768845954,4,0,0,232.52280242324696
292.14267287971654,114.90723594481412,4,0,0,230.76004080860812
50.285984511888664,121.81710236355079,5,0,0,62.14602243466233
439.3431270020383,44.32166444084543,4,0,0,318.27965307526557
136.4720210814095,38.62000451354145,5,2,0,163.11118616141522
69.10988603498807,30.428124034369738,0,0,0,48.994845097712556
444.9302995351437,107.91519847005594,2,0,0,334.14493433943267
478.0474916237279,88.34174209707405,5,2,0,404.26438727914234
431.75317054639805,30.70235772277405,3,0,0,321.29044089286754
405.71045698881466,49.009197797359136,3,0,0,317.25942901599797
329.34478041631576,65.87252931126378,0,0,0,220.49810772530432
277.674398451524,68.65820744558798,5,0,0,230.53599879594861
48.058446156148015,115.5346047117229,4,0,0,71.33890118055889
207.18434046999585,49.47359728313812,2,0,0,154.2720540711417
189.48081592109543,118.10812396506661,3,0,0,141.54934361060197
133.57812296136146,57.37778284157265,2,0,0,124.05208596859798
363.09295627584953,97.028447723006,2,0,0,277.8945681817805
250.45848886399156,120.93306159805728,1,1,0,200.46754577201102
45.11787687428573,117.98484151522463,2,0,0,45.44412758402918
113.99068496515662,7.403872748438552,5,0,0,122.22965675620942
343.21308801149996,26.74155834695408,1,0,0,227.05456206973716
42.68477544769859,61.99770531919577,0,0,0,26.194783756760287
426.3474224541405,56.10205769390395,4,0,0,338.2792495751966
250.0975308719173,83.31591642883691,1,1,0,180.17629230274034
242.89035577669077,122.81217660730358,2,0,0,182.85093725813846
298.2418534064612,14.612612466133347,4,0,0,242.2006186049993
413.2170781329488,58.741626467451255,2,0,0,299.02415235365385
177.16555791158555,25.01343492532811,2,1,0,148.52441760397326
340.61799551673647,116.23398779173317,1,2,0,287.1073964225829
285.03732217791656,125.39542415421487,0,0,0,203.92056809750574
137.17899373386356,62.231218645745514,2,0,0,107.62554308064746
439.9218432458032,13.521338704658296,5,0,0,339.0715902661368
399.7258806954294,102.08830667394751,1,2,0,328.9248029905344
330.9336581559206,90.62837556401188,5,0,0,272.65259997438596
426.03795590164975,46.10720745934036,5,0,0,339.34291787353055
434.3106294751022,115.36297161596525,2,0,0,322.0026688952088
355.6396734739422,126.85814567175193,5,0,0,290.10107824656535
419.32159754001765,72.52100038692541,4,0,0,332.6844108324732
350.2483735262954,73.544628474758,0,0,0,250.02371825431692
341.6696820213487,38.676755664791116,2,1,0,265.458152618543
311.2126322165162,75.98578467783085,5,0,0,250.93775869814613
377.5947365810324,57.15350166823005,0,0,0,279.01036401932464
83.50952712007148,39.28483350064675,0,0,0,48.840588985466454
441.03102580346956,8.734075548107171,4,0,0,338.2909096707311
436.56254623388986,32.85202176218624,4,0,0,332.3801350727823
19.47740510210678,25.721104458096374,3,2,0,54.90482928068279
413.7792915295575,70.46545799201336,0,0,0,295.2638157466321
68.79058439935537,78.2171028292672,2,1,0,70.12870364636628
170.88383285827524,79.11432415978214,4,0,0,149.71076692849218
373.03658686434585,50.463530135938285,2,0,0,276.110508099335
84.57614854391257,54.75986537911448,0,0,0,66.48030065851768
409.8936769389358,108.4509958532832,4,2,0,362.06990228754944
416.90641808908225,61.91026575723111,3,0,0,305.97549206249664
256.1965282116139,128.4105331778259,0,0,0,196.73265206874532
8.161006499832622,57.15023990115243,2,0,0,17.999134976331586
147.08387592158184,84.44552280031907,3,0,0,130.71213670893323
310.3788245959924,6.547189869141454,0,0,0,220.71376499049427
490.6871581235746,84.9341901744454,4,0,0,376.1188278248868
317.74769587325085,110.6854312739508,5,1,0,274.3040110254777
133.6027726267591,122.5195190093285,0,0,0,106.1726960219667
318.83282303430764,129.65167951317017,1,0,0,239.25197540362927
272.29276295934847,36.6832239344003,2,2,0,240.41654142784415
391.0234705998161,74.7981084273432,4,0,0,304.0583275128053
57.955416219344414,58.59333811917916,4,0,0,64.63826534583407
381.70881173850387,73.29627247477222,1,1,0,292.0782358974541
272.9269564446746,20.468884434680064,5,0,0,233.9634391080681
481.68104191020234,111.29944443747239,3,0,0,358.53109121831767
174.22672218914963,118.24396263479639,4,0,0,163.72215193310637
318.14783710130433,58.45601620467993,3,0,0,255.83915107779094
466.35391222745864,36.45588200456499,3,0,0,367.20255186032267
55.74231535538623,18.308345594891602,3,0,0,53.839075193856466
468.9281011820433,88.88942722111457,5,0,0,366.1063578664793
345.5034325389026,40.59013915069558,0,0,0,242.11619671921622
38.57934425706009,118.24001408874052,1,2,0,93.86588661200823
153.97696563867405,87.23162172983311,2,0,0,123.17820607143955
355.54518387941437,83.9390922726513,1,2,0,305.55961889239757
38.33854772704199,72.72227506677132,4,0,0,65.17541278419463
293.17437778725525,5.950924125734329,1,0,0,213.39112275236954
176.21211319171357,121.1499166391263,2,0,0,139.28461849469528
312.35318129490116,81.63187412892981,0,0,0,225.18964685301975
27.64230673719386,129.22805783980434,4,0,0,59.63280564067428
436.4107190454263,69.85633262047531,0,2,0,342.50657539135307
486.87703974281146,92.3144159478077,4,0,0,367.900687800554
484.5945383664173,7.307242522608882,2,0,0,364.85729256553617
376.07765671274774,82.12570298704341,0,0,0,255.144763347759
69.39268886466283,99.40444950674645,2,0,0,65.65773570928248
380.3402819848662,101.20685833083245,2,0,0,292.41704956757115
17.170523647106748,100.1145147899371,5,1,0,60.992597413303585
15.95115800685364,29.416741548176795,1,0,0,13.356862089364114
165.1870584790229,126.80180208867937,4,0,0,136.3915258013399
246.87837925030954,129.37367568124202,3,0,0,206.5507519224251
386.35167181485764,9.827463771008166,3,2,0,328.7378352657203
343.23121142022006,121.73803496552844,0,0,0,234.16819312529256
225.72183965649043,37.62839525956801,2,0,0,183.98278029831198
140.44519980942462,89.60693062762542,1,0,0,113.54680793697175
498.576627578067,43.954419695697176,4,0,0,371.2707729651842
215.9597446068066,125.8080620385058,0,1,0,184.07091852204294
228.43657704318937,13.195501579459613,2,0,0,170.78456078713262
85.99379148987624,64.70708620432889,5,1,0,112.75794390481921
398.43072663121507,55.6462129524697,3,0,0,320.72447762889107
348.3727017618369,42.383048796138034,3,0,0,275.5041234207655
114.28095833043639,83.91941881441932,4,0,0,111.80152674326426
45.778617579842134,17.037246644816772,4,2,0,84.22391617270407
341.847154526983,93.1661143573806,4,0,0,288.4731342502544
328.98305106916195,127.47697609462236,0,0,0,240.00955899057172
140.2634658641136,104.59263288092191,4,1,0,124.07582051693964
475.6774633139531,111.8021778782409,0,0,0,349.6739676144647
79.77365643154562,46.75277661327033,1,0,0,64.06118640869047
219.00572651608795,42.23525884255843,2,2,0,202.4933572862109
472.08988048296146,67.21628610971732,3,0,0,349.690982970066
212.76502187843053,5.94445991909545,0,2,0,187.727530024541
321.0703440937223,122.89655747934924,2,0,0,248.30956404934307
201.80922699158316,18.692072492104987,5,0,0,174.0013377876802
140.73652516259168,117.39169509185201,4,0,0,129.29168230898387
492.06893574011497,10.865688860046241,3,0,0,399.3683085710111
207.6203331259463,106.94124059821281,5,0,0,186.83682609982878
447.57910582117154,19.755128364167966,0,0,0,324.6313643838312
118.82752991608766,4.957109831891451,4,2,0,140.05383485152402
110.48682849241624,93.53362853372313,2,1,0,89.174075739329
20.411371027833123,36.43448902267568,1,0,0,34.788821737572526
327.5750785610631,92.88449986196544,2,0,0,256.24108304950397
187.42054014326177,72.16108256146657,0,0,0,147.72157530607257
432.85733367062033,14.144960729908526,1,0,0,312.02998953508813
239.23890381232079,121.17690952915129,1,1,0,196.36334483218099
484.25574681778727,58.80084271925208,4,0,0,347.6392136417204
96.83513027304497,95.47814611382944,2,0,0,87.62519758053155
434.96846813802733,65.13267436203127,0,0,0,316.3338041926065
389.41544213191213,78.56699174495661,5,0,0,304.68686225783335
386.60631309880574,39.36056700637002,5,0,0,318.4010789209152
423.1676979178594,26.046839520448536,1,0,0,304.28850832068304
381.70687551678446,70.53412644304882,4,0,0,297.5228417884685
314.9790592075506,57.22846648623026,5,0,0,256.0107626381527
69.96621445278186,50.71471774641131,1,0,0,70.81977712505105
21.100458848169698,87.433735362301,2,1,0,34.205165230014416
460.819684668765,89.76586216144767,5,0,0,356.0945014792958
310.2419056877653,5.969607291864195,3,0,0,232.87921860267696
399.2859590332073,44.03678425167738,0,0,0,278.53173056501885
243.35356399871227,53.529391529429056,3,0,0,195.13401525246329
63.06755353638527,12.595980951341852,2,1,0,73.66557410581152
66.96696714026247,30.667112670777488,3,1,0,71.0911817845953
344.35481717834085,6.713433638958363,2,2,0,296.830123785502
218.00141797523403,129.51147282021267,2,2,0,209.79109172959502
104.25973971666667,95.75243638607978,4,1,0,103.00013210808305
248.33930063701126,11.368520345357977,3,0,0,197.46655965542746
36.783423852191376,2.6324193727119747,1,0,0,32.40113352312647
293.0758439476274,93.50741401979643,2,0,0,221.9417135506407
138.15173519537333,57.0949815387467,3,2,0,150.34896624761848
399.7917548154081,102.28357217839488,1,0,0,288.1864470520768
158.629169667169,120.05188491638988,0,0,0,112.25316908397942
230.3339737954916,77.90905057212842,1,2,0,222.56511887755644
10.752167254509814,24.324094979242897,3,0,0,29.5924175782253
40.86120945830665,101.68522468603884,3,0,0,62.48893446853275
199.284310421309,124.25552661266867,1,1,0,169.59827683012298
242.56972318497614,75.43006731779428,1,1,0,175.55496845743863
302.01017131905536,88.65966814649536,5,1,0,255.56294753157795
149.3729764611051,43.871710354767494,2,1,0,141.5853078786965
349.01603363263854,49.598600305840456,3,0,0,269.59423519973404
430.76058660865624,95.50508472089831,2,0,0,317.41884155261914
391.02623950220817,120.6102427928865,2,0,0,297.1687915749114
24.611318547436788,81.7684903391658,0,1,0,35.98042231852236
242.85093889262532,102.68022810309517,3,0,0,192.7598519303637
56.94043831699656,22.31255226399849,2,0,0,52.08896287166765
124.8122828519511,27.55468173353656,0,0,0,66.83066408803103
493.3979836672375,69.16450928834071,5,0,0,384.70441112758857
75.53529373624905,22.952044991569267,2,0,0,64.28862916318083
251.94963595842125,82.54935912872007,2,1,0,192.18805497413882
310.98708848746895,37.91491410131087,5,0,0,253.67228110176814
352.7201604193315,102.89924042669595,3,0,0,266.8222298336336
282.02609832602246,105.05434505986464,1,0,0,207.79973064057617
9.836569472495912,60.2923692481959,5,0,0,40.432434392161134
166.598347580776,23.505382554892588,1,0,0,128.8218099623616
261.2672634754322,84.08074494065123,3,0,0,207.5891015929985
48.49391707669251,129.06231237426624,1,2,0,88.89294441858995
178.56033094854448,80.93681673252803,4,1,0,159.03390546406087
21.43553885172645,4.65070979282102,1,2,0,74.34960990352829
43.89635609173527,2.2482168497207358,5,0,0,76.59083375119596
201.47702171979006,41.64705616399981,2,2,0,205.99977158944404
70.69429825131488,25.451894891852632,2,1,0,75.57677008031237
285.9327198894713,105.69665692863006,0,2,0,235.3030128619023
346.28515972294656,109.82473671468006,5,0,0,275.5950555102611
401.290416058996,33.620440270361904,3,0,0,320.6353307605975
104.074370901181,42.33382100348605,0,0,0,83.33421503606328
87.90387821823953,30.712105802964906,2,2,0,103.37674951125149
56.76108096552812,118.08973115826431,2,0,0,63.26518320697272
320.03297352410016,65.34441350089669,0,0,0,218.4773877066263
354.70548461101606,85.29781573066259,5,0,0,289.2989588847254
20.63514168869281,54.01267127094843,4,1,0,59.79937571993773
468.42506189062647,82.03184515558905,1,2,0,386.97476989928083
30.725785407478842,50.16119897382569,4,1,0,61.626689504355966
272.9416859740299,44.15819690479931,4,1,0,229.2587547760591
355.98495712820363,82.48240951255242,4,0,0,280.48068900079926
436.12971625431237,76.83807014636861,5,0,0,353.45788845781516
358.47303140555175,38.15863404183345,4,2,0,324.93522213443106
401.85540111954697,19.415298541531545,1,1,0,299.715632325073
173.027845308689,47.91497019895789,3,0,0,126.9671537685047
408.33843130452357,53.975693088448196,0,0,0,266.3286256287022
44.656848960414194,81.72896334519862,4,0,0,62.35050578043412
447.9342447499612,118.8887392727923,4,0,0,334.357631658587
276.05822619609944,4.704023679280268,0,0,0,190.10503497863903
409.5623961314344,31.675931630439838,0,0,0,287.06038825065167
228.89755083655857,25.183072496342845,3,2,0,237.86311084315054
323.5709591222799,65.29827313019187,2,0,0,243.90438249540927
265.569317163376,55.86110491561078,3,0,0,215.54048563388108
367.1368132688893,94.7748910966245,2,0,0,278.09632366600806
45.406841105141844,31.5140686308323,5,1,0,55.254899956107785
34.87428157532908,77.28478754746861,1,0,0,28.221720592815828
127.3161008350225,114.9014442679947,3,0,0,100.48991670505872
83.97461665602823,118.38810618937961,1,0,0,82.02102785353358
436.53286546313984,124.64199861425405,0,0,0,291.76701700487456
113.51092374223194,100.52394977039852,3,0,0,97.93794201425763
488.05330163047,117.77842781365895,5,0,0,378.1616664126065
171.7634169266979,30.48901335808565,0,0,0,112.37220743405047
95.14836826590614,25.685522765562013,5,0,0,104.07637046607557
395.9007610355272,0.8434508914684391,5,0,1,333.0788585209491
331.0603488729337,91.88976646578278,4,2,0,299.95706885774473
251.6068796443038,121.87073441578677,0,2,0,218.1272779401465
279.9049577141275,24.301594855417935,5,0,0,235.71133989860962
361.0048802447706,82.80266480549425,4,0,0,287.05126051460553
118.08509695899286,97.03976869883108,2,0,0,107.76409078151818
498.18528844808725,120.58985056924735,4,0,0,365.6132199801711
487.52261526265767,84.09182912223882,2,2,0,400.8333092251467
326.9112147417338,126.1381852573378,4,0,0,250.1495353599022
103.77351320992685,44.80750833163121,4,2,0,132.2703007960263
341.7129800034892,45.490709390282994,1,2,0,285.4989326960299
40.738212444692046,70.59162630186492,1,0,0,39.65827440279899
20.172988591874002,49.855244545067926,0,0,0,19.001243015322583
132.55302981305078,0.1853446773792411,5,0,1,139.0607479667006
233.99836358596158,95.13036326130836,1,0,0,187.0560592849946
434.7948901771484,97.72321539220285,2,1,0,326.55336769231684
364.94868953432245,97.10669860928016,1,0,0,258.33617498104127
372.6397279939906,44.85268665936066,0,0,0,251.59238520927494
215.6192005517973,67.89763153045234,3,2,0,197.46716998541032
176.23782131074665,46.79655736296703,2,2,0,162.20497577036355
188.66418767737832,2.08473200398395,3,0,0,157.6039460897965
493.88653404934865,73.11836236528444,2,2,0,404.4634005435514
24.854049749178827,16.088886590921437,5,0,0,45.76618992798163
434.18059058061203,10.405372131887278,5,1,0,341.2035075305833
291.4443272433347,98.21487893058233,5,0,0,239.8205974709216
222.11463249884727,1.2358063143537312,0,2,1,211.66237703893637
364.0025419054926,124.6710976691344,1,0,0,266.50976811529506
245.90112600522792,66.983197334635,3,0,0,186.49868587815632
437.344502850422,127.7921359917993,3,0,0,328.8090002738888
450.84742268557295,7.539684421452096,1,0,0,339.5498375271149
213.75185880236043,75.85884135256872,0,0,0,140.130788029173
142.02975963135054,45.412514676868454,1,2,0,143.19414544234294
298.21341265371433,109.65272406585716,4,1,0,252.80341500669851
456.619856080262,46.958955580457214,4,1,0,351.4090041034506
109.27778355780495,33.86338527745538,5,1,0,127.63908809956823
313.368458863924,111.48190652298872,4,2,0,273.94814694028815
317.62230894579767,48.70490191492393,3,1,0,260.5146384864425
367.89094609556406,2.188331581872991,5,0,0,296.07793532617336
70.1260041379936,50.73758310911339,3,1,0,67.32592192996741
359.33335751763383,85.08789497142244,0,0,0,259.83606690667744
454.97109772949227,33.06674004482964,2,2,0,363.49332553030604
93.94313889076977,56.15838701527045,1,0,0,72.13300652714412
122.58394583731943,7.372967976689317,2,0,0,106.60134612251379
485.84057155061157,76.45206289681444,3,0,0,355.8662936132611
94.58359159119743,98.31834010185119,1,0,0,69.21030068899601
427.9206212179417,53.730632982144336,3,0,0,333.7970480222781
248.67753894177721,54.63024226418981,0,2,0,192.90882083888417
127.37938182957264,11.476724816039138,5,0,0,138.6829168540891
436.02120112989314,26.252312386557733,1,0,0,301.8013818577175
225.42610122631942,20.107789406628648,3,0,0,174.43087254335256
259.83459019519665,62.61940992599993,4,0,0,214.75436302482458
182.82051785288402,68.80322032359751,4,0,0,163.27803596358976
298.5106714602891,123.3622170669538,3,0,0,234.99532538952673
85.94431692958626,9.520095556040408,2,0,0,75.49196511670911
198.58536064262154,77.98283651015613,5,0,0,172.25349668563445
484.8590995559673,68.44480855267138,0,0,0,356.3050988850945
132.77604918705813,67.1103027316578,0,1,0,109.6808773547082
330.0846489479396,113.51070735976744,3,0,0,265.1813727642748
165.96908179122397,26.720001190413242,0,0,0,113.36243027262852
387.8691972148673,5.30052566437829,1,0,0,260.0361144483401
69.78246205558317,87.39529599244503,0,0,0,58.43848139762013
485.06141731387964,44.87047033767742,4,0,0,374.4041966764162
229.62582298490142,2.286689107628197,3,0,0,185.33456794203084
121.84497935649966,32.6786209477538,1,2,0,124.10184722067639
41.38088992835627,40.21248064818554,0,0,0,26.07697266904601
89.03016301833267,80.18898898195147,4,0,0,86.25337321215706
262.28810453522874,22.436153226405374,5,0,0,221.55105485335352
171.81657233348673,53.69706523394174,2,0,0,125.46118911199602
415.2972661118917,62.72180777431823,0,0,0,300.0145092975892
218.28932421259393,59.70086087733182,4,0,0,201.2162435803203
128.1135649308768,126.61229966668162,5,2,0,157.05423129707418
310.4867683689949,5.915550912738494,5,0,0,240.8320154183656
354.8547223582957,123.62586423881191,4,0,0,278.36755094059106
87.68574441097019,75.65183781922433,4,1,0,102.53282961326418
87.97151206271724,103.44460294607897,4,0,0,94.97682297536977
23.15235633210377,55.951040342089804,2,0,0,45.16543413770922
369.51899745749205,58.998924563407456,3,0,0,289.77916584310367
333.5832411727935,114.31244487205707,4,0,0,247.96628604970886
239.94228349615787,116.47148451794727,3,1,0,188.8472627548736
422.8643722397526,31.02955458606869,5,0,0,338.1433821124119
403.80672571027634,25.901444216000364,2,0,0,295.3526634675551
294.7504103763923,64.51057260309364,5,1,0,266.69525673998464
434.79428385406305,117.03601352659992,2,0,0,312.879417950262
106.89139896820028,41.90616214280292,5,0,0,120.09914179083788
60.4002116018753,84.76189999408707,1,0,0,43.99138184273654
138.52605770090986,92.05971940627815,1,2,0,143.34283824735695
33.25799376421085,101.22770643624025,4,1,0,53.824898148949906
267.92891636051087,73.31017952972522,3,0,0,215.7560301006098
468.61981768600594,52.31917317626605,5,1,0,385.4448612898825
24.475052630912273,125.71207854386647,2,1,0,42.95346466189344
65.44440743496327,79.47299792937085,0,2,0,99.37824514349978
228.83851900030047,94.71347751232521,1,0,0,162.24914627419673
467.2681336763129,44.84776994046418,1,2,0,373.9180465705734
161.4972719634915,87.09339353040042,5,0,0,157.61071893554782
256.0812303007542,33.51369608133637,0,2,0,208.21522070138718
25.57856522994409,31.8625992787227,3,0,0,40.21604602978523
78.42988447623398,92.91388623522543,3,0,0,82.93863040422535
493.3819108646292,67.78131571418156,3,1,0,387.23238288115726
482.7337547358425,88.82595935491067,4,1,0,388.8298278032237
7.44529056253276,35.027003797251915,4,0,0,26.233933405768145
476.1468337845033,77.83403433737496,5,0,0,374.69797293344425
321.36436921867266,57.71137446140463,0,0,0,215.01123754243068
434.61955578741095,77.60483728991863,5,0,0,336.2709067711572
230.09622853876024,37.81436519174852,2,0,0,175.25384940749808
260.22003414672884,93.0086252743861,0,0,0,193.98097824148923
246.9790572271755,104.77081760073052,2,0,0,193.48939516727523
335.09780748532165,33.78914160150408,0,0,0,236.90044783455537
74.12737110437489,39.08067278123347,4,0,0,85.16311352993623
19.836926986975584,85.95005506348208,3,2,0,76.2933717066583
157.4253210876395,90.42607265946074,1,0,0,121.64496635698798
353.8169775546401,91.5329589716685,0,0,0,244.57746802936765
104.91745880085944,88.75080562085878,0,2,0,101.44917630233503
338.3490544958341,51.065003203830045,1,0,0,244.02501345382544
485.10646282309887,51.330977672478184,0,0,0,335.2833410355804
51.4808543157621,33.126291073769586,3,0,0,63.530930851294976
337.9380485214375,20.38838098652719,5,0,0,288.3051103196902
224.65635855576272,90.03505932159774,1,0,0,170.85372351499737
434.7304159168651,12.114542176400668,1,0,0,297.7772826534903
92.68914577645603,121.91299728228161,3,2,0,117.32837447035138
347.84984635195144,107.46921947728868,3,0,0,267.30440961040955
419.86706837581454,111.47574619444329,1,1,0,299.66358636128507
472.5840386396415,117.86694589997472,3,0,0,355.4695017153431
343.20777400337465,53.11864619402121,5,0,0,282.48818563149223
251.1015081841715,110.07109403555214,3,0,0,211.52785080248037
310.8343838996009,20.547969037914413,5,0,0,271.780869503132
435.1079673169655,2.813433299070638,3,1,0,327.01131848618684
287.4518245862207,102.03588130630052,1,0,0,209.05787705748136
20.041594549934246,9.723564239602108,0,0,0,13.211309298727059
465.819604275954,128.5082067523698,2,0,0,336.7967580858001
346.31574176062276,87.72353584820227,1,0,0,252.54600687212752
339.874125959737,97.94846233147372,2,1,0,262.5905207381651
111.75920043687,31.954501316122574,3,1,0,115.01307342865624
331.1483077651653,87.60250120955946,3,1,0,276.5612720236855
199.96288079880844,5.618591843144437,0,0,0,142.3415443449869
327.3603236355386,108.91734359006811,3,0,0,248.26742747508743
57.76355000245541,22.051132094104418,2,0,0,45.94460969939629
330.63342577850284,90.65654868839017,1,0,0,258.97044840683424
499.70979425647994,29.182465160254683,1,0,0,368.09820583197194
28.864959235975235,8.898912025385556,5,2,0,95.97266344944462
488.7012211895521,62.59417821142126,0,2,0,379.4717414876894
206.41944055782096,22.007207335462628,2,2,0,210.61474846151435
436.02295791694326,94.82771848245147,3,0,0,327.9442938144074
392.2808146088454,30.883559639853033,4,0,0,290.2950508218304
285.67304918840057,44.52143231065775,0,2,0,240.03680192247148
370.5323585794066,73.76710266438148,0,1,0,259.501998001644
439.8652028441672,37.04587608505051,4,1,0,350.711930498533
205.04945921726133,49.138455107295016,1,0,0,164.03800212082558
166.88141497380315,106.03083023525026,5,1,0,147.74606803979412
335.45872585397444,23.297280442933342,1,0,0,235.8976858903232
404.883741260923,10.686206632651379,1,0,0,300.78283471530136
382.3311417144248,42.686512067292504,4,2,0,330.18556924328135
399.9177561850241,55.16897971180416,3,0,0,307.63136623828973
220.61374083240185,70.5457066777538,3,0,0,181.0831712319011
409.8279370066357,48.41508050275092,5,0,0,333.296437780542
64.50348240845118,102.68852102896466,5,0,0,75.7125450619516
274.5221034906205,5.111533396901525,2,0,0,185.21384636142858
7.850536946570177,56.12977996581253,2,0,0,23.51333721195941
165.66998580063378,49.6932689053326,1,0,0,110.02248569199924
186.39845976134194,84.18520380489167,4,0,0,168.79197228151693
201.10548234658143,125.61591274666148,5,1,0,186.57643583580995
349.2562673114818,66.34880286175208,0,0,0,243.86955408765215
197.33626012882115,128.29399010242366,3,2,0,203.11118405917114
227.1033431981527,39.29242133871567,4,0,0,173.43164648431602
122.5843447827921,4.0128572305199315,5,0,0,120.72826371707053
189.75963685652334,21.536211771933658,2,0,0,152.37884700629388
117.49846549525998,51.36623502069375,5,0,0,121.21568723977559
41.2319822653796,41.12340819451178,3,1,0,55.305454570831806
303.70705372378205,12.617037027839098,5,0,0,246.07284670605634
335.76533528473306,56.245813999793185,3,2,0,308.50000370859084
311.6477212747592,43.95505031574316,4,0,0,257.0006717431686
234.42955168128333,15.940498659466998,5,2,0,231.50212478789297
192.99396118871877,38.49522697954816,5,0,0,184.36717992578676
432.3501565380535,115.23668719620076,2,0,0,326.3840749419911
261.9454836424279,39.26635251361422,4,0,0,218.098201111205
242.19502942671684,92.81420502146672,0,0,0,175.7005085000398
17.692822574185666,79.56612035550823,3,0,0,23.773961346925883
173.9176746749474,55.53355111308833,4,0,0,165.11279351702737
193.19683129899926,31.073332784476992,4,0,0,173.73780339727597
202.41727654396573,47.97191091497291,0,1,0,154.08889431430862
292.1853227675295,76.97393775123557,4,2,0,273.2409220287578
269.13326062980485,45.59791791741614,3,0,0,210.7531442582372
305.9130209327551,27.936536364650138,1,0,0,218.02022342224438
383.6172144633535,15.140157355912173,1,0,0,282.79955619549133
407.4279406644663,114.36970192824349,2,1,0,303.837532338073
360.47092273211473,57.24068684774773,0,0,0,255.80635144231493
477.9842294976927,81.27708182658091,2,0,0,352.6769181537444
14.025128424799007,63.753346947784685,1,0,0,20.566724793885644
101.91010291335532,113.43364738653524,0,0,0,80.40779285263174
8.74362311418035,71.1015308182674,4,0,0,38.602003354322555
325.4999835065285,62.501584333384734,4,0,0,264.80679203837053
449.52512173024354,120.19812875482265,3,0,0,321.4523674082525
125.52373680526814,93.5596474858961,5,0,0,128.7487111383145
463.8820996741718,14.501487955091452,1,0,0,335.3216975271417
34.832358193332624,23.101579955585827,4,0,0,56.73307148333598
467.54583326872955,102.32597218212744,0,0,0,325.2706352144459
179.05323018361904,108.66067175339406,5,0,0,172.748843501742
55.20331008236217,70.87480778173854,5,0,0,77.22091656514449
245.5065207972312,72.0791796226631,4,0,0,195.39538669953347
132.10440102165143,82.15128517068779,2,0,0,102.53533353899391
146.0120864711518,57.085050656743135,2,0,0,125.59231707593129
157.10853263851186,88.42588605290752,2,1,0,133.5325385327617
402.4978194271684,14.10256348363404,5,0,0,320.0736601361805
271.88483195425096,124.96630150776024,2,0,0,204.53929191118377
159.0973110822218,97.52012709333982,2,0,0,135.80415881415354
307.1152227389046,82.0526465211709,5,0,0,257.12818577939646
359.49458374048083,41.121867411232486,3,2,0,300.6766807837199
139.94888036309922,20.92421336937479,2,1,0,113.40550574097936
209.706805255049,53.2145852977628,3,0,0,169.6694411013621
65.33361620178904,86.0049762746276,3,0,0,61.93047175387418
94.66892801966675,82.38226664500442,4,2,0,112.18034407344848
342.1533377126665,49.743350158524294,5,1,0,279.8147670379883
94.81198210933533,79.72723119830687,0,0,0,64.41940199228723
264.9558749151948,105.78727842378119,2,0,0,197.82766171938766
355.9778995526042,3.4170204038889187,0,1,0,266.7653775321624
57.904076931898196,58.58073623093584,1,1,0,36.962609555824585
285.8195487163073,98.61217970068283,3,0,0,216.40368625896818
131.99857793217507,70.99878116023903,1,0,0,107.53643111592964
481.648803242602,84.6918914307791,3,0,0,355.578435796043
244.35509512636273,67.16793103869446,2,0,0,175.98343131784404
403.96631213870324,128.9436908087004,1,0,0,286.2263901381276
277.3621383673496,7.100799743574969,5,0,0,235.80090433136482
26.489203763135485,63.83582683040905,4,1,0,54.21762940882191
318.4099309190411,11.8841513848873,1,0,0,225.43531970870336
475.9446543922952,20.772123074764156,3,0,0,361.89695283446804
302.79785097243393,49.79498555437404,5,2,0,289.1134676916502
410.49848541626113,20.22021189506335,3,0,0,299.9921528823188
442.68219935746185,125.27933157436463,0,1,0,322.33462600199164
117.89948711472158,123.08267097427068,1,1,0,87.72780105237402
109.96219575457219,43.69425400867849,4,0,0,116.95119546210053
307.4355894812409,83.16720256489835,2,0,0,242.49413191013875
208.45909255431883,69.3879316771922,0,2,0,180.5585332286296
420.7313449190266,106.02630746704992,1,0,0,313.7714862477431
450.51144608201554,81.56792927620249,0,0,0,311.2021512594671
179.94358275484547,0.03281908377307352,1,2,1,186.96004796307952
122.25092669236862,99.21267012926604,2,0,0,95.43166812238331
391.3601300457116,97.09025576849535,2,0,0,290.4320242009829
141.02898759632737,66.26395172364253,4,0,0,128.9460796266105
412.1940876642708,117.379466520297,0,0,0,290.9365648948933
214.7504355561376,118.09800673975221,4,0,0,179.57688933426422
335.4372001492779,68.10851797157163,1,0,0,245.12478750380095
52.289980348160746,79.0384700555499,2,0,0,62.60908867829239
313.81036571490364,129.5478693502074,2,0,0,217.8153169503999
228.6250009749284,38.84663052548427,3,2,0,236.27064654233777
295.3711892718597,42.200241500492055,3,0,0,226.94031190307967
88.1670328337074,23.760607346254528,4,0,0,90.3344103459486
369.75250374737016,116.46270209052284,0,0,0,272.9654807870023
432.08455338389814,96.78349069340462,1,2,0,353.6610624015791
112.28620104493395,13.733570353131446,4,0,0,112.8760176146886
52.37870498248005,127.62975565573554,2,0,0,62.583881204785705
16.701100092936514,95.02502206094509,2,2,0,60.70619483566983
322.7758927194167,110.56787424864669,2,1,0,259.5129463079853
305.5115478639465,6.259602592516121,1,0,0,211.51083631858415
275.61521929346463,65.6449194624818,4,1,0,236.10963746440342
119.81381257740783,90.81777727451511,1,2,0,132.8308063947645
198.49846797322976,70.58305599433938,5,1,0,195.4310147962577
299.26578591715565,86.66417054090607,2,0,0,232.01692627480145
250.89959513528885,106.32362826676143,3,0,0,200.5459587273973
493.9538325063692,48.66381818482551,4,0,0,374.6148057518876
72.5376775155829,110.32692783043227,3,0,0,69.84438824010827
349.0965542535589,21.179093619487794,4,0,0,272.3385657646381
205.1377902116246,35.215187153428715,2,0,0,147.52223440047976
216.9588093881793,5.634930590552351,3,0,0,190.43826407858654
360.2108940007972,47.37548547358264,3,0,0,284.8545890439778
347.75589490556297,49.38824082713564,4,0,0,276.5652525484522
495.6717168825832,104.68517763694263,5,0,0,393.22035334371014
68.55517327979199,84.90698713765528,5,0,0,91.16936053229946
56.534276445162334,56.77393256023666,3,0,0,52.56975061491636
363.54771447872685,84.77481722108726,3,2,0,319.95267749690385
291.3015239181725,6.861835567039851,2,1,0,240.4523189962494
140.7095299471039,23.43529968238889,4,0,0,122.02332172550558
44.31258764954837,81.50322118142815,4,0,0,46.2761675244048
47.400833550233116,83.3776864992893,0,0,0,23.001029396036976
447.62448295873855,100.63750563196552,4,0,0,343.90313987541555
99.97432573577774,52.38996867696829,2,0,0,73.99234285179185
165.06892324718277,93.93203256010031,3,0,0,136.57119357567703
117.19491910235907,88.91744323282462,0,0,0,76.83339055106211
180.72317138680896,125.24113918808038,3,0,0,149.16210546459757
39.36480215931622,27.96692943520829,4,0,0,51.99995609148644
261.93459649959385,71.71834328784314,1,1,0,200.77118939517024
38.468218978146375,78.22937747436102,3,2,0,90.17667696835316
401.176471372069,129.8242250414487,5,0,0,310.5608623924028
120.68748054566434,26.15393848166472,4,1,0,125.52320970645286
272.30589772923275,68.018342595748,5,2,0,256.5456543670672
440.6391483429218,45.004090002773054,2,1,0,334.38762930842614
327.18429767836113,68.36608591526998,5,1,0,275.2169211552943
268.814104342911,30.17671827340377,4,2,0,257.7513496762822
165.54520779211092,6.189609195573454,0,0,0,118.51708654912575
169.83594696380797,74.43350900669955,5,0,0,167.03412744640187
336.3960428231041,43.66106106190818,1,2,0,280.4214677729185
497.09898380447794,23.652382227296375,1,0,0,352.4458673165504
332.6103989754424,42.11162359014439,1,1,0,259.3513435699672
281.10279159816236,6.40642618820684,5,1,0,246.40435600804258
366.6720025684268,123.55749043171343,2,0,0,281.18462280411603
235.2767780804405,75.54922894652385,1,0,0,172.19800947154593
34.770459587388686,105.91992857511323,3,0,0,34.3655634088794
283.33692385956533,55.00536568120495,2,0,0,234.5977402132198
479.0245158301632,117.43090678360414,4,0,0,361.51115584986866
91.77495646704152,62.831368801792934,0,0,0,54.334016231662794
346.5524209562295,74.61289188608703,2,0,0,265.47813718092584
104.46217588623296,63.93321740814539,0,0,0,65.23165063562186
270.23470381417525,95.3261784627947,2,0,0,201.62227629936336
52.85484257512621,73.66529008826811,4,1,0,76.23046082296098
227.93361344780163,35.307860065451706,0,2,0,195.60444033579097
379.3008478031468,18.920139071944018,2,0,0,278.87105570363786
177.04790449829613,78.7961705547871,0,0,0,139.28219639382127
334.13130362117295,63.593395001114715,1,2,0,278.05421187947894
398.7477305909159,12.476840570494684,1,0,0,280.5741500923492
463.9530206423291,51.43027055312489,5,0,0,372.2888251786231
121.14783051844951,66.92093486005896,1,0,0,86.21327720860843
202.66137832560753,107.49612039732669,3,0,0,163.6734883216845
80.44592659855662,9.893137258337106,1,0,0,55.843719679239584
496.2793335683957,45.30439527198038,1,0,0,359.4177252441766
463.86547912252615,106.9452959523501,4,0,0,356.5924783046638
272.278779488877,84.29511113030524,0,0,0,191.9357022458155
421.8064807163285,37.69458183449228,0,0,0,299.09591461201376
262.8741987496609,109.8935658629435,1,0,0,200.1184707958768
313.67491556136605,64.12816547315,0,0,0,227.74543561251338
49.116593897428224,64.78574587035988,2,0,0,39.7158714669768
378.8588581459199,126.95635409604996,5,1,0,306.3579028533179
68.21817439944124,123.1251454207292,1,0,0,63.67335901393957
413.9034769750015,46.60924883807971,5,0,0,321.121688225738
392.103903396841,18.2752867262007,1,0,0,288.406301488911
355.82862538277334,42.33667519615223,3,1,0,289.3284904612561
22.899388359757246,3.962823840480445,5,1,0,46.390051458725246
155.04853619293766,2.6998252723508562,2,0,0,120.18897697165478
135.2407221058672,51.41787771268449,1,0,0,109.99934634129227
183.26752169840196,122.33257695064044,1,0,0,135.24254459491735
48.383159648100076,113.276454360187,0,0,0,30.51524142929763
468.79412240037607,66.48756840929099,1,2,0,381.59353119370405
279.13210915262624,73.47942955220799,5,0,0,242.96958179380596
156.23453377572164,0.771354576987342,5,0,1,158.1775126140241
201.5058509517703,28.015150258389514,1,0,0,165.34360122647143
226.36525754989364,3.220636501469887,1,0,0,150.92929002840623
302.29419501350554,98.09013925040038,1,0,0,207.02011754101272
260.2613167097664,18.933953483444707,3,0,0,201.2244546978628
460.0990267411366,112.97612332198621,2,0,0,336.16501868546857
250.99692403838597,83.63216077785248,5,0,0,210.5754183940257
496.11821733753976,29.824427947042736,3,0,0,366.990548204094
426.4553540838224,20.503641220822466,0,0,0,294.49681091233793
108.21270460688123,81.5912111199969,4,0,0,103.20262689802098
465.64463124873856,117.10880743670205,1,0,0,330.58171036026926
62.60136695331067,93.38682845886962,5,2,0,122.3265498443662
409.63760570313985,45.31106470843909,0,0,0,289.4314871501074
193.40853027090714,76.35986738492413,5,0,0,170.53320327307037
439.5972886203094,40.39902039841478,4,1,0,347.45490054351217
434.6880616031879,129.88944368122566,1,1,0,333.0660840226363
403.9330730582225,97.34909450004065,5,1,0,325.77856941931793
396.0650659719954,79.86961316837797,1,0,0,275.3148178550155
155.8161738535302,55.0236885595578,4,0,0,129.9916047183059
45.055045110369825,80.35979773374245,3,0,0,51.30637045911486
204.47518848875492,44.41008812075352,4,0,0,177.46895592148655
90.8946349183218,3.752429129543998,4,0,0,100.87918645329404
349.00078900671855,51.36150790636227,5,1,0,306.1912432049302
176.31936463620383,120.96250654538271,2,0,0,145.51312362660465
487.92704942565786,81.41914232060256,1,0,0,343.6725620464736
322.28117828593935,10.91424139921721,5,0,0,261.66356356064284
412.12787899900866,115.04916974135337,1,0,0,278.64085468637103
70.59971300721497,34.95373041439693,3,1,0,77.63122830693784
431.69716872494814,31.690034100754566,3,0,0,320.88145116112446
461.7648093041302,38.621825941441706,2,0,0,319.5344015960589
246.09564981537326,75.03629069637446,2,0,0,207.0823965257299
305.09520418673384,70.80945214641696,2,1,0,235.35946687589706
383.58085144698276,63.88378810097463,3,2,0,309.39806240477463
91.54512049390421,93.27979225664151,4,0,0,90.95282147639051
253.770207849404,41.149905073544666,5,0,0,229.988843495909
202.338198747295,101.66838780441604,1,0,0,167.19085557443196
77.45512612031331,22.79181818921789,1,2,0,98.39954136336122
186.92953903430805,101.7407025800112,5,0,0,168.81766258013465
38.74529314581932,86.29531368253677,0,0,0,38.379958147395875
17.776893939996057,88.81708024118625,3,0,0,32.793788444233115
71.90731313163727,62.6019416265438,3,1,0,85.50065787075611
481.74198023664104,86.71019924851241,2,2,0,398.00947311048196
277.0171202680334,10.373616052729464,5,0,0,221.85807084235063
483.0819697708439,110.70164521641775,0,0,0,354.8299434443549
219.08644977341532,7.221140353393981,0,0,0,146.7320622942482
159.3489858772035,19.336396283294672,3,0,0,128.37751237227982
255.54022210592083,74.98266210464072,2,0,0,195.6797339536987
222.55828587329052,96.1234892093699,1,2,0,208.7563788712665
57.30401870956324,9.91270336501295,2,2,0,96.94654014332197
322.2090257716521,119.69942583590158,1,2,0,270.19706813414916
111.9389003422518,126.56899434409083,3,0,0,103.17322247814661
311.69603767442567,78.77352249100244,2,0,0,244.08034009657572
326.84954073708593,62.56164919898875,0,1,0,239.7928637203113
80.25230229868082,96.38134639636746,5,0,0,85.3401856721199
35.368065419780734,42.686455802536706,4,0,0,48.33934268632716
391.4769851038777,64.12437643366384,0,0,0,284.5202212887746
232.60120976581348,119.09963348587218,5,2,0,228.88795752148232
33.791078775210515,124.23520528139936,1,1,0,25.94193290379453
497.4588269990347,120.51898508665406,3,0,0,370.00970916052955
33.601377693201485,34.11824870529922,2,0,0,37.44049390300898
349.0424382849838,30.220975228179242,3,1,0,284.72738232698276
491.9210680053897,38.696385770810856,3,1,0,364.7184133992036
123.39415158688318,57.37044461049983,1,0,0,97.42000136042766
75.4134375001621,40.841763662955266,3,0,0,85.19434574859734
65.08554501410231,48.64766344607754,2,0,0,52.986630848904404
155.1211980459598,80.68280377569874,0,0,0,110.23210966961649
55.01767645027011,99.12833802221687,3,2,0,77.08068302129763
347.6198641385953,95.62256577482921,2,0,0,267.63720099845
35.834440074381035,105.87506372028976,2,0,0,46.85526616736151
257.1639534341459,4.183972418002282,1,0,0,188.54769646822584
498.36494265722354,6.20539265823829,3,0,0,361.44148781435086
407.91528340547933,102.61978488952181,1,0,0,301.1421493732629
309.53362192435037,69.30024690220215,0,1,0,225.28933996723637
156.5955422893728,75.15828758907564,0,0,0,85.51458885062301
313.82843896436106,6.836291827869021,5,0,0,264.52986925736525
265.8855246362676,33.19079415226522,2,0,0,212.55644202852437
215.9112750257339,82.9860596351121,3,2,0,222.06171089674402
69.70163648639874,111.6936457143879,5,1,0,82.70812921283233
443.869086544031,119.20784163358233,2,0,0,310.4682093750465
227.64340116655464,65.05453445856062,3,0,0,178.59599335807735
101.3381433512787,70.9116502559657,1,0,0,83.3935878234008
187.04087868425836,108.29645203896881,0,0,0,123.5437389879591
209.99422750181887,69.8911980971561,5,0,0,169.91190968222034
414.6312583056028,67.19160831985126,5,1,0,344.20201446612464
368.139118377894,117.66092490892397,0,0,0,256.75604551391467
385.8059223524632,102.6912537372644,1,2,0,321.13689532722213
10.460475892180371,118.17942842696829,4,0,0,36.326035571087004
210.99622909898196,28.372117121549994,4,0,0,176.24356791068982
243.2653550594852,68.16881326519638,4,0,0,199.93949737985028
14.50017702741306,109.52137671713653,3,0,0,28.609410727925148
133.60753832879195,14.449217570724162,5,0,0,126.18432172601197
381.34346244545685,103.30608005821503,1,1,0,275.4720904797818
72.86930433585454,23.78653984393303,3,0,0,77.38730102236684
269.9785150690329,105.05543814809175,3,0,0,223.40090377433467
111.52492664853257,79.56012188239286,1,2,0,117.4191638657915
10.99978344872717,25.12067889303273,3,2,0,82.15944964073036
124.39472151177303,61.536043313264145,5,0,0,127.19724050925431
488.05750868047664,88.64767163990031,1,1,0,363.0347537969776
401.7608703820799,82.4008771148605,4,0,0,318.2910721417499
479.99043893891155,55.54213551012157,4,0,0,376.39275161771695
246.4877517435494,116.9176487597205,3,0,0,191.50018884361447
59.319418345364234,67.50424388341976,0,2,0,82.86594207826278
276.239947041978,65.7627488087295,1,0,0,211.6126159362324
229.91678060718064,8.092576692389056,2,0,0,173.2798029428619
422.9567559561099,119.87565067369282,2,0,0,313.00035957156916
53.550877488201074,23.02515392818849,3,0,0,52.495298975167955
246.6793628257802,68.68481014675204,0,0,0,169.68917488769776
79.27408902352221,104.46378818204032,1,0,0,60.01096227696744
165.71458381057968,28.00892600423363,4,0,0,137.6372290702926
369.99175330696085,68.55852769620934,3,0,0,282.20412261927845
240.62897403753942,31.28903819903431,1,0,0,180.0332070659397
191.06470114715583,98.76034971398853,1,0,0,145.92075312370238
200.26575789216747,73.3643518235096,1,0,0,141.28782280245846
232.4261503609634,111.27686185136865,0,0,0,158.6086204896538
393.58318919934317,116.29254037405977,1,1,0,301.6816818816481
446.581921025416,84.33535271790176,0,0,0,309.7557529905113
477.8906698194445,94.30086200066278,0,0,0,344.7523126921329
394.51717619637105,71.39861298529229,5,1,0,316.89053312979996
161.1264133952663,49.97573529875978,1,0,0,124.32925603453515
345.62667951283834,84.2553299927085,5,0,0,286.742938852348
221.613546407419,118.07752105335275,4,2,0,197.38591502176948
131.06195791279532,54.16844945608693,5,0,0,136.3305259205219
421.2314318158317,40.873303428593395,5,0,0,345.0764744793216
24.021042736350875,50.49680201183463,1,2,0,57.37580005120218
451.3721861070346,56.60169192750795,4,0,0,350.52730633178703
233.4313449892434,9.562933767103107,3,0,0,178.82296538097674
320.4147310200988,64.79743925654927,2,0,0,243.84642907501663
331.38019149186243,64.26085224650775,3,0,0,277.66487731390055
448.0832816497355,76.49769759326801,0,0,0,296.52345932226496
320.15149267276763,47.1666039612731,3,0,0,243.08288520420305
308.8971244562306,79.70398747422666,2,1,0,248.6158183175878
37.99276007754153,114.16812033564639,2,2,0,88.5726685256598
261.61197086287603,124.21122876437136,4,0,0,201.0254722303625
79.33365540443562,75.86958809833645,3,1,0,80.85651075120953
370.02971551713534,5.536824016140702,0,0,0,255.97458525144538
258.5498508022739,126.00067964472416,5,0,0,212.62881485360572
341.7127507081349,91.76206791651332,5,2,0,312.16342919487
25.628085798180212,43.675274311974775,0,0,0,6.0
46.972047942672596,19.130501125284038,4,0,0,59.66601114233049
359.5800770910277,18.644419590715742,5,0,0,281.3958908160228
40.68174631934332,21.806772798148355,4,0,0,56.89683270099771
40.272080243803,5.92442780979664,5,0,0,58.08118096730553
10.993695241269288,117.2800445248785,5,0,0,42.23892501389237
478.46819215824263,70.29987026755373,3,2,0,386.01431699798667
370.06663793220844,90.99472365279884,4,0,0,298.59781465725234
179.85944720852177,107.65410620487997,2,0,0,138.4292402888399
151.78511273738934,102.90033082331603,0,0,0,107.26688229814842
178.10309872419552,114.7387310847494,5,0,0,160.40745953209202
388.453497934685,125.74310092824375,2,2,0,324.6675590981565
332.3784524798551,57.07917991645214,1,2,0,277.8398172534699
96.67180609439663,123.54361066689077,2,1,0,98.8851671946497
91.18412099037175,94.02769328456613,0,0,0,61.79065978275507
53.70584660813167,9.1868647400502,1,1,0,47.631867549526575
331.84984625216237,88.63180575760491,3,0,0,256.22238790013273
383.36446779975927,89.27316574863032,1,0,0,272.29407465917967
136.197982020877,117.76187329302853,4,0,0,124.26552980868689
15.367755710301841,48.48117722111196,0,1,0,10.379582137171958
45.674975400831535,76.03849503533631,4,0,0,70.48920135785562
484.0907172482901,1.584381631526527,2,0,1,367.08629970455877
151.24516485132304,43.16978148357368,3,0,0,139.15592562210588
385.76545817987613,8.09168440064152,0,0,0,271.7548977730386
314.2084665828606,67.8434864594366,3,2,0,287.09959040422945
194.06012162818348,106.26819456590393,5,0,0,166.0778075757671
106.81519478679978,26.837549976778966,0,0,0,57.69735523216888
65.08627698890618,68.5673359225112,4,0,0,59.90396543954165
309.43141917923896,26.52112274639972,2,1,0,264.3482992612341
388.44372141570506,15.689500820011256,1,0,0,276.0141053760366
323.7326055028597,66.42958295146451,3,0,0,259.9825558620712
267.49955595833336,10.289320723464591,0,0,0,177.1434093889849
25.76585559865995,76.35610204793862,0,0,0,19.79735528822094
484.40194490922,4.073869887974415,5,2,0,417.06644960316015
400.36352486901444,13.872946342888818,3,2,0,365.73725506627545
149.94690816697755,71.49967311335652,1,0,0,110.18414770423797
490.08531303263106,76.88296367685881,2,0,0,353.94116146356544
302.93138686997946,3.7683009121885505,0,0,0,216.99232262767075
293.299215812587,74.5389824402026,0,0,0,198.71187729086574
375.2962238176184,109.0053282920728,3,0,0,290.2011735221468
406.8260451046181,93.90110304821401,3,0,0,308.28992986476067
329.9569106290938,17.054063509703823,0,2,0,262.1264015543012
68.40739445126901,77.02170418326993,0,1,0,61.73702795822813
172.4424154672767,87.39282500964775,5,1,0,167.698950301088
464.40140196139464,4.84005622779793,0,0,0,334.6556382770797
116.18472786270671,111.19519692887094,4,1,0,134.68482944411312
189.2226767995691,117.81476164767793,0,0,0,129.05416061956447
218.87805705737702,110.55879553709362,2,0,0,165.19858552913297
222.50546989875383,107.20209083858472,2,1,0,168.35185785809344
308.40509333479014,96.84547579991613,5,2,0,294.3869854135818
471.8225396836303,82.34616406665482,1,2,0,370.4484405554184
124.14289235708995,88.22151064847274,3,1,0,121.34002880644663
65.14318126895444,104.83138813354779,1,1,0,72.67268105730277
102.74789248066897,86.1247995869696,0,0,0,66.36833819463715
444.0278256035884,42.604504368669225,3,2,0,366.7628610481068
324.67635226432697,48.87494328097601,0,0,0,238.31392147218034
146.52386067338426,116.61747088839797,3,0,0,131.3954130343241
408.89373478946555,2.225871153631047,5,1,0,339.0442238299271
431.3781481999008,90.84667556175667,4,2,0,365.77974046607426
424.0245976516876,124.121081815278,4,0,0,315.1868540183761
459.86863415157944,91.80966209453658,4,1,0,356.0066486128503
129.859304985814,129.20855847013166,5,0,0,118.58006712070936
378.74575472940774,89.38083771868301,1,2,0,315.78386134136036
232.9670511506993,4.467193798191939,3,0,0,188.60802405360684
421.78928368058047,107.51128461410006,1,0,0,299.5460596862096
365.6028851949985,37.00188855211148,3,1,0,284.82174508976874
389.3414860173637,57.98743933637732,0,1,0,288.11013117773007
329.8001096521304,40.57194906792067,4,2,0,294.7260971999512
92.8272408875049,34.91203380725833,4,2,0,125.09479083751538
274.7883248539845,56.0827414770721,3,0,0,233.37554946964246
492.4115210646316,49.23768829728759,1,0,0,349.83798535245666
469.0070929160739,82.33401563953662,1,1,0,353.28158740757533
26.370999219520776,105.70965612837638,2,2,0,72.54800407048081
86.58333378607138,38.6215249143413,4,0,0,76.20834399485679
70.20574286000814,27.783749866862266,4,0,0,72.2460500087802
364.36005544272126,86.6963852131445,1,0,0,271.7674286143879
409.8037382791878,87.14160855800161,4,0,0,316.8898819473079
110.6881263237826,117.14706110720233,1,1,0,81.14833884083866
255.39708301115536,2.0729392389304104,2,0,0,198.23068764932916
421.147998865544,110.8952860751463,3,0,0,313.6401985691171
367.73676465929407,67.7302824832864,3,2,0,321.1019222799836
273.4074167184649,80.76927159237285,2,0,0,231.5834425423476
297.22210677709256,11.87828727298392,4,1,0,251.04579170770523
256.6384707235586,56.239941273365936,0,0,0,186.66612471597594
152.28648340281617,29.549312941008093,4,0,0,134.01039046403312
284.685886465213,33.04925391072618,1,0,0,198.07845446802128
345.9982245147949,65.53236490788356,5,0,0,289.4493651127047
437.2948433510998,105.61927355240461,0,0,0,303.22615937993095
319.9642202197278,96.6915209188313,2,2,0,274.1944613171862
381.7551608363632,76.829994681174,3,0,0,307.2155109993746
84.23545930251363,70.12436505795071,3,0,0,78.02095438525689
233.47094983779598,55.549785620483696,4,1,0,213.54097660118572
9.619151814411182,126.45229656298022,3,0,0,31.877292577383866
127.1060379382034,72.82503205045033,4,2,0,149.54408977837068
364.5985489809374,33.015631780588876,1,0,0,267.6363474544404
495.9459259179349,29.911802965205144,1,0,0,350.8316849744453
54.093159295671875,79.47589400076843,2,0,0,60.725932544817454
203.7396863513377,67.96757855042074,5,0,0,191.0400936442311
401.03512950608393,1.000714384112662,1,0,1,308.7246849880933
105.99763914130493,107.90849838545131,4,0,0,115.70415076419744
279.7670499046317,91.5359060502165,3,0,0,220.52328718827974
367.87029153468904,86.03780765815345,1,2,0,311.1037648479697
309.91279787878864,8.941485500695665,1,1,0,261.522744354764
98.07224363463098,47.06726052242389,4,0,0,120.30350780722068
180.91536149944102,121.5996938952622,1,0,0,133.26199159440344
392.9769333202716,112.13660137437728,3,0,0,301.63702751869886
279.34212449534823,37.120581923039346,5,0,0,223.69707230570748
7.588658703741805,20.41765493288803,3,2,0,70.14451074055155
381.69042621390645,58.38143443191502,5,0,0,308.9314869637118
22.479120695418338,46.257949226795915,3,0,0,30.501444933556648
374.1382224519599,88.68942897177884,3,0,0,296.379205213957
105.22787728179252,125.63652531096156,0,0,0,71.88801512421522
479.2463726590932,47.19018849773299,3,2,0,391.2033852587315
187.13067189453182,8.089142444791461,0,0,0,135.68770577948447
166.83115008734916,116.68982108451009,3,1,0,144.1775104358065
78.69958491456012,4.933464931183204,3,0,0,76.8675324323245
156.27408666765638,123.8595666299333,4,0,0,154.82737641528604
438.9421271049593,86.39532564117518,5,0,0,340.30933868439865
498.1854971254874,122.41959709745339,3,1,0,388.33903625614613
187.3132176008899,25.955759264367174,1,0,0,134.1696023188317
227.06226232249858,5.290973382994991,3,0,0,173.12052042966772
362.42511441035487,63.46729717594393,2,0,0,269.495550514962
443.6669113302119,58.58104389411628,4,0,0,366.1364843343759
298.55694542245817,43.09399552313477,4,2,0,282.58071066635404
198.80522059802553,124.49534167053068,3,0,0,166.091570606818
209.24781122006874,106.93588518098619,2,0,0,157.38336918524686
349.3309825159194,86.00566277882713,5,0,0,279.1253293396278
6.593040484117948,21.171577912917606,3,0,0,12.902615891380949
311.69672204262116,95.4620430684082,1,2,0,279.37653941357695
180.9690401684719,94.51161911096412,4,0,0,158.96304972443238
398.1276789821567,55.25886257008097,4,0,0,311.46884551808233
51.030366712450416,120.22216826282177,5,1,0,82.8560631245497
296.1601221394533,21.70712468977136,2,0,0,242.26554904961068
243.08158049363126,34.75388311351636,0,1,0,183.28250258042942
322.95113532308756,8.219164102582374,5,1,0,271.23271170847767
37.10252926906933,103.40862456308638,2,0,0,56.78202451594765
292.091974776925,80.82872019240165,1,0,0,212.2156744376205
282.93487103996426,40.94223973856244,2,0,0,198.89447556516095
282.5267467360046,21.295776267260997,5,0,0,221.68758666966008
303.7263949652451,5.219210103736248,0,0,0,212.66971405075324
339.8516289270493,21.676923921371756,1,2,0,285.720015850365
403.46955484198105,58.92700402389556,1,1,0,308.39954860719826
138.5612564634661,32.1330059713788,0,0,0,89.54322566019486
413.3994580391307,33.667683066155675,3,2,0,347.38405400588636
251.63656272040956,113.82492766680286,2,0,0,184.7389585273578
43.14384817149393,66.96789754994307,5,0,0,76.47790757971865
33.98270997576971,94.8027565066939,1,0,0,42.72957170116373
170.4479677545501,4.642423373658602,5,0,0,173.94057160316038
393.52400367017646,47.47123623814373,2,1,0,304.34546477798824
355.3020626967533,62.292015161407434,0,0,0,267.5891199549112
395.3644075128412,24.23419117732401,4,0,0,301.64463558147133
261.04818293859665,15.624900387920027,0,0,0,186.2127820263189
222.8985039879678,113.13949120497954,2,0,0,162.19274816127196
77.98900071961056,122.12611152297355,1,1,0,76.41106600420629
167.45541303660923,10.244870745902963,2,1,0,144.16651341422775
219.83958625606826,45.3724326305176,4,0,0,161.89626343176832
48.85721269141053,124.57713165878158,1,0,0,51.67390776472341
114.20291659204958,10.811025307220435,4,0,0,117.11197369820911
301.1215205615507,83.67337847423441,3,0,0,229.15559248654796
369.15324154839897,126.38877822571072,5,0,0,299.10971946039353
499.1820181395101,127.16907691557869,0,0,0,338.9201018405549
466.89109901506106,61.25903301748662,3,2,0,380.23820298925455
323.06977376991983,21.15738401170948,2,0,0,257.4709669449067
213.51778638056564,26.27096094706705,3,0,0,161.92931907829032
319.9077955305752,115.6481813661713,0,0,0,225.90318429143267
393.89755094971486,118.51879056286568,1,0,0,272.67808106796855
63.57641450707672,79.02435370356211,5,0,0,83.91897604491271
207.9029203996627,99.60293193108848,4,0,0,180.61970858281234
420.7021313896305,96.19106269115306,1,0,0,310.68338234082466
194.99731120685678,86.03680773858392,5,0,0,177.8570168845032
288.0767742574573,107.54600413335208,3,0,0,237.7898311026338
295.9458336267881,89.10286099524174,2,0,0,218.31668694952788
96.31574530115148,69.42029974717491,3,2,0,116.06311443863282
184.30654361788274,30.80432713646038,0,2,0,160.81418218103784
170.5830879272564,96.70545873542048,0,1,0,117.29551413080185
17.96737072337207,61.54692281897568,2,0,0,27.791867152129143
16.974923126220844,38.322918920976214,5,0,0,46.72570385205988
416.69003661950785,104.2530158464308,1,0,0,305.6319795740921
140.17005093654214,90.57276804589368,0,0,0,84.39739211388552
261.4489892882136,121.854143206211,0,1,0,193.43511636092651
152.86915892644265,21.507413202454106,2,0,0,133.23796938297818
470.63622633209354,84.39460700274411,1,1,0,353.56387183165594
133.351895638558,31.75113085146288,3,1,0,107.67092698088041
217.68012230577287,117.46578808921342,4,2,0,218.3511763133917
437.0014739898779,12.934923853360038,2,1,0,325.27665405466627
421.7571155619453,85.30103483783404,1,0,0,305.0266620712181
97.12020183390727,102.84114379864388,4,0,0,93.92955803852038
402.3084383488767,46.13931924741193,2,0,0,314.0360947515997
231.80250893525687,124.0379503198952,3,0,0,185.9967190693859
244.06959168225083,110.59498899618485,3,0,0,196.73524608850335
71.07258634589218,38.30037895903744,1,0,0,56.972311998729644
44.89774930977671,0.9803420530798279,1,2,1,97.16258446810599
365.3299569520138,38.56543289534791,3,0,0,277.52800159058205
250.74827041587338,36.57036116119653,3,1,0,214.56043943111044
221.24109779451388,115.69539897511817,2,0,0,167.04285733312827
366.10657318293636,125.72575317311718,5,2,0,342.81624966554955
383.92888500059934,9.157198176133846,5,0,0,311.4766485761302
83.65954299633002,61.268327709331174,1,0,0,64.88077950944205
307.0614489914324,71.28315980887345,4,0,0,253.1280845913966
72.00027072745434,12.078515972861428,3,1,0,85.86099094143853
376.9306675843776,49.07470218787793,4,0,0,302.3145428909023
330.1928023522341,41.22071426108358,1,1,0,250.048967157355
478.5242374363117,69.68732606252135,1,0,0,342.81112475121796
39.134218096428484,85.95481696515193,0,0,0,28.841639592679087
33.24208696987088,91.45306436455365,3,0,0,40.56161309000164
144.68260197313407,17.77815306974038,5,1,0,155.94285331120804
134.54431344927346,105.68320125280079,5,0,0,144.19513788233482
127.25450554063991,88.21046387279867,1,2,0,138.23804745766662
453.5960173579132,115.57973917707355,1,0,0,340.1488425088487
128.52536892550552,58.41368772660643,3,0,0,122.46557074475197
139.61511443367235,116.2056691538849,0,0,0,96.13757976524565
380.90213989689204,112.5506359062898,0,0,0,276.39423125408416
227.6212220130173,56.99321320670505,0,0,0,149.1271107238163
389.4717256928147,49.54863098808722,0,2,0,312.5958371531179
37.3562479943707,121.26556194613339,2,1,0,39.12792701851046
246.34774086832522,92.9714154899969,3,0,0,194.5056198277079
21.638732090724904,120.67189503694983,3,0,0,23.917145957495134
36.01333571040049,103.6067212564557,3,0,0,56.86991462287244
453.6865394054834,79.20866710788387,5,2,0,388.6953647393083
73.9264587032096,15.060861010489386,0,2,0,96.34028559432417
268.54823772623246,37.8924874352828,0,0,0,188.8837762601135
208.49232328734973,125.9495129227909,5,0,0,166.57320900543525
176.93494649812712,41.52487283284658,5,2,0,192.53779729366983
450.4175061151999,12.123133072098202,1,0,0,320.3653641040157
15.802581403867302,91.98193626951158,2,2,0,61.42176586453996
333.5758946569166,95.42055309067895,5,0,0,285.0376544687378
481.8802449357075,37.1095036373296,3,0,0,376.8133119351007
282.28325081361174,38.69735731501949,2,0,0,211.57767585944674
468.72711870638045,60.956088116141906,5,0,0,355.5236929125379
30.867650246581764,2.8325634690932198,3,1,0,45.691950694647964
212.3026929417099,102.61199134695127,0,0,0,154.1772069493448
133.7781065262153,41.22154234563633,0,0,0,93.45742243760061
366.75637766546123,110.98920326025709,3,2,0,302.308952802905
490.7420597961371,104.34195480800439,4,0,0,370.6738265458776
131.98238090990264,85.9822643054418,0,0,0,104.96819888370872
328.8164277296669,42.23373272290753,1,0,0,241.93601730844333
103.05832821607136,67.1211530159521,5,0,0,109.17267797838977
284.8384760129469,57.82780348773467,0,0,0,197.56330823997337
234.6465809107264,44.05464521232765,1,0,0,168.69326187446666
486.14263816761087,110.25771760941316,2,0,0,362.45515441469007
306.22099998475096,62.85591969509649,0,0,0,217.43454634304055
178.0056541829753,108.25400271362905,5,0,0,168.59019572967765
61.47741351952702,13.678401638437157,0,0,0,48.31564681746199
79.8671802237926,18.333222518043645,5,0,0,92.55431419346893
116.53188032586137,127.05163966468697,2,0,0,100.11568608498958
129.2284973634475,76.40990013879166,5,0,0,121.88732346534225
426.05494863136323,66.27005755487637,1,0,0,307.51115194279055
282.80528019984985,68.01028820873452,4,0,0,240.49581041335134
264.0785011303114,27.984940624271776,5,2,0,258.5047439881546
61.81059157526265,93.43151343525649,5,0,0,77.67629086604182
430.7691482079703,11.021481084868068,1,0,0,313.16669977587077
362.7930800881994,74.53208270339302,3,1,0,276.1990999859156
38.495839140500784,74.19994355616718,3,1,0,59.76116807418443
355.3783731287355,118.84449513735643,3,2,0,323.71971835376223
274.0514175846098,68.40376531363185,5,0,0,222.17053028351407
45.45404614465524,17.81815047664334,2,0,0,48.88870539567947
231.85881755668495,74.45792370226113,1,0,0,170.65359951887154
244.92466212937325,11.872593767493207,5,0,0,208.44621024457604
87.0583973808215,26.493198588989816,0,0,0,60.84883664245811
473.1205827651398,4.044115944364098,5,2,0,412.3962501410933
425.73780888292765,66.72816571973478,3,0,0,312.2377142011164
336.1660569779086,10.989239988164407,1,0,0,250.69175108769326
233.83630269530056,61.02126920907278,0,0,0,165.68312971587454
208.82394308433172,121.28285459213873,1,2,0,174.7406325361129
327.2318662397223,93.56898369251317,2,0,0,248.8057439243004
274.9887753564182,10.063517649288096,3,2,0,252.73500279154115
35.82518741153338,29.14727558714961,4,1,0,55.24258340478853
258.6888111413142,87.57611458614645,5,2,0,256.04901116689956
404.16979053025557,116.31124193314388,3,2,0,331.04993934632625
232.32373941049423,4.279416279313989,3,0,0,179.4308940134141
30.718505889362863,105.61864712367722,2,1,0,45.41643221826138
394.20770869509636,73.03580444398013,0,0,0,263.0937080253828
104.67507215730733,70.99187228853104,3,0,0,85.12582052552848
133.0173132695792,124.51571375793652,0,0,0,84.87764003928457
86.52964494898647,97.1937996375805,0,0,0,61.79230172320794
168.45645711139127,110.51545284729455,2,0,0,137.28249208022075
379.5919953158743,46.01942404080667,3,0,0,281.5120687095758
262.096000454449,72.06732530769328,5,0,0,212.46856264934814
106.41623070460271,80.0027380656102,2,2,0,126.76034831126634
439.5258886852602,41.80591224712046,2,0,0,325.6539175763763
440.39301820100695,74.13225624316193,4,0,0,333.3635112654583
435.93632039777344,30.765199332362798,5,0,0,360.1782384783663
123.20412463386194,18.638837238871144,2,0,0,103.02713796435015
228.3634753695891,48.61613370605324,4,0,0,188.4662616235237
492.5698797897332,96.1076517370368,0,1,0,353.2215715681697
387.14617577344524,119.10432924960539,5,0,0,318.359141073269
18.44787350665211,59.50282669477023,5,0,0,53.92742791833175
37.276272673943566,83.56707947580612,0,1,0,19.673862833483405
234.64603152210472,13.394827026763062,1,0,0,166.57019242396615
455.0640019014723,117.58028861180274,5,0,0,353.2005725246405
271.65738998659356,73.91854776409147,1,1,0,207.85059727762533
251.41719147697367,101.44397219127042,0,0,0,183.1151728918277
57.20948147853214,103.27735611978119,3,0,0,52.351795513999726
330.10615183852553,33.34246842785377,1,0,0,239.50143985916057
411.9410644971116,68.79267891364044,2,0,0,320.4753271350378
193.30790371624335,124.86236770292706,5,0,0,172.71418153802975
388.9278662080371,11.652490826707611,1,1,0,284.4886584514507
482.41594368090176,88.79648674384325,5,0,0,364.5209952630445
105.8643972682061,125.09433014457235,0,0,0,70.345690707434
264.0481674413969,39.07502404702288,3,0,0,198.27820700510313
147.13328925186488,111.98822978256526,0,2,0,136.30739171946692
397.4629374217505,121.37548090307531,3,1,0,316.0417262186754
290.90871611117296,97.12120722132725,5,2,0,277.67996023248963
319.11829668740035,30.072680599904576,1,0,0,228.1398368874826
399.96750900986757,43.420093447457205,2,1,0,289.61386002751414
201.00538396791518,4.655208274304995,2,2,0,199.77410845120514
457.9695838614864,108.08892045189617,0,0,0,320.1003090123414
268.8492892868393,110.4494542464404,5,2,0,262.7478493041075
83.18763730349727,82.25234029560505,3,2,0,108.11506404610918
349.47006349355723,45.82862066430067,1,2,0,286.20414348635626
397.6643684669359,9.98543359318967,3,2,0,333.0850215891523
161.7970301484257,97.89748928893823,3,1,0,132.80439904762315
429.3037322143827,94.44840516928997,3,2,0,352.4662479237195
453.5409111090544,118.63832782605714,5,0,0,356.01415935430714
142.06772125201542,94.96916273069708,1,1,0,119.17025002250463
491.84312899403494,107.73034249172024,5,0,0,377.0279822634873
74.65220638413541,96.97410032751993,3,1,0,72.4713822317329
104.99775585923254,81.98933448060113,5,1,0,115.90812053748827
96.19129542282293,55.5056312448312,2,1,0,98.31640094022592
447.5249064538959,117.27525012349611,0,1,0,316.44756085003496
328.8748134008561,84.62591434797108,4,0,0,261.0628662482341
80.29162019502508,51.78619185556818,3,0,0,72.33248305179337
222.96009209233276,10.85100837365444,2,0,0,181.94018883617255
309.572522409552,37.79163126756968,5,0,0,249.96232840875868
46.31472206974473,70.68447552792142,2,0,0,53.0507998775761
441.7961023616327,35.83259810210529,0,0,0,320.99168872529447
402.7837500435599,28.760595229327276,0,0,0,298.1912669798787
255.0773529204359,68.56115683142013,4,0,0,196.67479280671648
483.7276745532894,22.076644966445496,4,0,0,357.6718362214827
211.79168474117435,104.05330823226345,4,1,0,197.78698792506285
492.1346079230664,62.96785967454554,1,0,0,363.60249075347764
335.6203994077954,74.60216061514453,1,0,0,238.55617006725586
319.16228026070104,19.15982478765531,2,1,0,219.55807812262304
87.14767317141357,42.19492363181776,5,0,0,98.24398866447413
441.55424036079876,53.31165882394988,0,0,0,298.02786631926045
216.6073955207045,105.06766796714538,3,0,0,167.05004271894674
85.30553586232728,100.12073800119983,0,2,0,97.84640440276664
11.240722388000725,28.98707172239858,1,0,0,17.975417337591796
282.07906340099936,80.103280608911,2,1,0,236.74646543243477
266.0628129507248,31.649326510359685,3,0,0,206.05441540863288
361.0800430727335,128.47213023973188,4,0,0,274.89330706907583
445.67773624381203,123.77610415701318,4,0,0,351.65167692492867
44.306259398299616,73.22441366768066,1,0,0,41.86864169981061
367.09076271847937,90.85733434623859,2,1,0,279.2547039294203
97.7689123283032,104.18594968712385,5,0,0,105.29919432726298
429.79764131279615,93.72979460583751,0,1,0,308.98426729975967
410.4364393615198,90.97772984071472,1,0,0,303.1481653014628
272.6929087178445,124.61202103343865,5,0,0,243.68056744165528
356.5701853185392,77.53929381994683,5,0,0,281.1671903621678
160.60330602595545,82.71934733647723,0,2,0,153.15506153113552
238.22810997174324,110.40493755696355,3,0,0,175.99321005186638
411.7102643666835,87.08581282159288,0,0,0,280.965971657942
232.33627260074087,95.28124086227793,3,0,0,190.6650927492199
182.11014133609368,30.44192920556352,5,0,0,163.91472739221868
249.63516138889844,48.26470013495921,2,0,0,180.6305569858124
414.9833799564231,19.149174942546093,1,0,0,300.20829849709065
170.927983448582,65.74950750352471,0,2,0,164.5652642701292
91.01198860219318,59.24456208843202,2,0,0,65.62141530226103
357.44694006373646,129.6311658563294,2,2,0,318.4343155742167
413.8592152905005,79.45712486602052,0,0,0,297.2931691357062
54.815551869149,102.23782701527503,4,0,0,72.83000149240009
123.73768581419264,43.42190719849505,5,2,0,159.33214151615817
75.27613493169198,108.10089307456354,4,0,0,97.66024933550118
177.23099873317247,79.96104564339885,3,0,0,155.36514057912916
227.92373455817926,90.609003107797,2,0,0,171.9791580236594
375.6690367968367,38.27600113342907,1,2,0,315.1946507167199
327.3180545164287,71.32299092042503,1,0,0,231.64977372179075
312.3596409018234,82.42480654376912,2,1,0,241.36692338630021
179.42559857177892,76.58230785615554,4,0,0,168.6530673226583
421.51653877695617,118.97518248519364,5,0,0,337.02933682701865
238.28714786209147,116.77544638403195,2,0,0,188.55640525284537
489.6569443175015,126.22792752399317,3,2,0,413.76682177996713
318.9003584563897,86.76564078090861,2,1,0,253.44014451834886
67.50104707442885,126.348836916339,0,0,0,40.34719278846809
339.7078932273398,108.22214000414816,4,0,0,283.54533858888817
165.926487638691,35.208178244194706,0,0,0,121.76990529618348
344.73196235961825,55.56663704166862,0,0,0,248.6213824177015
39.472368340390844,30.991017484571273,2,0,0,42.765730844246534
91.5663114020999,0.5456309079734767,5,1,1,137.63188765564627
428.58994315836424,24.44633790909812,2,0,0,334.168684291559
117.45388072663987,0.5278762172938367,5,2,1,169.5305338593139
419.3353569952553,93.5789999755637,1,0,0,312.7901636965106
143.24166378493317,55.31945870375594,5,0,0,137.4211169908184
323.2265454790603,40.63471452012158,0,2,0,246.17694808330077
348.60453388736636,99.02371584237443,2,0,0,247.83729356302183
258.7641028068012,108.22328070055386,1,0,0,193.67563640576188
156.128784964882,126.78894002448439,0,1,0,128.30174751289113
110.25896630369257,83.46176600778135,1,0,0,90.51153767030995
21.428730508400978,59.99876461020672,4,0,0,50.84804980105336
155.45346861415828,39.68435920896667,3,0,0,154.63831124706945
328.3155813129851,28.901367197849417,0,0,0,236.50762644581744
469.4608851319989,27.680373562738158,2,0,0,343.3998539764731
436.2462187202108,53.19461871357384,5,0,0,342.7987063433613
384.2020643849748,128.93222618743087,4,0,0,314.7164728181551
395.28143491038287,0.11098066686242469,1,0,1,292.799488240644
334.16752722061767,25.636766640030103,3,2,0,304.62459640079896
133.8419944951715,24.491087712464598,5,0,0,130.62221169697455
454.0615401993858,93.225533119198,0,0,0,313.02981370050543
337.01249439338784,45.823014587748034,3,0,0,246.43983067959007
282.4181123353178,59.44390459693668,4,1,0,250.47930473869016
59.93978726067313,19.321136961087646,3,0,0,56.19417906255015
226.29249418418058,52.649615054003206,0,0,0,160.29713592608633
232.87734424495352,13.415975547758686,4,0,0,184.4112561736611
432.95898671372163,69.2956274255158,1,2,0,366.510847303518
275.5908689929553,12.731987499771272,0,0,0,195.41828828453015
193.2982717403528,102.76608955251031,3,0,0,145.92842680787362
488.5161626127764,73.65822328026363,0,0,0,340.97559833531085
59.80669369652626,94.1158235905572,4,0,0,83.55470668842287
214.1614720144126,54.4071302648489,3,2,0,199.98131989987212
25.80221420984562,49.59386812148955,1,2,0,58.16044625174227
371.2525397796305,12.767155576352268,5,0,0,308.74498717191676
459.44789333857955,68.10122891556695,2,1,0,350.7967778605695
143.61847812749227,66.88528143142196,1,0,0,97.60262819215869
429.87913001556484,60.853265778448694,0,1,0,314.454261793968
149.6480240786394,96.2673874087184,2,0,0,118.65914860843586
455.83123001373804,108.22557200420609,5,0,0,358.23495513155547
378.21114228040807,97.60265774330605,5,2,0,347.491590766136
403.4288545365121,18.702546564889698,4,2,0,351.7385764410351
13.913245022224977,80.86773620667405,5,2,0,80.98607203977994
481.59112675164283,10.44200373963934,3,1,0,369.26948904860984
364.70214107481,90.30089736726194,3,0,0,288.7280425586292
155.851792216136,49.63908255294647,4,0,0,132.32991730529125
415.55035910512925,17.224864314617257,5,0,0,309.81849844834346
144.3529932153903,112.06661140689661,0,0,0,99.86857560228589
437.01315058523335,79.82108407506186,1,0,0,319.0842464623551
60.72729325390882,46.11424583317857,2,0,0,53.51906768015248
353.3245588430939,3.9945333545649397,4,0,0,273.477446130333
272.6457459392306,69.85033367046937,5,0,0,225.17759165270917
52.784562746743205,120.01936420321024,0,0,0,37.03869031231658
124.73744498812529,77.52937825130755,0,0,0,76.36532059619857
11.139997957270822,126.3145786005341,2,0,0,28.215975759803253
237.04014290493038,17.73864537515961,4,2,0,208.16143308420692
154.1263040762002,73.87966359732879,1,0,0,120.85510134682951
301.1869547273906,103.75625624083582,1,0,0,222.62225618726487
152.1327148157655,68.3202950463431,4,0,0,140.66103115539835
153.45996019595742,11.838626278371438,3,1,0,121.56883712729805
372.8806333721437,75.7751802011383,5,0,0,301.845326615188
28.83070380928496,79.52592775952132,1,2,0,58.66857692238692
451.9330226200337,94.73220230179584,3,0,0,355.03125877900885
426.8706178236348,98.9574969715116,4,0,0,333.37592310650183
335.5633181970712,100.20044946737893,5,0,0,262.2776664633857
298.64467720315525,86.24777117306559,0,1,0,204.59344803696646
446.68973657912784,28.05545423442556,4,0,0,338.5774622638462
96.73843886671365,52.550648259132316,0,0,0,75.59000876930351
44.08973528446016,100.89689643987182,4,0,0,70.29426701149195
123.55753410522136,123.94550784210571,3,0,0,110.44966252982321
398.31624795659417,10.263105428760861,5,2,0,353.88469012184277
22.161782029609245,69.61976811363533,3,0,0,34.25520011793443
293.4893833663274,40.62789527215983,5,0,0,242.97677890094337
497.7415705146984,29.30120626118787,4,0,0,391.08850622510124
428.569566449582,65.75538885756295,0,0,0,299.4000921695296
263.11561607657677,78.79161427234978,4,0,0,220.4578784978023
36.50225009688796,1.2703900845325622,0,0,1,39.01052895469733
416.5298896209264,101.42685438615482,3,0,0,324.7405675666973
301.4943615477192,106.5846770637282,2,2,0,268.42805606899583
61.891833544485586,125.5164071938313,1,0,0,59.63742819077149
51.45935598756132,23.483685319210345,3,1,0,83.86332135585022
455.26527562111323,77.29183310692324,4,2,0,362.92584871009143
336.25413015434884,55.461298551931286,4,0,0,272.93979103687855
415.496965661794,43.527620702195584,0,0,0,297.5141183409981
440.09455563972233,73.53234868687561,1,1,0,330.8824608570489
288.0273142639195,101.70980211906154,5,1,0,250.47871554816925
261.13594411874544,2.9968618478773146,3,0,0,208.09019485728965
218.06156810889016,126.02201463360427,1,0,0,164.15311139997812
161.88856095660404,105.2846061417424,1,0,0,129.62823190855215
220.1250006250623,97.6499814739252,3,0,0,184.41901635849948
388.0704295864274,98.85035968346546,0,1,0,282.7074406752474
302.9520983524901,50.57789225042484,5,0,0,248.1612516201026
446.79902852764883,97.71067160982578,0,2,0,351.5689314591549
224.47310711769794,50.28012711838449,0,0,0,154.7357210870773
305.5093414657832,116.8318878447231,2,0,0,246.0757646543665
317.4972387805344,23.038909829841057,1,0,0,219.87882346394184
297.89009534163114,38.00516514796969,2,0,0,231.42347032316556
352.8037176773306,71.67388055087989,0,1,0,264.7324818618421
122.5295668455291,41.49743466534542,5,0,0,117.717934629813
258.62006988516634,55.15084188838554,3,1,0,215.81979988706541
56.5912773901321,64.01494962181731,1,1,0,67.51341920106678
195.3331071841822,111.32593534575612,3,0,0,156.5119617119293
246.3951989675259,68.01499296913006,4,0,0,214.53343644488032
327.8510084750089,47.11978031989286,1,2,0,284.6883585676502
475.51287103017074,32.20570132456505,3,0,0,350.86740332890184
302.32227794143614,53.12787724298563,0,2,0,239.43141346178584
373.07898850739707,67.04569357386809,2,0,0,279.2387642013295
255.60169945012535,96.99493143642073,3,0,0,190.86204426522886
318.881495531284,15.736340902404027,5,2,0,270.9505044104948
40.11144698621785,28.809194471089615,4,1,0,61.709251951302534
130.92383251671424,49.35502206292752,0,1,0,120.98509346416934
184.11728113654365,46.8517926655369,4,0,0,154.7407321683673
238.88421072822422,50.927251388677526,5,2,0,244.03967725138585
27.59612902367995,103.1577644032422,5,0,0,61.779529547886206
74.31192828889225,42.140072385082505,2,0,0,66.4848960541355
142.02308235669636,65.2467634523464,4,2,0,162.04897928991596
485.90868199602005,81.10791427152654,5,0,0,390.05281288768003
169.01676851601013,30.183211523868664,3,0,0,141.265201047413
243.61032376548084,93.43040032918006,5,0,0,207.13775543577475
102.06836780550451,71.12447156597652,5,0,0,115.22569380936649
307.3361351825053,58.08155119407915,3,2,0,265.27709163931905
143.93819168040727,105.2719234759808,0,0,0,90.23541843221776
107.46132632702125,31.65438369407366,2,1,0,84.63090434933173
260.70345108075963,114.81287617986202,2,1,0,212.5380776094202
7.7253705844083065,72.93633559767149,1,0,0,11.180239249630992
8.793696161366537,79.19273431935557,1,0,0,20.844535464625476
113.4390605054196,113.75766534196256,3,0,0,102.13282860205783
23.177074437906466,106.28574942041368,5,1,0,49.0216732043712
58.47274829469223,78.20306894684704,4,0,0,66.87436242246136
172.73602142268203,97.91440150026264,5,1,0,175.00247216270085
402.27991139200736,56.33153373027659,5,0,0,317.60276024156025
288.1640784678039,71.15910795496701,4,0,0,242.8912690893549
258.77052434842614,8.069117772106448,0,0,0,178.5794205628108
150.2769674880202,11.681529340006088,2,0,0,126.95207981620014
466.2180911192441,107.82530254422316,3,1,0,343.6518139169348
201.52244541240987,7.757315238724566,4,1,0,178.01312073582073
48.11091956390689,22.021886332238946,1,0,0,37.67703164391174
310.4479254783116,103.45824566355739,3,0,0,228.15888196238782
61.3500047709177,0.1489735816733173,0,0,1,71.31317181478519
175.8854556868376,36.71256274996236,3,0,0,139.99384605316544
256.16890966531537,75.92502551746084,4,0,0,202.93560766198487
437.74014971916205,77.40849109100856,0,0,0,320.70474168361335
249.30555726835874,101.02987806983157,5,0,0,213.43344015916173
352.6180891856738,65.77041308398216,1,0,0,263.12510033699795
496.44433530453983,66.22224303902614,1,1,0,351.30694469509166
70.08711434950091,94.29037482029106,4,0,0,71.08638079662421
140.99210513216215,64.82118022461685,0,0,0,118.3013395503845
200.31515742083496,79.10384125327019,1,0,0,156.28536067385247
213.80494837672154,116.71062887315664,0,1,0,150.2611355011728
208.45543225644516,52.188630989608356,3,0,0,170.77028587080474
454.2674462654947,50.06625921949889,2,0,0,326.0985203467917
358.4461590110939,0.4613689424202705,2,2,1,333.9653372209227
305.9130809748984,79.74541399776015,2,0,0,209.91091604525087
158.13949534207714,3.8703479629271573,1,0,0,121.30555522033686
412.7762401895409,65.53930366468111,4,0,0,322.5139969210171
477.75495318506955,104.55039257418946,2,1,0,350.62512464609154
411.49314986236215,71.48973916755621,5,0,0,324.00738599907635
5.774727069779088,35.052701478167876,4,0,0,36.25616828559888
320.01867824078647,102.20189478841826,2,0,0,224.2924068775086
30.312013813839858,35.06321053073005,3,0,0,31.48070551319704
132.5155740651923,95.29413152296684,2,0,0,106.54444327884309
34.46472667214698,79.33359917473007,4,0,0,45.630499022201754
303.87874920994693,22.099518577240158,1,0,0,217.5344777247025
344.8620071788404,117.66740372974414,5,0,0,279.251319280991
61.67138084262303,26.083678784435442,3,0,0,56.938602741256574
195.00024710726484,128.64631963828708,4,0,0,166.208043497021
230.8370719329933,0.9503635251423004,0,0,1,183.625797601343
187.68124577165372,34.2528390285774,2,0,0,153.89069303934647
64.90737524017055,25.98183864564585,3,0,0,56.20452069449699
212.37915614280033,1.8191433221601416,1,0,1,169.45906363066922
376.833133665167,95.20782701915103,0,1,0,280.29673682096967
40.14879394396146,90.14535427294751,2,1,0,38.40151955797694
44.689106970542205,103.00562536614096,3,1,0,63.100962325394086
180.61178945881218,33.370811040393484,5,0,0,163.7435554749956
471.1542272513679,57.76357172078609,4,0,0,338.097908081632
335.94346012784246,85.68475781080117,2,1,0,256.087448642519
340.94162855291955,57.169905505458665,3,0,0,265.24171635401393
184.15039546474316,90.65235014132905,2,0,0,142.48185357278297
298.8620916482265,82.41654309725747,5,2,0,278.69293077062815
10.014936093732972,14.904214392882942,3,0,0,30.074923952930924
319.8675429727234,101.53560574000585,4,0,0,263.4889117220687
457.0770390502372,93.68792668202737,2,0,0,341.8809170206227
308.2238668306855,85.25847039026269,3,1,0,241.36710942364851
437.4808037658408,20.162168815230302,0,2,0,331.6790702061103
363.36666245571644,34.83953834339728,1,2,0,304.3693182009021
64.67641611982668,51.11301410638806,5,0,0,71.05429411417937
451.71438710649164,36.39085081533764,3,0,0,335.7049061785332
37.889702956108565,29.61533778789709,3,0,0,50.154176574480466
269.31389891114304,104.69649712103084,3,0,0,222.02266538619446
75.35787627776155,82.97019202682631,2,2,0,115.1661172762598
10.794772311797512,73.51137710153255,5,0,0,44.166008830027415
213.9069587631813,29.373852410923,1,0,0,153.6077210472832
151.04515028880735,119.34995309492336,5,0,0,131.8143308703762
245.5702444298135,24.853795082651114,2,0,0,205.37137302722596
290.71394393360265,103.34362126720802,3,0,0,224.20086961388816
26.650840792928943,125.6674466716881,5,0,0,60.91281610398846
65.88663108625408,94.5220547991507,3,0,0,69.87923182953607
281.52798624296054,129.07164077400188,1,0,0,201.465217706532
174.86783982046583,84.63664520713307,0,0,0,118.59451808709441
365.94087633697677,28.269844668506348,2,2,0,296.26308184668255
327.8843660530101,26.49653418314647,0,0,0,241.5496156229558
423.5741596800039,42.193356953211925,5,0,0,333.90874868126366
347.7839492012665,0.926902628730788,3,0,1,297.9607126297427
217.81588330812332,88.6208011107685,3,0,0,171.31348071728004
338.118478085244,34.926812001617584,4,1,0,273.78968235076616
141.31368125643218,105.97382019805787,4,2,0,154.3514575667486
156.62518189521526,46.692444572709036,0,0,0,107.75598698200594
395.5476541607927,62.39434415023065,4,0,0,296.84903766278626
225.97766061878318,125.539559152848,5,0,0,199.13759589234508
400.1982685565845,31.482375996146022,1,0,0,290.6631783578278
412.0990749657978,93.76303266586615,5,2,0,376.1673483454241
429.49335714233547,98.16531260970423,0,0,0,290.0519791765056
458.73444174139763,28.72976047807257,5,0,0,370.75656418211753
218.33768415408164,65.12958875958543,4,0,0,174.1147235479811
162.83907506896372,45.52625029068589,4,0,0,146.84331390308068
293.18837956408635,100.34781164201159,1,0,0,203.8475562966398
188.73034960162565,80.92283147377486,5,2,0,207.04638607079568
302.5317125661153,61.87779713187111,1,0,0,198.15643080960228
354.26500200869316,101.31722445620338,0,2,0,280.0341792446609
345.76048415360776,30.57022410109421,2,0,0,259.4211159045493
190.40367907496008,97.97084447596669,5,1,0,195.20161656024587
87.59579984088265,112.49866057206717,5,0,0,78.68019688308691
218.11202253879273,114.22080758498441,1,0,0,161.14092710662305
75.58410132054482,101.8775670925485,4,0,0,77.4847825436068
445.59803241598513,53.041841709774936,0,0,0,297.2953138265281
176.2093430652394,127.63504295331751,2,0,0,128.6596101743279
81.45757487554528,49.34717369691718,5,0,0,89.25946898219718
17.596641153346685,83.02130188331533,0,0,0,16.624849543675367
324.6820812118097,20.93964314903093,4,0,0,258.7784366988483
320.2666471400979,127.45835682273105,2,1,0,237.65821892763793
173.59906245773936,91.51816984240622,2,0,0,120.43419836766455
40.497384979587245,97.93908088202788,1,0,0,39.54522872545433
207.76630297313986,8.5509714434488,3,0,0,166.50116065176357
159.05266005637984,99.24431584868734,4,2,0,191.57528689396423
340.1747166688296,100.71404579867817,3,2,0,294.55032517784883
304.86072847908173,87.33045442708988,4,0,0,254.28488640844205
185.4738954577823,37.948249792744676,0,2,0,171.8172925172006
112.8568143562201,63.659705480914596,3,1,0,117.65809743297146
494.077803247018,14.356468270133142,5,0,0,388.6525145688691
229.73080249207686,61.30631863968984,5,0,0,202.25190669269142
345.69574671121734,31.69710083805263,5,0,0,259.393810983253
74.57371895128858,45.38260824423067,2,0,0,64.90805878791282
245.36690133140192,21.138053092480817,1,0,0,174.4276011308257
18.630676335385417,29.907067807096613,4,0,0,53.38695017739326
255.20028336567273,9.953923436615112,1,0,0,178.32630489380801
482.1886165232627,119.58717763679978,4,0,0,366.64591145539794
195.18232292797111,68.95338943680244,5,1,0,189.98354886465148
24.303026224581235,51.57645626415616,2,0,0,34.26376586576478
20.32311650507505,69.5537976599419,2,0,0,30.251496701009508
197.0534461737004,81.67811970260185,2,2,0,199.4793207308124
84.21234354928106,119.84424313801539,2,0,0,76.18475553402743
16.559287682452027,23.230083797220733,2,0,0,21.184500370182384
379.3257389053375,38.42182482257829,5,0,0,292.0929209027923
231.9688893965359,126.85261372473491,1,2,0,211.32306115726513
148.176162126464,48.25508826430817,0,0,0,97.66399961580309
450.54117559315796,2.9330145984525924,3,1,0,346.45881669794744
62.48878529926018,19.193654042830644,1,2,0,97.01494552702673
478.179820332883,3.4240312273117626,5,0,0,371.5472339472269
160.41352510178965,128.69000851469468,3,0,0,130.8349708883563
444.7598177927972,36.253210368858994,0,0,0,311.4315736265985
303.4567238573335,120.06055840170939,4,0,0,240.73111702904126
414.2201430720363,129.46521584876305,0,0,0,283.4699014266629
492.0865157891798,77.97935874860485,0,2,0,398.4514108024817
147.76069172027914,4.315520958523028,5,0,0,135.3577939945483
480.7620652767585,10.606911950300505,4,0,0,375.22094497681275
197.79353797669808,62.60657716402411,3,0,0,152.05283559548465
195.82839284477654,52.80236167849318,2,0,0,157.57754511208466
173.4916166059803,78.8030497516298,4,0,0,152.78887188312822
272.9967656370547,57.050215262477316,4,0,0,221.7288879266903
81.30179637335111,121.42999040529297,0,1,0,67.9639333422381
279.08718525221553,69.51616300375643,4,0,0,229.5463533807433
273.143882142952,90.18438799011749,1,2,0,233.9653251832111
382.14139723941065,116.54308544352455,2,2,0,318.5536371376786
417.6567311591049,19.09334385831696,0,0,0,300.01344446842455
223.0184684046499,29.865505035408713,3,0,0,168.74721204921903
154.6549584289894,13.951425861621958,3,0,0,119.10151522044511
133.37077417196176,18.152991899888598,3,0,0,117.35459037529907
101.3387991689116,66.6359157014503,3,0,0,75.0452909354294
33.53555318851731,41.753303665770325,3,0,0,30.126598750066773
174.5117495231831,55.01246913847814,0,0,0,139.43198433295143
138.77260760473771,127.72367813322803,1,0,0,119.10169786258415
483.37660600387164,20.371565213473254,1,0,0,343.27015386624123
281.06586899377174,70.30556920374983,3,0,0,228.99204944710368
176.90213432010123,12.853250156974624,1,0,0,141.37629386056486
292.3314624918795,41.40452072430422,2,0,0,224.99144116285473
73.90236716611928,68.57837007769781,1,2,0,94.65604902810907
224.80165585509044,123.06212697549391,4,0,0,193.12155531998678
314.9859891034266,50.85966876685279,3,2,0,287.1249464447338
247.00442673726343,8.437870507907077,4,0,0,208.93504879759533
203.8805063238905,50.4609882348412,4,0,0,158.77164201005215
496.9549525053506,18.946352863617104,3,0,0,390.68934003799507
440.75580726371885,29.89864972788789,5,1,0,377.7516953246063
313.58594928892285,80.35178101144875,0,0,0,204.17203616867496
286.84179378523,8.765102606478619,5,2,0,279.0752613085666
312.2269375131691,60.41408831250486,1,0,0,246.00698572698735
104.64949337210446,79.23000618139938,5,0,0,118.89076683650633
200.5931829158377,54.841591007774596,2,0,0,165.11158308783632
24.532468780995163,2.486425581084947,5,1,0,49.3703734136826
240.3952885559792,128.1175163973725,5,2,0,248.81064468957686
273.79716905904326,47.72504975426959,0,0,0,195.4213602060301
117.73611937108875,101.2150343013247,2,1,0,113.52651467324371
482.1942793469293,42.33404398436892,5,1,0,376.0526917188854
455.1800324139348,61.75217840914445,3,0,0,333.2601351062032
362.4609015506734,50.50027353942955,1,0,0,261.7717258488322
269.02638123885447,44.530099836249,5,0,0,222.48829554770512
435.6347340256041,2.8406790370112365,0,0,0,306.08993619634583
69.67291019261414,46.80272192108546,3,1,0,75.46509521866571
396.30234816606804,115.63369875193891,0,0,0,277.9336810894771
66.7863029135899,89.75113401717888,4,2,0,105.94839141918872
398.13427796195566,18.90497168240718,5,1,0,325.60147861146845
141.5049462844217,76.8501506009561,1,2,0,130.2737750867363
439.15983760400354,115.9900117933533,1,0,0,321.8221271926372
472.30083644357194,91.00442532543121,3,0,0,357.3337178229953
78.65400485553224,19.328971006370573,3,0,0,65.76401836398257
234.0244245073698,112.81822457548456,3,2,0,234.73093997871553
490.58875219052914,39.2007217275525,1,0,0,346.05629514516534
244.28668080670758,59.02989876060443,5,0,0,219.13821761579044
432.4560236446998,68.39855875958902,4,0,0,337.0278950584298
296.4221034550033,110.56585856916539,1,0,0,225.44419775549952
190.7883044202029,121.10897436919593,3,0,0,157.8598011055701
146.46285998530576,120.8548741127723,2,0,0,122.88708868401093
105.5954300876132,1.0340435662102831,5,0,1,137.44438653752104
382.09010473196014,119.84550312610943,4,2,0,351.67537001737736
196.3375508773988,7.070305580204403,1,0,0,155.46284045918287
258.08135378937186,34.5505753862666,2,1,0,209.60913168888362
248.70111260058505,66.94842111461828,5,0,0,199.41711161389736
290.75311947039995,62.39033957057122,4,1,0,221.2949873455088
433.46068708415334,78.61227320536096,1,2,0,347.9985544648132
490.46597507379755,62.32800973581076,5,2,0,411.7809429781964
206.75418324403938,121.4688383532547,5,0,0,175.84461448802693
414.62186644262005,31.27135026789631,3,2,0,349.5323716001856
383.4412583540852,35.623210225003156,1,0,0,283.82956287277017
288.89683097050874,119.6959316400973,5,0,0,234.33911263240873
478.24333608790687,9.976136786883309,4,0,0,374.44026086408815
104.23488518655938,79.24290684762528,3,0,0,95.47900649830484
59.0857841032626,88.6256737685294,5,0,0,78.04612349929349
427.71117364293394,65.72042404586612,0,0,0,318.78873764372804
222.37915923370542,90.25014424700784,2,1,0,181.97651078730553
424.2495828324949,22.45810398155571,5,0,0,334.98301425997
447.0796515717304,110.84219026030019,3,0,0,341.90075446248306
35.91650884144036,18.203339631085125,3,0,0,63.127132986972214
442.31505767810006,52.10561776104746,4,0,0,340.60170004765473
226.917932407864,9.783488170066754,5,0,0,200.13518631827145
257.66408205709496,70.87744024626203,5,0,0,216.90595236592725
315.1632929911391,87.0669549653331,4,2,0,286.3408415820596
463.55939033139293,122.35881256238777,2,2,0,373.20756095565366
14.462466742733195,96.11370546648011,4,0,0,33.96804505969882
241.03751681731947,70.34337913903964,3,0,0,207.00864930031616
345.42241100312754,121.24021223214339,2,0,0,253.24308702781522
362.7399440606231,62.196788945313955,2,0,0,256.58595649726846
347.80355361086845,72.95673490285301,1,0,0,253.83705183061392
71.54538905702032,77.49280859711244,3,0,0,81.26298314793111
153.20081624398222,53.29736436525369,3,0,0,140.92439775707697
182.56418508142167,109.00274977355714,4,0,0,146.9186492839671
403.196417801355,24.072872049857686,3,0,0,316.2240428047709
142.98613684520376,72.12948474830904,5,2,0,191.46184032194594
109.29895711426556,93.89032330433523,4,2,0,135.79481509515827
478.9367694238576,117.51690234395504,3,2,0,394.1064227651376
9.387326131167105,114.90939153645618,5,2,0,67.54234866934901
498.92132356257923,66.13623762591845,1,0,0,376.06305369975564
340.0265429344108,83.61098865123442,3,1,0,257.1872580776436
415.0923032273129,51.250905696809134,1,0,0,296.6082377022104
150.83660119136562,60.863109174426036,3,2,0,171.13509228690128
12.086062445194688,117.81455303449644,3,1,0,32.97522128155782
370.24541168795736,120.99151911502162,0,0,0,252.44765754211588
417.9015755153345,116.40382754871256,5,0,0,330.51917969032627
371.535685316992,17.988212035772968,3,0,0,305.3718890377542
75.7108922139151,110.51092277298271,1,0,0,58.3389774535566
377.9468215171997,123.28728503279244,2,2,0,315.3223433800289
385.61677714328226,46.96246029456861,1,2,0,305.3600436367913
330.9775552566772,67.424017624817,5,0,0,273.0970749505395
384.2273867338152,101.28238325568947,3,0,0,300.77284243749875
423.7311126404774,73.07015788353434,4,0,0,322.4475777857403
308.7340365475419,129.15285782181243,0,2,0,258.751492635147
48.859333414991134,59.24273747038769,4,2,0,93.90218886021901
246.37576578526938,92.8125524569591,0,0,0,156.86881240519935
43.436420662444505,103.03684822555074,0,0,0,34.777284510214805
206.73380036105326,64.23305404859713,4,1,0,202.39918855210902
206.51771211718568,111.40789474247885,5,0,0,171.0141413398654
37.67487284941958,71.00009685693554,3,2,0,85.80844641205401
177.66616431489226,53.51460358421208,1,0,0,144.39920645105553
59.94405890170084,14.017077600753113,4,0,0,70.19558091376801
405.07642895456496,51.143764925555146,2,0,0,287.4947959409891
474.10557285241305,95.41173911532694,0,0,0,335.06738107590695
40.796655252679614,119.76723351841395,1,0,0,49.410878835652355
477.7820276093922,32.71832250184034,2,0,0,347.09909140637865
263.6754166716889,46.18061725296534,1,2,0,231.41400922839
153.2850105871676,20.01492923357541,3,1,0,129.31943491196182
43.04672726170094,89.79397624976595,2,0,0,43.89066836181558
252.80901269485682,124.82449590129029,5,0,0,217.93364458077667
398.2851945229206,83.32378858026281,5,0,0,318.27516548465746
355.0078062470156,80.21994890080941,4,0,0,275.51026916390987
29.86187567466701,71.95369096505641,1,0,0,32.26590541951654
41.08640850711224,11.499246289119748,5,2,0,107.02764872439775
204.42227490315537,94.83549743581987,5,2,0,222.91846736007875
151.1687945537319,78.2664406614156,4,0,0,132.87102667515842
120.03023991274368,85.99197995131732,4,1,0,116.93814669320155
144.09722695981324,116.8454420935648,5,1,0,164.38376072352776
402.7239579319579,101.91490231793233,1,2,0,328.7143524615865
464.9678865477677,101.5189827800884,1,0,0,333.09523998500447
205.52583379114537,120.53388995431519,0,1,0,140.78332082583697
453.52494605558604,128.69154369018995,0,0,0,311.7429308469632
164.14037211770156,75.56675515493775,2,0,0,124.48292819425606
240.83630824017686,14.154610084051548,2,0,0,188.356821588316
116.88435391891986,59.68688801080673,2,0,0,93.70055744346647
322.0356408770428,102.38814904001377,0,0,0,227.45605158034462
489.59565201153043,3.6042922190403948,4,0,0,361.49768176562395
303.72908254147245,7.395366986299379,5,1,0,272.0368589930823
182.1179716362067,8.730511709766773,3,1,0,152.51645231691256
325.66963576531157,95.0346485826804,3,2,0,289.60055155637775
65.84573584036684,65.15166171321236,5,0,0,77.70430260742026
444.8862447313723,47.956732657677165,1,2,0,354.3741602028644
254.026555636019,13.730215884025679,0,0,0,172.16645166740486
227.4281223096228,95.19123252676559,1,0,0,170.4042273289298
295.003070284492,41.73257537161696,3,0,0,221.01438143191697
314.2680120807542,34.492129108406736,1,1,0,240.86453624791557
40.52902408212395,84.80149620196163,0,0,0,27.539293425247834
342.8955245055842,72.67141603758944,0,1,0,256.7140780267644
124.75618175618715,47.11338343572921,0,1,0,103.62132025073991
358.406553090762,83.39337120472645,3,2,0,307.734638207547
412.1547232201774,35.25879764993536,0,2,0,330.22702842265664
402.95946123849757,103.32793400856248,2,0,0,294.8074329421195
278.4879788669051,29.81146353999501,2,1,0,231.8244496024183
262.4840966938218,20.648900399662033,5,2,0,254.05207003970557
75.7236008630088,101.71712323485374,0,2,0,87.63595989806402
388.7963444495521,92.02596399073131,2,1,0,293.62519385319183
139.3476433211236,23.743066841233798,0,1,0,100.7653557387503
250.86423429488354,15.111947849691937,3,0,0,216.98391700740436
145.71567599912078,108.99188150326997,2,1,0,130.63582865520897
71.24503968484811,100.95780268556945,3,0,0,72.50340076015814
316.6310599614096,42.54345858095635,2,0,0,233.61828920924955
31.894357237337395,85.56566306773767,4,0,0,61.3316697746645
375.579390892469,16.140824251215406,4,0,0,289.0040983992794
162.20546365425275,65.91619567619816,5,0,0,151.58498706119866
5.066673037220234,2.4349379678545837,5,2,0,95.40303905046702
258.0089239224287,50.90824451980221,5,1,0,218.5086698890566
28.191694721163547,9.72956679128266,3,0,0,46.3561898932168
141.70393112134525,61.76913342039472,2,0,0,117.02321093109424
354.9533612905795,54.81861409087627,4,2,0,320.1087472110487
36.0313627028236,57.77005346294728,0,0,0,22.869770706983054
420.47255371622117,5.893069266239229,1,0,0,298.6738538100141
6.890861715998638,47.01012436663821,4,0,0,35.70257430952892
127.1778152549416,98.34290038298914,4,2,0,150.4683118619636
371.74750779527534,47.95886853597061,0,0,0,241.4252637062063
161.55372411600686,92.97235383924549,4,2,0,171.41772901529964
55.4367320926767,48.03223407238532,4,0,0,65.08180789679761
183.3157898062118,55.021127393724235,4,0,0,148.49873865543273
138.84467676034015,73.30597466780459,5,0,0,135.3668884733742
422.1423915694747,123.58865178492071,5,0,0,327.1644990455218
160.10721920464584,14.151858064065173,2,0,0,127.02591053828317
395.5215735291236,4.278789925952578,5,0,0,334.7025531397253
446.4767116813137,79.03443389530587,4,0,0,355.0030549376983
219.7396226903821,123.38262156069543,1,0,0,167.63374936362123
455.42185620792407,128.66400723211294,5,1,0,382.7573115526494
191.77243671178047,62.941352160960236,2,1,0,158.11550556103916
482.21881616260356,60.850610741062795,2,1,0,363.2280822222781
49.1983146401586,83.8452901968755,3,2,0,82.82785570167694
345.0745369191052,72.23251843664607,4,0,0,283.88542259356643
249.4379500261797,82.43144748983536,1,0,0,200.88678046893835
196.8861587005453,113.61992531992625,1,0,0,154.34515183262434
318.19237998055746,97.01980203338921,3,0,0,259.01686070246643
353.40926035899395,64.59406091928342,1,0,0,232.02932674748976
7.159818476902998,60.042379670022044,2,2,0,76.51125665033635
87.64177892986336,83.14822730670508,0,1,0,69.92569636047813
357.95779506398776,59.241816974638674,2,0,0,288.27980390185076
334.8607797212122,59.51131566453318,5,0,0,287.9571690037122
483.19351503869524,2.1197672322456262,0,0,0,348.029604021217
381.7137061741376,22.628337862950094,1,2,0,309.55765131896845
475.6324903270123,63.50677319944789,4,0,0,365.9647335492143
352.75754825972945,106.94494967654799,0,0,0,231.8151071271942
152.53584327652436,36.23451087452614,2,2,0,166.4495546570123
57.155636514173956,67.94364630704938,2,2,0,67.75010959890375
392.0028123557431,44.84507101870018,5,0,0,310.01966768028643
323.85386463057836,13.624518640146574,2,0,0,256.8918646088515
28.852076134681635,124.57880279926908,5,0,0,62.8526952952517
183.22498062098427,111.10760313253923,2,2,0,165.9660475880686
478.61590866472164,10.204015180697834,3,0,0,347.3837742874076
252.69856712654962,93.572344120877,1,2,0,216.1985383690567
219.2009223297538,45.18538756647502,4,0,0,184.2354448734355
231.5613045538505,129.33047491803305,5,0,0,207.34399592920073
108.39694838255605,39.3118075777671,3,1,0,112.55273594336947
187.51004957807362,31.03599789713799,1,0,0,130.0312471089562
188.05756171365243,73.82577127970268,5,0,0,174.31511058773037
30.91573499279884,108.56640123461654,0,0,0,28.35090488991661
384.94597611636954,25.02745333657374,3,1,0,306.7232529060392
211.1696937924201,92.22236006351307,5,0,0,207.364622152964
411.9790439741295,7.982855808345819,3,0,0,318.94560755628413
425.9222605543482,119.46151660436465,3,0,0,330.96141414359914
109.93705707583574,10.539739099148841,3,0,0,116.08535373958323
330.38997367421365,118.85007892474113,0,2,0,276.86750593277264
238.77949306067595,63.80494242885137,2,0,0,177.9907292863676
440.6775852711351,58.251844663469576,3,0,0,343.85085662097504
111.79163619234478,126.52992033504896,1,0,0,82.49919530621246
340.5175341534719,128.7499431007685,2,1,0,254.92184312876364
305.8373005150977,84.52315637493156,0,0,0,207.8123550169696
151.17423139805723,16.525507941416308,4,2,0,182.59336267967225
72.61744730733044,65.80211113517632,0,0,0,56.841586524425885
327.5616814362519,68.79120312423612,4,0,0,269.5675349527035
370.6057417755037,66.87803565759026,1,0,0,274.4298705207093
161.23553516285824,74.03393900760126,4,0,0,144.312944574197
324.19213899104534,2.434212793270787,5,0,0,267.7036133100396
200.5897992676941,92.4595465911653,3,0,0,168.51250577163526
358.0374072248958,92.61125925388845,2,0,0,261.70987801134646
103.61156107255628,15.01107077312543,5,2,0,133.52487093078207
445.6564263049063,74.1311275179541,2,2,0,360.6149712321105
147.26775025046197,73.8869537166507,3,0,0,130.45081621274593
187.05406393929567,88.71855462475202,2,0,0,140.60762724381053
33.75551627977315,11.101699977560541,0,2,0,78.99397307811715
60.19854509903182,81.44542994459253,3,0,0,68.06445960837969
260.3516418426024,36.49775359702436,3,2,0,242.4530169451481
137.4583749803459,65.91038876450234,2,0,0,105.97240532016951
418.5627117423862,100.53206185152997,5,1,0,348.69766492623694
12.273227384202151,91.73397172719173,4,0,0,26.555974587651036
192.65155409260842,15.45739229813914,1,0,0,146.0312752411538
171.98604565070087,76.85402232508952,4,0,0,146.28214745762085
14.567177304212512,125.98514902229601,0,0,0,11.37108017595603
66.56235750525255,20.380026853550294,3,0,0,72.96165226480102
209.75312408472445,110.87792140430393,3,0,0,159.35006785884474
248.96796930148608,91.331250471991,0,0,0,160.70370786364373
205.1234248911602,100.62043067826876,1,0,0,143.6081307397389
267.81415081398643,36.65458252854391,3,0,0,218.5584586060351
299.59017907831236,37.42556081937952,4,0,0,243.63362104914054
9.912291458278638,117.78252925094345,0,0,0,6.0
234.72710392948443,46.778164172032625,3,0,0,205.0030443236783
481.9321242393562,8.192000790065363,4,0,0,380.5532670907966
261.9209786641266,78.0775714653285,0,2,0,230.27655456859222
340.38342239218184,16.226296975439546,0,1,0,242.75280258347462
159.3726096688572,103.55751138302807,0,0,0,121.78944128893397
388.12573218561744,83.42703752513746,1,0,0,284.2374784590637
387.59613352867694,113.71444567875707,0,0,0,267.09688667054024
263.0415435887988,102.02884247174258,5,0,0,220.73947757041552
488.1268425232107,14.5747742839655,2,0,0,349.61421209227694
67.14735630751342,49.539187936474896,2,0,0,55.37677243016675
13.389094120342591,100.69283248889634,0,0,0,6.0
386.2283148197625,54.25439152462235,3,0,0,302.8407388061451
404.54199099561686,126.40751302139718,2,0,0,299.3207200795068
64.50257841468525,95.6462584861484,4,0,0,65.85684227699394
136.46350231451,2.0149891697417335,4,0,0,129.78354706791401
13.68841986648131,114.39813990290872,3,0,0,31.27594387103984
150.18776233637954,13.104622032912488,4,0,0,144.26944039237426
387.7052275897424,18.268084143411162,5,0,0,310.8743086790116
261.39046121772657,95.48401207943662,3,0,0,193.17622457996114
177.30731861830262,112.44591272596243,4,0,0,149.48741429598434
189.0109509786335,69.72545162694227,0,1,0,132.00474083485562
5.670044729156737,37.5764652829513,4,0,0,37.86945565606993
153.40126114479176,45.67102088291282,0,0,0,118.04339069224366
324.9970771107756,44.57561284748728,4,0,0,244.31386973165004
487.2262496890968,42.46815349523659,4,0,0,371.60394706187196
424.29510935703024,31.578257336814474,4,2,0,374.6771881541687
16.679507499536918,79.1527223018003,0,2,0,33.74184503063414
449.7874993140455,117.05269141345875,4,0,0,342.3819159226975
392.68321458281986,39.920713700834355,4,0,0,305.9860841818409
391.2861811676353,24.27025866998357,5,0,0,321.80900249838373
231.70790070676787,109.01509662828524,1,2,0,211.66072123657628
202.0126200124789,96.43183301566143,0,1,0,158.33845671911584
154.94328577243036,121.00881410278836,5,0,0,150.7938709612427
37.51895518241106,21.517565628638252,2,0,0,37.525784920913445
117.97650492938105,18.7526708351569,3,1,0,128.6681971310596
127.06879931412219,70.38582125964957,1,0,0,90.85744017037366
244.6181495065498,79.87637512856239,5,0,0,183.66593868216543
374.9849812653635,62.422547441746644,5,0,0,284.4904113939875
239.53586505698357,77.8656627221038,4,0,0,196.83212181223007
33.6330024763445,23.449369953759273,2,2,0,71.15704018733044
479.10595148916093,62.34978804133084,2,2,0,383.7651556225199
471.6485379515856,85.55203292215681,4,0,0,363.08021914005803
393.66882385846213,56.25183840233149,5,0,0,324.68772709942266
495.70731127428917,88.32815365615772,5,0,0,389.9972967790312
274.5187547361301,58.65486647199915,4,0,0,228.41489635179505
481.570333375337,43.367945509496046,1,0,0,337.4139118344886
42.42449510529163,39.468656121322006,0,0,0,25.271659724004895
186.0119703893788,53.41726766851644,1,2,0,180.80576888979277
116.56372766334908,3.0016509486861076,0,0,0,83.25238689015998
101.93737664646366,86.90826799799478,2,0,0,90.64935446385434
74.69745970187466,109.86373332743405,3,0,0,79.85113352720785
313.09475257516834,46.10152227760541,4,0,0,251.303771280576
391.754318594916,5.984307698423413,1,0,0,297.9696157745476
291.2577077130785,128.2808276601225,2,0,0,215.2098515388913
77.74654124616379,34.280773208638706,1,0,0,54.708087021857516
406.5062661170681,16.46074581980049,5,0,0,307.06088038086773
319.7975800460456,48.067826036493635,0,0,0,232.4768978868023
197.1420245328628,96.01241528236237,4,0,0,162.82858778706404
338.69449629035114,38.20915759577354,5,0,0,286.4725212451259
133.65296472520225,74.71141650953342,0,0,0,96.57484123336644
175.8701432046342,54.022799276828486,5,0,0,157.09413472164766
459.1554923503352,15.309318995960403,0,0,0,314.6180189627629
148.7997303073531,42.93731162397433,0,0,0,112.65370803063607
237.64419273817862,94.23316574282866,5,0,0,203.263855084933
445.61986301102723,79.56050665308794,2,0,0,331.3654175467708
355.3220683824261,15.57118938486293,4,0,0,285.05554972273495
35.79059695152786,21.23191326286011,3,0,0,49.255727495141514
77.91500691809031,83.29533670996791,1,0,0,54.55046302155552
8.881587432098826,105.74400386171295,0,0,0,10.960768146553834
317.30628616343586,45.431684474562005,4,2,0,296.16271455605363
226.59834557815708,77.39039773964852,1,0,0,170.39383467493556
71.4660511966264,22.183666537773686,4,2,0,120.93775973575003
479.1773899231014,40.4789237976921,5,0,0,380.77276229415236
267.18156335308186,2.635126737496838,1,0,0,192.23418491980877
124.73718058588014,99.87587321393794,4,2,0,148.9477589424678
252.79876772158025,52.13127657048568,3,2,0,256.0872716876591
341.41206470387834,106.09632457501401,4,0,0,281.7285912256882
42.73841289691442,92.08848948295442,4,0,0,58.534438472182956
140.97838844870654,107.736754544702,0,0,0,105.6596171541855
404.44791798757683,37.13562704577476,0,1,0,286.0534845136745
232.5341108493173,24.064134955619885,0,0,0,158.75179394348328
275.555685305986,126.34773874471718,5,0,0,219.2877086456813
219.24392109368728,93.25261231531304,4,0,0,186.13136732405957
26.730471608287534,108.42549483046714,3,0,0,43.144854707968626
87.04614101097718,1.7073385822913845,1,1,1,105.398769779294
225.543111177236,46.080010638465254,0,1,0,166.2985965985487
108.54680537692427,96.56616977505311,2,0,0,100.62056553867617
29.739619186540974,10.137768288697831,4,0,0,55.66889232189695
422.6065837056527,73.75419084396164,3,1,0,351.04361052153695
490.69030193623735,55.77945976915042,3,0,0,382.97366866996634
397.60572262838605,2.2901459283439483,0,0,0,294.0922735814639
427.6235362438102,30.67682502552868,5,0,0,345.37305148685726
124.77867950693746,37.02295857867285,0,0,0,80.03103938925494
480.51035287903386,14.541793025021919,5,2,0,413.8189246597335
102.47822370444705,82.09979826654586,2,0,0,106.96556668766966
475.957756129107,31.511723912745573,2,0,0,354.93277346942955
497.43555051314576,36.090534950520485,0,1,0,352.73496976074836
357.3027888442941,116.77101776601916,1,0,0,262.43745851296654
490.6661472369518,60.72600205010813,0,0,0,337.44613101352803
286.9221908857163,50.97665910600541,0,2,0,230.82756342526568
133.4731826721647,94.10323498091324,3,0,0,119.5324575979658
221.31296340448233,118.24979359477858,0,0,0,162.876828665267
298.81266301249906,3.2547237108676983,0,0,0,203.74528792491566
41.17537320337242,58.271050052201545,0,0,0,24.02896110602802
313.0599159855368,79.40157629013315,1,1,0,224.34609428692409
490.68302919733577,41.413202756378645,3,0,0,366.80084510329533
99.10328664294518,100.41300387602142,4,1,0,90.24101528997834
397.33458256274974,126.2920191351356,4,0,0,306.5791650293694
454.4099029209116,122.64555761253682,4,2,0,386.27612465925114
472.1322884460093,34.57773011939244,4,0,0,346.26774621171705
480.2671241806964,29.42397619687318,3,0,0,351.5467664036149
263.12252116712864,124.47376903275874,0,2,0,221.1927192543301
488.7674144557943,59.621703366090564,4,0,0,372.04309967357756
379.8685525315472,27.07870400100993,0,0,0,266.78924132175064
85.02736093729614,91.90960527195436,4,2,0,127.4114296683278
241.06555270164515,36.974642107492905,1,2,0,198.3187733331827
360.573931809142,34.742106759236805,0,1,0,269.9007160001671
127.43345633044625,114.30237560011201,3,0,0,108.6844811877036
322.10451585669927,21.122289938997447,5,0,0,258.0021178271162
334.96723712807653,8.371083040610731,1,0,0,226.86376225695622
85.53637318524011,34.99423722231934,5,0,0,93.97042185254362
284.71722966411437,78.90290366896649,1,0,0,212.78514030740314
386.9553209344108,16.00142094242517,3,0,0,296.0190816431831
251.95335394529124,61.30730739598319,1,0,0,186.58674200273066
10.991042804173176,81.55382435529158,0,0,0,6.0
9.474042194249627,110.33580903711261,2,0,0,20.54262249908753
181.72952526515604,29.883046856293067,2,0,0,132.7125129400031
463.4660638737321,106.25502203976262,4,2,0,391.9096213273386
118.19500590378634,30.537813947061014,4,0,0,107.81185520516854
319.0100259914851,87.97965036115328,0,0,0,215.06035494632894
114.92755599319368,55.98756429271916,3,0,0,109.51780679582349
164.22664488147657,14.908561509227122,0,0,0,101.74968964784381
424.7808343527346,92.85425016684033,4,0,0,333.3638652268363
365.7864139236237,28.30914041137231,1,0,0,270.6865078171503
52.22264227003926,22.96104538319689,5,0,0,68.11789213162635
217.20750038828464,46.58198071661982,0,2,0,198.5966221283946
19.439033004405914,84.92773181873285,0,0,0,8.78660934728613
243.04062256848945,30.419542242781613,3,0,0,187.65768232531943
332.9048357920287,23.876000041645145,4,0,0,252.9884516386438
63.658798681085024,1.2939713427373634,0,1,1,71.8596315615308
147.998044760037,61.313602623224064,1,0,0,103.0412883751421
201.9291296235677,55.723924010973754,5,2,0,207.41339296011122
460.1678572047446,30.402806672858915,1,1,0,340.43600191877323
496.6612326343672,6.9747813212597976,2,0,0,364.7728330689499
27.231093002829848,55.803263697458796,4,0,0,59.325350688049625
381.69892213021905,102.46666443931207,1,0,0,285.01382893648315
189.0034128691599,92.98667707253301,3,0,0,159.97310396230662
199.2668021835926,111.90333568182214,5,0,0,175.33997263505
378.36116180677624,1.2457494027102312,4,1,1,319.24232357010817
459.6210839119773,125.6345111845978,1,0,0,331.39907946310694
475.70965427876143,44.38359284156829,0,0,0,330.788508869145
290.67568008896876,128.75171349195543,4,0,0,227.67446116189663
181.7749738537489,32.840529878230704,1,0,0,134.80260792282144
394.8367975000957,61.29973038517182,0,1,0,279.80287530003363
129.24568471483863,46.010597954789475,2,0,0,98.27991914205028
284.2166442725913,46.24889294925934,5,0,0,245.21738040486463
182.49633845481222,109.49667283726805,4,0,0,145.20383296401536
330.0323814853987,97.03446216585404,4,1,0,261.40603554585135
123.99746188228592,128.97968657990626,1,0,0,106.18708459088182
99.83850813873876,79.75690875327663,2,0,0,81.34498815237909
459.52834790434133,60.223358571285345,3,2,0,394.357185576546
55.39282306002077,11.709602183095846,1,1,0,44.79453019023633
255.44916432879117,129.55298453680138,1,0,0,188.18109671003987
114.32212756668942,71.69898488119678,3,0,0,109.24441734760434
24.270331846205387,91.06207105971843,3,2,0,66.57825513674868
22.829315054256064,52.87651033487048,3,1,0,61.78380596794583
91.73477719238454,71.20304206330066,5,0,0,97.24081232435368
434.05132548047015,122.53510514607534,3,0,0,332.57098048603734
144.8269782686282,21.634526931108358,3,0,0,117.72831667635938
475.47728943477136,38.0084359629331,0,0,0,349.0555524842625
292.9030350296508,19.767764611144205,0,0,0,209.48532094291565
221.1240239355392,102.98806749462071,3,0,0,196.5630654130849
292.14397316138,8.065883854837843,5,1,0,261.83092327430165
260.76570068700255,10.61211448067398,5,0,0,227.6032024105279
380.59424560987594,38.804234662357935,2,1,0,283.4587082224077
144.83555265656187,66.84446351973146,5,0,0,138.99154772430276
179.75994384214968,52.81572407274625,2,0,0,138.4392762686512
447.5766797539591,5.826120387204945,3,0,0,337.77252515227696
473.4959740094507,124.4739025232237,5,0,0,371.5619392439816
446.8163226058049,123.87303764655088,0,0,0,307.29347990442136
212.62675700887021,36.31632202129878,2,0,0,163.08041339261212
391.2809239884064,95.0983299849156,0,1,0,284.33079980697283
240.7861879840439,75.2148034798191,1,0,0,168.07466524992898
251.28222681232057,30.87197035073113,0,1,0,193.57944416429896
106.31665398335555,34.08230172641001,3,1,0,107.64941679009104
297.60950011296563,63.84991266035856,5,1,0,262.3965730866507
97.13726938790722,54.500802394656816,5,0,0,108.95245113638278
169.1245260382609,37.85981267006435,4,2,0,168.75938898004216
428.2399498018679,104.97650751966935,3,0,0,316.3872769862806
107.50252555937334,62.590179292860036,1,1,0,106.96303752368645
40.22335116084924,85.13024811058662,5,0,0,71.45875566737881
39.15875834334407,24.60555502182381,0,0,0,13.046723361022089
470.68833764903843,69.35599612714327,2,2,0,386.8806905744305
255.92561679110813,41.336886428060794,3,0,0,194.76614226690262
207.65897554942407,68.43376935133416,5,0,0,163.71440087592845
406.3848975989196,101.50735834342066,2,0,0,316.17480873382226
418.73383431570545,99.95871731186402,0,0,0,296.2547565843731
169.43456139222428,46.04868814445587,5,1,0,166.5536722939229
348.34093844952866,90.25602522035308,1,0,0,241.77678120094262
386.70579384668383,122.36769355125601,3,2,0,320.19055818950204
329.0520899986475,81.33701289023783,2,0,0,232.34732876985717
80.03956202604918,19.29331603974283,5,0,0,105.25129910657121
438.5621263409432,88.36212180628237,3,0,0,316.3833078533953
271.8518036043243,13.637570225410471,5,0,0,242.44645549440986
144.82385105315183,113.37435314309353,3,2,0,150.9477269499009
215.4879517916585,67.16586445425224,2,1,0,164.45822916021226
23.597689747459153,50.06829572050534,1,0,0,23.35884173015428
68.29406660509669,7.410857304460009,3,0,0,63.6496920819831
383.94564150535115,49.50188549697426,1,0,0,279.09611267296145
5.00575920390624,117.41686682905262,1,0,0,6.0
211.20008509873463,2.7277895172194135,0,1,0,155.2610682634596
263.64253963736627,61.70426051163464,5,1,0,224.27507765050748
32.044037900481285,121.0505518443809,2,0,0,44.770352382124784
486.67369067130477,51.329329969452736,0,2,0,384.14797680814115
116.9320389685876,55.66283937007955,4,0,0,113.56973579430728
155.57836621995904,75.21280717588559,5,0,0,155.30195002019929
155.45154356623854,60.18185336503385,0,1,0,121.09911705976617
119.0562477480882,21.918219860881816,3,0,0,107.2488990901341
5.729541932724151,2.4122200790818527,3,0,0,24.56479901408468
366.0256730735582,79.27551553723121,3,0,0,273.52483001225096
483.58852240064624,119.70485631101558,4,0,0,363.7302228485898
116.02527422609731,13.827337293531532,1,0,0,90.42428113897299
333.2083599426941,27.42385350285794,3,0,0,265.9670622667289
372.238681844564,48.12983315724656,5,0,0,303.88999029189233
424.9705626498097,105.13648977274556,5,0,0,341.06078414991833
214.2014525217365,35.003841141227085,0,0,0,141.2456201463319
154.95079829201248,114.6670725562399,1,0,0,121.28252085157942
166.0210913414004,7.144523704508633,0,0,0,113.59849146247295
357.74755988376387,122.32436076366153,0,2,0,290.1093189690032
409.30583592028984,72.89712012358943,3,1,0,324.4899003604279
94.89891403951832,85.64109820340158,0,0,0,56.58160393509379
188.61579903809377,47.799637929725904,4,1,0,172.3571974662978
451.46039739082926,101.65925711643784,5,0,0,356.8042885729979
404.31329224889595,21.65361251097279,5,0,0,330.3853309297842
492.5049093674255,6.358537286203314,5,0,0,378.9986451196255
378.35288854262996,51.41720260398243,1,0,0,273.72169825603066
199.63162450882152,110.98044281753513,3,0,0,164.0461193680814
297.36572782734567,98.1404887629003,3,0,0,226.85414626710806
332.20205585242354,67.23027616356454,0,0,0,229.68013904651673
43.83562907697635,74.37790713149596,0,0,0,25.780013955903705
274.52599475641324,16.886067418838206,2,0,0,207.03354782524565
356.11381009394177,109.28859612028569,2,0,0,281.4982391512204
87.82404548052489,102.3047587853456,3,0,0,82.7647650335933
391.4127001256508,85.34115120530255,3,0,0,302.2791776751007
293.96752635448524,60.604834722762,0,0,0,207.79082516518756
476.34978392030933,125.37970487633662,4,1,0,371.27916838045905
25.99903761241139,114.27415634394124,4,0,0,46.93448252576344
136.33643808995615,83.77596415690041,5,0,0,139.1615962033483
302.76917025341294,48.33412970324743,0,0,0,213.23820737487765
151.7971565419357,80.34289622859662,2,1,0,129.10252326564287
358.6399612152649,74.8073204489865,2,0,0,265.44465938335975
380.70761484835583,51.25145841853913,4,0,0,288.5934656890692
55.74540221290486,39.867616319449894,3,0,0,70.31050709439948
259.35795978235,52.91140299085191,0,0,0,179.05378226739094
256.90082501757263,74.60848278434172,5,0,0,230.56644460308303
187.79398125669283,55.65752981244228,5,0,0,170.76281133417123
466.7978069719877,34.2646834661799,3,0,0,363.75730283578014
414.6156283372445,98.92523130890514,2,0,0,305.2703710848613
350.11864404527023,69.09077447446369,4,0,0,269.34397408391857
358.59168468882376,8.797771219327995,3,1,0,293.1125913333266
233.54949118749394,47.881145731396316,2,0,0,174.2093364228527
460.89228794280507,115.03874943755916,2,2,0,387.3055640336323
348.82473649037627,98.18074905599376,5,2,0,323.4376495064414
365.84562551962915,42.02208191272092,2,1,0,294.82413356517225
431.5369973747359,121.96380976578618,3,2,0,353.426104901989
140.66543672438453,9.95837808656732,1,0,0,115.10184738409177
404.500097414018,124.96051150598456,4,1,0,316.6447560150903
101.64409846346356,31.941662023007833,2,0,0,64.58095083347625
175.9442663612195,1.1822434393145043,3,1,1,180.85920300966012
171.12717486357215,56.39504474738248,5,0,0,156.73803541640953
489.3701068526246,46.666155859311125,0,0,0,354.09944897173733
428.9859257552238,70.08157067688319,5,2,0,375.64171157290514
352.07908148717854,103.5804718740799,4,0,0,277.51968740340016
364.89309699961814,109.51600427955812,0,1,0,280.05092910012473
283.2260332292727,52.15989994951993,0,0,0,200.98890073939094
473.80988021871696,55.87994668182553,5,0,0,366.17453098706517
250.64808267676895,19.26310494283158,3,0,0,197.73268231884154
193.3562663855978,6.181189154551254,5,0,0,173.90552325301616
85.70249178113754,83.35794873055322,1,2,0,78.09399846749912
394.1717978692237,8.376891321849996,3,2,0,340.25886261122093
368.54974637741776,95.39791552478927,3,1,0,302.9829029589241
195.25574406944676,70.08171885289218,4,1,0,175.18668495514459
17.470739909818533,25.81578716939084,3,0,0,30.145468066451162
420.3036772204153,70.13798265664445,4,0,0,328.97485629420004
10.651901809766448,23.78970315827285,2,0,0,37.61091603123354
353.3313909163802,57.03583697635356,4,0,0,282.43314734726056
485.27726931439827,103.94284111148976,3,0,0,366.0780235213656
221.64235743336073,60.049508143382866,2,0,0,167.33821553844814
121.31183547299662,19.33091137868127,2,0,0,90.40641622081289
353.91114997147395,94.09772863698286,1,0,0,257.23030352044793
409.4784302977146,24.27989411510115,5,0,0,325.41778870279154
275.4830064585344,96.01148366811422,3,0,0,198.66971739678328
483.68246125179235,62.315797598058325,0,1,0,343.8818610098269
30.576017220690748,58.98642868225921,5,0,0,68.01282233515849
254.87382116074141,110.68655492147172,3,0,0,199.18830639603314
360.6347039246623,92.11845816428693,0,1,0,241.46324177270972
432.0070332188436,4.278403604142103,5,0,0,355.35671922229517
93.73152789435608,38.50266089820831,1,0,0,65.33984975586431
401.0017234730223,113.21968591048682,3,1,0,309.4276344399393
278.5900024806799,2.3824019108758234,5,0,0,242.21205355286753
201.29407258503178,70.88294801405615,1,0,0,142.61127254274385
70.19893914665131,94.6173369926127,0,0,0,31.82254722513537
433.32140065991166,80.84129111299485,4,0,0,336.63201964726426
82.8502380489591,98.86918627357673,3,0,0,87.25410036845595
158.34499030850412,94.33994035891695,2,0,0,121.95093895201842
148.57253832140626,89.96399036990474,2,2,0,154.16913861313168
436.3499469244729,106.80018192033478,1,0,0,304.5935610669317
337.9879821334045,83.93978689843999,4,0,0,258.42057986043585
399.3572916097293,52.314404253407666,2,0,0,293.4041689666193
128.981609902287,61.348184288896384,2,2,0,147.2833523455349
314.3126793054645,93.17422174858858,3,0,0,244.3477463143549
288.0142616561556,113.91978385668321,2,0,0,226.88462839034977
417.2510365101942,35.38844410917084,0,0,0,309.412642194842
453.51309493822396,44.4699834762392,1,0,0,335.3060400759605
11.017601881306469,120.99612152711364,5,0,0,29.46745976251958
338.6398599341024,75.2065330132279,2,0,0,250.88589880804446
30.658720564265867,23.265036227550134,3,0,0,51.134410671514196
276.6850392132912,86.28036805860975,5,0,0,230.231181992284
147.37820087662072,128.79908022011935,0,0,0,89.45760338432008
156.8544167634599,107.048963381152,5,0,0,141.7529544840295
179.7144592089165,96.94634775168235,2,0,0,120.80519987006271
312.539762279557,27.046065054615,1,0,0,225.31884216617084
170.35473300604076,113.89817200892094,1,2,0,157.2861082985063
367.6860300421888,68.35254965962103,1,0,0,263.4972667405282
205.24105585906548,115.60770286935423,2,2,0,205.9093159726258
38.83483415342952,42.87761782523431,0,0,0,15.430211901246242
392.9611220296331,8.066636842606258,4,0,0,299.72037895171763
146.45037067338947,61.876875925766996,5,1,0,138.1008703923961
219.219605401635,35.078888626324094,1,0,0,171.58527558761386
344.29472219484126,92.97980767091876,0,0,0,253.21270358816832
169.56579778861246,124.42385187128421,3,0,0,144.53418171427163
33.00989979262424,89.82663964970331,3,0,0,47.67571215971379
190.09091827134273,115.30141086219645,0,1,0,132.37878063268082
472.5020484336802,58.893121768156824,3,0,0,356.923558599197
322.6585266627863,100.31329583538921,3,2,0,275.261766275594
337.3821785902674,109.59564676732145,1,2,0,281.72287165139466
317.97966605063175,92.4138315858605,2,0,0,235.76609834937688
103.50110878492121,66.0110471890434,2,0,0,82.11210425430022
212.07526273062865,81.36259424999784,2,0,0,164.3549066884541
376.71520018984256,91.06590943825444,2,0,0,286.4119690060802
55.17958428881378,32.90097241878549,0,0,0,54.929407055004226
142.53712416440757,105.24530391894803,1,0,0,112.77330502544464
141.77795869059753,123.54219006574553,0,0,0,120.58046732165688
218.84936915928046,60.48111097339168,5,0,0,192.290232975057
490.28252676638164,91.13873380428406,5,0,0,398.1367695690682
38.41376060849186,95.81336775274602,3,0,0,52.635852512589835
261.75699221839454,86.09218117779244,1,0,0,194.12774780178
93.78551759604417,71.12496408272261,4,1,0,102.4874898741262
485.48488997782334,114.61423409472538,2,1,0,368.78712507425314
61.08523484009478,58.36047220495628,5,0,0,83.0031957891989
204.78249616898768,7.943384343258465,5,2,0,203.79527509225892
370.25306749313006,109.79232884258083,3,0,0,289.2555929501863
353.7544418735854,87.6175654011516,2,1,0,259.7530734791476
214.25067526249646,110.40362144495406,2,0,0,171.9463129565854
176.52946313659552,18.01116751781026,2,0,0,144.3996136823553
201.81812738367094,3.9978822662631233,5,0,0,191.2510823555911
135.81675026352644,121.46869024972517,4,0,0,116.91172485355506
106.6398046598659,19.204679760574656,3,2,0,123.9912328479625
244.10465029165053,105.25480316915873,2,0,0,196.67449186113447
137.92420925346562,107.01729248348265,2,0,0,102.0847120398089
147.2935241241388,92.13167607137039,1,0,0,100.61279961018194
330.09425141990573,17.064087442073223,2,0,0,249.28526806926283
484.42597919144663,86.76182119290499,1,0,0,348.7275261308698
303.80041427689065,115.58125583249253,3,2,0,273.44554927407785
43.104836197158306,55.31911382411482,3,0,0,56.86648350743058
42.413888857763155,53.75719106921785,3,0,0,56.429008436081006
475.95449431855513,57.571580245324476,1,2,0,378.4670225997789
152.15894120213014,10.695345787906836,5,0,0,143.83969101551028
50.57315811082534,115.96332397389655,5,0,0,71.09583242229938
301.5270706394389,112.99377231746635,4,0,0,241.96010732175648
313.7061452536817,129.7282118327372,4,0,0,237.75259180772898
326.00988595875066,76.07380839479374,5,0,0,272.9321350233697
137.36400378948295,97.65491273868015,5,0,0,142.40412661523865
12.479788686165142,26.34734781994961,2,0,0,28.946125597022494
482.6826078799636,86.77874636914204,3,1,0,376.36166409659455
129.1920576170957,84.46527033846078,5,0,0,118.27898325802329
339.63301258601103,117.15713565940962,0,2,0,263.003628735721
354.78178558996126,108.00305396907963,5,0,0,293.9122365918041
306.9536714543454,122.0006401403092,2,0,0,231.33029580534668
159.88916013575587,112.94835145120898,5,0,0,150.38872801456796
139.19264561321256,112.93020633685076,4,0,0,128.98405677348856
300.845799937838,8.284032469533376,4,0,0,243.47521602566667
433.7173386377873,109.97505385047427,3,0,0,333.572282119722
473.63319581708083,78.97219128540536,1,1,0,349.67046025019295
57.42337317986003,49.457778729574954,2,0,0,37.78830449746844
81.64016323587133,7.346901170448101,1,0,0,71.02400014767849
472.64444809762443,88.09759071984607,4,0,0,367.62929476545503
369.5849380257223,42.66622756989027,3,1,0,279.8316846060389
442.0819432907377,60.81091444818452,4,0,0,330.36342163330585
105.30315389699486,88.62469681716746,3,0,0,103.87855950436182
295.85500619915393,118.53069111313857,5,1,0,263.91049050263456
352.06409923664944,107.30679902864979,0,1,0,233.54306907483985
341.65538329625144,58.57762678346798,1,0,0,252.33609339509286
207.03508697901557,50.41181046802926,2,0,0,158.55659718419923
12.620471387197696,31.17136604972617,3,0,0,31.176046126736914
293.54839811811024,48.41547765287587,5,2,0,280.39213415453844
130.28526189390635,14.43603034794678,5,0,0,121.10678267678941
227.87585184073072,126.2437160874181,0,0,0,166.7275748923312
479.0026024664896,74.60926771474526,5,0,0,367.92613914563583
202.52248223300518,16.614759563377678,5,0,0,185.6801615493219
420.7017952988912,45.86478120456775,0,0,0,305.6872355368546
98.3275998458793,71.11508867068528,1,0,0,68.75828668485173
337.8679465223893,69.27513276331305,5,0,0,266.8655468156452
488.618442447277,4.615437933422206,3,2,0,403.53003566991435
55.437084932103716,123.60933444978448,2,1,0,76.06496940945874
9.118371402460046,35.7988385917428,2,2,0,51.50211624319488
219.6234823531441,2.1040069611458545,2,1,0,174.79957230176024
50.849614110426764,9.937721163536722,4,0,0,67.58349453425957
375.45025308973453,75.425337422237,4,0,0,299.7347318664079
457.70158860503665,17.912117687762592,3,0,0,349.4261802886987
219.84038149083563,5.424223070955426,5,0,0,191.4720883263388
133.06226286694329,49.35144063365248,5,0,0,127.17663242780033
220.02964290827185,80.9589550042245,2,0,0,172.70144731277065
363.1066698357505,14.53917462940961,0,2,0,263.50546113321894
9.481809982283634,40.73261817967102,5,0,0,59.516326820048256
296.77972479492513,54.30888731119049,2,0,0,222.2193171869577
308.57938401925264,20.72981271227973,3,0,0,241.06142139140695
320.6556822134881,65.78960680067232,2,2,0,295.63960574546104
124.80092959053422,11.077831297230217,1,2,0,124.62297577982524
358.4560980721727,6.047404524858926,2,0,0,288.4168932477901
50.238785734229324,67.57859773016752,5,0,0,78.11962210157166
103.6388165510664,32.22660645761383,5,0,0,113.17567140844831
439.3476730939685,12.398595026743578,0,2,0,351.92285749637165
370.6679596096503,55.108636373392194,3,0,0,275.67460655798254
11.8040492356159,118.96829613726132,3,1,0,24.09165987772219
127.9462488830511,94.14501806504015,0,0,0,79.69082607505418
111.13120908161646,106.03006899511358,3,0,0,109.83230761735865
139.04913237830144,113.34881853862274,2,0,0,104.13218496632443
127.54208628854377,126.44160638153446,3,1,0,105.74282266307677
35.950516392708636,99.2220545568425,2,2,0,75.06298532494156
232.17555571542607,79.09302985213236,3,1,0,199.66094854121417
367.70307001915177,47.50536443929214,5,0,0,295.9029698126378
305.33220373513103,23.613620752503092,2,0,0,235.38609767381232
338.0714759560495,89.26578361782826,2,1,0,272.43380930819654
45.16884337543838,129.34349819585245,5,0,0,73.02539668373485
475.9879015375097,60.756629000459476,0,2,0,370.60498463892094
420.0534577522973,94.078317852065,0,0,0,291.6094640744497
403.51970765535305,64.3620184991103,5,2,0,363.7746822352793
412.3769834956749,56.15134503725196,4,1,0,331.36746440575723
466.6917015257169,53.33972976278897,0,0,0,321.6825377181412
274.40571322628034,65.60120878112069,2,0,0,219.81779037105727
104.13959884447482,47.69643604249875,2,0,0,90.26977342104101
310.3078858870079,97.34053183683501,3,0,0,246.51708191318417
372.7263393656298,113.65536345689716,3,0,0,281.17277862257555
370.26910971024256,114.77508986387394,4,0,0,300.34286641467787
263.11726696260564,29.60083274535737,2,0,0,185.8616110849713
38.887066070121136,116.4681880350938,4,0,0,71.32917116065326
188.70090452291328,44.40166014116366,2,2,0,166.15108334506624
460.77947118936186,40.2099965130887,0,0,0,312.8665005200748
294.30221032992586,94.47828746177066,3,2,0,267.60920884409427
271.4743119115781,39.61052421121762,5,0,0,222.85212085998322
138.0824896191858,6.885632729262314,5,1,0,139.51500559694819
187.38221535870656,48.57031040034004,4,0,0,156.2899856492103
448.1963141308188,93.79052804658537,1,0,0,316.5261902973292
334.8992085257837,42.50459463512295,5,0,0,275.2522384017638
394.75657824240477,81.84267727936904,2,2,0,328.61464645986774
229.9009844184893,85.81552775420695,0,0,0,170.24655387754328
316.9723736307982,95.3856815244263,1,0,0,231.66675140646797
127.94988632788773,116.62696062042173,0,2,0,122.56622605688224
354.2031109903257,56.233384904896084,0,0,0,256.9959391041046
216.66266018315196,21.636169966119418,2,0,0,150.84821022912635
224.06002983329907,41.46034300614562,0,0,0,134.92436846009014
326.4145506655564,56.18174317261817,4,0,0,244.91987178316242
468.4589076271187,92.8058910126547,1,0,0,334.78518004113823
36.683141571267356,1.7058763230123553,0,0,1,47.41719534922539
413.2479024867688,41.052099847184266,5,0,0,303.6637936088967
149.7296396540356,101.37953553251118,5,0,0,141.5870184374542
224.74012998065703,87.2115014329904,0,0,0,155.44889153237375
15.847097743629433,95.12619656612867,3,1,0,43.01884563741604
154.01780852798495,105.53540002709532,3,2,0,149.15021509879188
253.80246510191458,101.8206434541351,4,0,0,231.49208116403932
32.807158286982315,88.68381159986114,5,1,0,68.45055732591553
248.09238604466674,57.15599920817677,3,2,0,221.76942840852192
463.91976128492155,127.86778275416,0,0,0,328.6377442885793
57.169642963363586,73.97951542670958,5,2,0,125.80860322933304
383.3981603973746,26.359997217949086,0,0,0,259.05415103021994
207.78717142111634,38.06567116362197,1,1,0,149.42007383468842
329.31098868954734,90.1631192761611,5,0,0,267.39245668831444
133.81711600268852,120.21614347593027,3,0,0,115.76481542203881
83.94866995797236,23.23361679676668,2,1,0,89.04252803049023
84.42899406425708,10.705044446952224,3,0,0,94.47457263039955
39.8935130933566,114.5990362454608,0,0,0,35.180134378004404
96.8951189261153,118.98613725866846,1,0,0,63.10737288987724
333.78859556953927,35.92931489106693,3,1,0,256.57610270708733
441.4368528625365,49.047144168261184,1,1,0,320.6177785268787
407.9922143676251,85.82443967472159,3,0,0,316.5935835026158
344.14148338786964,42.890902709521725,4,0,0,277.1837549389944
59.66377238849582,114.03063207510688,0,0,0,53.4694368968931
148.14778591649517,13.985231352802153,0,0,0,109.59792956683272
158.35440328462215,4.937688724825378,2,2,0,156.53233843510623
128.72868846682252,27.103206876562634,0,2,0,125.09610340997477
259.92780155631294,37.19141116664597,2,0,0,184.7256524380453
270.0991383654379,14.680456867553758,0,2,0,232.31151330021999
181.65855770969955,8.539755814284074,3,2,0,180.19503153473858
180.12563357453584,98.22900275523376,3,0,0,159.76619061631973
415.13502096351027,21.355953567293458,4,0,0,327.2391582073936
395.69995991824436,118.80988587861953,3,0,0,318.35961450206156
157.35893668196908,47.839955988252484,1,0,0,122.05505967212541
457.32527971726336,87.1787552637749,3,1,0,357.02750375858346
476.6434334162405,29.30227491994403,2,0,0,349.21152365272263
166.73755830487022,31.24195990394269,5,2,0,186.2359177581123
180.44034965256216,74.71219637278479,4,0,0,153.8417920076028
255.28890594386962,72.88358026897819,5,1,0,234.19626583011777
470.8548022041684,99.93479964157058,5,0,0,356.23060147789107
438.7781194054442,98.51572974025457,1,0,0,317.4956761690485
55.77114147887695,87.18940940627594,1,0,0,31.570882217122602
199.40171791935103,58.38697356615383,0,1,0,153.11093016547295
278.91873892613705,115.78325021648023,2,2,0,243.15704917106447
254.05057391301233,80.93520372876884,5,0,0,219.86241456928275
100.96221862876187,128.72580376010643,3,0,0,86.18496509684836
430.11430172823657,106.51807633146662,3,0,0,322.8972895275721
340.0856875834345,5.76027546098241,0,2,0,281.75169038696026
419.7646455516428,41.67720792044131,3,0,0,319.0373871860141
430.0883182779887,74.34384314122372,1,0,0,324.67689410214126
375.43614756454116,93.79103992329333,3,0,0,282.2798360425733
222.4092476186101,71.54374470905239,5,0,0,187.8828738232694
307.22064373263515,102.19695492008363,3,0,0,249.59275716102806
84.38087602927286,36.7452348584548,1,2,0,99.45829251816627
338.4544816500793,23.908566660267258,2,2,0,285.5900814380818
93.73036159094397,7.009168892670114,5,2,0,141.61052173889829
348.5050473025276,74.53078679429787,2,0,0,258.928878060315
118.65108957321449,89.51793768781438,1,0,0,88.14980235190292
63.18789357435889,42.399463225517,1,2,0,81.56625739938607
86.81582262076392,79.76594403126396,5,0,0,109.54268168520083
5.986106933439783,6.780440010932801,4,0,0,31.66969668215784
360.77611083749747,12.908135018584474,4,0,0,278.4061544985089
367.53851928389764,91.22812039360478,3,0,0,278.3670025170103
259.89200820706344,47.84906167824884,5,0,0,222.64747575258775
84.87458652241493,87.27342404339073,5,2,0,145.06302901698876
46.35939706779143,108.12374563638934,3,2,0,88.80220797286974
14.468838386457069,110.84091687189519,4,0,0,31.2481490442632
87.04534759778424,22.381793910378626,3,0,0,100.31359806331109
445.97348981665766,63.217124405675044,2,0,0,330.4247750208535
124.56073664233247,95.41047407222324,2,0,0,101.37187938648648
180.36430697252175,100.61747751469835,0,2,0,163.96249277353996
57.14601481825993,102.00787749475408,4,0,0,57.92922354196725
115.06884585034429,29.66175346947598,2,0,0,95.21641666354488
262.01616253620153,25.029526304090535,0,0,0,191.7890570283005
305.837578132348,76.70162087558047,1,1,0,243.0664315442434
126.44939551227448,96.34115370596857,5,0,0,122.03450235741474
33.57741881643302,41.488137019445126,2,0,0,39.793288175481145
198.56127021806233,13.611670392114801,0,0,0,151.30266033352356
120.9306686085354,93.17702977831007,3,0,0,107.3005845370727
113.67919199875196,38.960718079400586,5,0,0,122.71940810860757
480.1320873431604,21.627154160523837,0,2,0,378.7355689900891
310.06874053323344,19.204058691627115,2,0,0,227.2935692320169
280.6548293701875,40.93824117847312,3,0,0,211.46408006510813
210.80867624404436,77.04814856878691,3,1,0,188.94001552511367
217.3274450479214,46.59229103019616,0,0,0,129.33591535369516
272.74797689985,2.6860407071461068,0,2,0,222.5103779309366
349.7327544828731,12.59809650811544,2,1,0,257.712475413178
352.56231761000555,37.76542213582048,3,0,0,280.0146632958984
89.98848431419754,85.76158267912194,4,2,0,140.6043162980506
252.55581227793036,12.806959550909397,0,0,0,171.7556975065117
208.91925704188048,72.88539095508864,4,0,0,201.15654502383524
435.9108483033452,15.585163207120553,4,2,0,384.8967241542751
317.5523660030963,27.509992555419593,3,2,0,283.529009050632
268.589512875911,22.384508582249158,2,0,0,217.492502952343
62.1203478785641,8.739722624205363,4,0,0,66.87410268762679
304.79075521508867,87.27287626025674,2,0,0,227.05709884288945
63.01593331171554,60.24246116018448,0,1,0,57.65072896372018
171.91725490504726,108.03694731665396,3,2,0,172.72489133741811
75.70677258309428,12.855809197701205,1,0,0,49.08128160465313
347.5764552770626,18.815281333949393,3,0,0,258.5061585924601
107.09479634889554,39.839505075558584,1,1,0,90.0261741556713
198.97038972807286,99.56257830204505,5,0,0,180.6735249696675
448.35901492129545,39.748647010240845,0,0,0,313.44770222151715
106.1366097824903,53.09443197483004,2,0,0,74.56137802977085
256.36350665959566,39.20846361863139,0,0,0,185.1953598843843
212.5394722771809,10.429157934133896,3,2,0,219.08823004640362
13.971400317636217,122.12637097650436,1,2,0,47.12266181873732
397.41526621854234,71.31006896925454,5,0,0,331.4935385606787
39.17772362572686,102.41831446411457,1,2,0,78.67472201533499
239.75623538359204,85.58642198408849,3,0,0,181.35227302969926
282.53575599478023,66.85305627805675,3,2,0,251.20581930527638
316.0710960242206,11.658173365719415,0,0,0,220.29218937746813
345.8726565073984,83.55536088513956,4,1,0,280.2779140606225
130.36982984374396,20.198146271788175,1,0,0,77.28034568288295
9.93949444593244,53.86981201631596,3,0,0,21.83767938255129
363.1046128656814,81.78470865245595,0,2,0,287.3264295356117
270.1500166770514,101.68977006137604,4,0,0,236.50916856734466
418.87826308758815,89.05587284212054,2,2,0,348.1211045815556
411.5872396358437,87.29935877710174,3,0,0,304.9500307323666
422.44645305500217,19.375487192776973,4,0,0,323.0507198120951
245.12185668987237,44.99671020930643,2,2,0,227.2529809265941
170.1460559392485,5.57859544582524,5,0,0,152.70151379299665
396.8213102827281,93.53199611294039,2,0,0,289.24104449762484
228.3905859494812,123.83617757126449,0,0,0,156.23800765431855
95.80388721970009,34.334350723279854,1,0,0,79.14384670092798
428.2121396829298,11.400572191100212,3,0,0,311.43195755521066
441.8671390023119,61.82410997797497,4,0,0,330.9241210828275
235.82332928938422,111.37076900658394,5,0,0,194.11472272291562
42.4713650183448,71.75664538533137,5,0,0,56.042943013999974
196.97391450888097,6.0810295247147295,2,2,0,182.02770534087057
402.75114143398866,126.65539126863298,5,0,0,328.3666833288926
451.3781441303832,107.72448829513809,1,0,0,335.1470693716384
105.71900753630995,17.10723001669632,2,0,0,91.4705452648441
38.15193795250941,119.83370834545616,3,0,0,50.464094717371275
439.2884743007551,58.58947751867452,3,0,0,325.6561444101563
197.75544479454328,48.346738774742356,5,0,0,156.86224049835874
273.1716773124438,59.93693296853447,0,1,0,203.1217310374128
484.1925769651257,108.49435439322313,3,2,0,402.0626235976897
37.94954031754031,85.73235817728215,3,0,0,42.32483502383126
325.9174136887873,7.70229881196458,3,0,0,241.97470402763926
41.682184174559204,124.48856824510221,1,0,0,25.161978004213033
190.85711959091768,19.21193735218131,4,0,0,165.03139400610277
402.8881998707561,96.92383372559564,4,1,0,322.9288079820101
219.56875521403902,82.69774895565703,5,1,0,210.7407164383977
498.6052651819605,24.378646233052912,3,0,0,366.30767023468553
281.73434604856806,22.195169894696452,4,1,0,234.079888172018
163.97526555479698,113.14258718160997,5,1,0,160.9020516051337
113.9551063228528,54.56034005494763,3,0,0,97.09016687542216
178.5076644716501,85.09494684263801,4,0,0,162.35655341390165
189.40397051097764,65.52923050136752,4,1,0,182.64023520694695
39.013270473360684,94.55595721987474,5,0,0,53.58867538924686
187.93922871625273,62.30150875511297,2,1,0,151.94023635248334
234.79806727091633,37.35938898322389,5,0,0,213.6608068503651
362.75518735820833,47.23983822954453,1,0,0,266.17096091286606
330.0810949371959,111.68010027854454,2,0,0,248.4533261540137
355.83899933843134,60.84451007995452,2,0,0,268.651633415558
9.140022529044263,27.748413191799205,4,0,0,41.154785595337394
112.74536279236534,121.49870045004292,0,2,0,119.08743614194165
332.53372275792896,103.558059344789,0,1,0,245.6520417657899
244.57473724897483,7.236598987305887,1,2,0,215.92716646922153
7.6301704558312435,129.8625850574673,3,0,0,39.12002143699141
403.2248480037521,90.34047053721329,4,0,0,311.03274794932247
387.540738778717,20.8346578752763,1,0,0,280.7693017081009
276.4674856818135,30.831798568817536,2,0,0,223.52146109437928
37.8993462592547,90.0179125614011,4,0,0,58.48401834379535
384.4249495186294,101.36893718628586,2,0,0,285.15951623245394
293.93822592702514,31.0746726094748,1,0,0,220.36252671662334
392.0701886931898,33.405951006905205,0,0,0,278.80103318099884
377.114761235941,39.92569033336791,1,0,0,266.7466179837079
402.48602561912935,77.74238742876277,5,0,0,322.313697412407
261.4139928702893,22.336103179166003,4,1,0,215.0486186580956
74.46063650578992,13.551615855021076,4,1,0,106.8014003816163
337.2229493229459,88.25233158111676,3,0,0,261.7887214834123
312.13452360072546,101.28273217311211,0,1,0,220.8863852598156
372.41532766354817,65.1208225741457,4,0,0,288.1477300072308
89.09109799511397,47.2982523348901,0,0,0,69.72403813476934
101.51272395064316,56.16555275844193,4,0,0,90.63587912743522
445.7527110235676,50.493018403353744,0,1,0,348.13315160259606
376.23901023377505,124.79803807089777,5,0,0,288.48320221902543
454.5731019066598,99.85168767848823,1,0,0,336.4060246853047
380.56408397614075,27.051337930514336,0,0,0,264.2539882014686
300.59187646519945,49.94458976701741,2,0,0,219.3027043205642
328.79570482879745,70.72159787720427,5,0,0,272.9306736797687
445.11832235030494,79.6881620682795,1,2,0,353.3155548602037
291.50934348341053,60.86390648373972,4,1,0,257.8952769395612
318.0337055425518,105.3164625515547,4,2,0,276.68275350802
82.45597442178229,99.78878252957013,3,1,0,93.86472351428378
239.59100395747083,65.67052942166167,5,0,0,202.64605896480083
359.616570419259,111.07582028162496,2,0,0,270.9135008774409
139.11663566660087,97.64163895751017,5,0,0,138.82683160078986
105.11581935964479,101.21564033368362,3,0,0,80.21483520428538
160.3442700710857,124.33210132634416,5,0,0,151.2902542361784
124.54281085645256,34.640702357196346,1,1,0,113.91405291869894
111.38175533301595,34.794261107690396,3,0,0,104.4198996957685
215.30116721970305,115.56379323978321,1,1,0,164.85836001806405
454.38006437234935,100.38942854013833,3,0,0,329.6146253617944
255.99452513566555,120.45092038663157,0,0,0,185.27357115367144
98.0205885035849,8.2069208421789,1,0,0,93.27596822814714
43.100976343532665,81.60842004400756,1,0,0,43.581039765558145
349.597291843273,18.801683956048166,0,0,0,257.19402920235694
194.48538839601198,65.50663577803574,0,0,0,145.68095422861126
411.8063185597528,20.247101140947752,2,0,0,301.54910331953505
331.45783047718123,16.650206168034305,0,0,0,234.78462524678775
399.1395180179774,1.5818848996643098,3,1,1,338.1622508718102
139.61328951213213,81.93104560977757,0,0,0,84.33307594908912
347.71766661822375,46.67294016971119,0,1,0,260.31345211426543
135.7106824233908,13.67447703426632,1,0,0,114.32603622335644
469.83889732789436,41.968911105070276,1,0,0,338.3887529707005
320.0052693590203,21.962731888706045,5,2,0,305.2122505588369
165.63334108679433,122.42032809521572,0,1,0,120.92830728933339
138.40837183467497,41.60063514897526,2,1,0,121.44413608303607
99.50865961046354,43.41395802762069,1,0,0,74.98339570326571
348.84727465239524,109.18154044194613,3,0,0,271.98344926925074
113.26422843397401,84.20824896718055,5,0,0,115.01048959242476
299.6751166341071,92.32230896239017,3,0,0,218.04976192907824
135.9943383280519,82.68023451856487,0,2,0,125.5328565651537
332.67462767296496,123.0055169133135,0,0,0,252.31172627683972
408.3951656275669,26.91010810254587,2,0,0,307.78675708781464
390.12249535660334,128.57510142825345,0,0,0,256.4992916028732
381.62140881073697,108.02430308234672,5,1,0,325.2501867510078
97.92259081766477,76.56643655392449,4,0,0,87.54643660947448
48.75054875733676,86.10831117151237,4,2,0,107.25252535154993
350.97967010125586,84.34736394507983,0,0,0,259.38046293656276
187.3318708282039,7.591509127690007,5,1,0,178.14947197487513
219.01138206965692,28.342144809152018,4,0,0,174.42423369470342
20.418800932728576,124.9912149882174,3,1,0,38.57679698766047
133.49034239114934,69.4673757517193,5,0,0,135.89180023565478
21.66981991785969,49.18596842404856,5,1,0,50.07698445679929
440.1969574376176,99.06500024057975,0,0,0,305.49022573283116
125.48135819317258,68.18746254525524,3,0,0,114.79112220865488
280.881898938639,1.7111602861466868,3,0,1,232.009003150515
24.294763727259554,95.71088757296533,4,1,0,67.73627742588378
335.08945869630077,95.18828280687197,2,0,0,241.59102060114702
164.89853614827646,21.469332574296672,3,0,0,108.4055561115825
449.4699975440446,124.36581149514774,4,0,0,339.068952532529
444.61850352234774,29.108057100344862,2,0,0,331.03946614534533
166.01885608906514,59.50741775968591,5,0,0,160.9597499785654
450.9756433667816,14.915674963918908,4,0,0,343.4602508540866
498.0980483818955,78.42670152857649,4,0,0,377.90355086327895
413.5807537413543,48.808645607437626,0,0,0,291.6613780828421
423.21131713883835,45.912550087261714,5,0,0,350.41461052567047
128.2593243739995,107.50699403872315,5,0,0,129.94482425046613
290.4676874345894,1.2430226705621716,1,0,1,225.80105619677326
38.29167741384709,103.73308021601493,2,0,0,59.895305234770674
51.984378726726504,74.28831354725023,4,0,0,65.59572971726601
499.45184295647886,128.19280675242587,3,1,0,364.47639116316844
166.6864284658259,76.62761867855238,3,0,0,126.77956748283219
375.35103646417895,7.19928743923453,1,2,0,313.1778034729926
404.29920124827413,6.583892437684423,2,0,0,283.7926264476325
429.72151914857847,114.80988822833815,0,1,0,316.8152968075695
498.8260072140675,109.3578389164369,2,0,0,359.49276403101317
124.54076020214958,44.96570982566302,3,0,0,120.11057003662772
24.973659295551354,80.34422294354783,3,0,0,40.73608118399494
208.53980140732006,63.64687641722804,0,1,0,141.47136401652588
69.38993156532874,125.73132716768679,0,0,0,57.20913557771198
16.10081513521729,123.4949171139959,3,0,0,45.23765923842677
183.41127943503562,127.8990711103007,4,0,0,146.7752856964699
392.95043428224204,112.63834148245435,4,2,0,334.95167901034307
285.2594421564101,118.24170680076317,0,1,0,214.8810638716908
159.82510465912526,28.246241239727734,5,0,0,154.95315498966738
328.8992927188963,108.03088256867069,4,1,0,291.1434173730933
119.8489992528613,92.15142471655571,0,0,0,92.617470569159
12.118815805682086,125.16224614764911,2,1,0,53.56151472248597
383.35492628603157,74.26403769754053,2,0,0,285.17817614376645
313.7528270076845,11.071731672372326,2,0,0,239.32522377907037
382.3397991279752,77.66185585432989,0,0,0,264.77375782090473
24.274318260394477,89.25552064276741,0,2,0,48.431386568514625
419.37421577617283,28.64173373261568,4,1,0,335.15276117018726
311.66546901797017,51.23473985665469,4,1,0,252.55661710322445
283.88069860275687,77.80544382671839,4,0,0,206.10960029848698
314.18395381669313,48.63374585114572,1,0,0,222.97570244404992
432.89445719984025,48.743203241026315,0,0,0,315.2628051520184
295.533570746659,17.30126309246366,5,1,0,254.26721347376898
292.57043804464877,122.29707400009659,2,2,0,257.6259945359684
495.3861827475541,97.56426998436255,2,0,0,357.21335993223977
379.58143269894117,0.16164705259326118,1,0,1,296.1363879488428
223.93543369831195,99.52972692288148,1,1,0,189.19999529783797
355.16151501629923,96.17334904552163,2,0,0,277.70860326919586
197.6690834874353,1.2650248202179892,0,0,1,160.8239379467674
118.293353929332,48.048558689789395,2,0,0,90.21767461330934
300.4416790594409,78.877199742319,2,0,0,242.3812619034186
464.450138566406,58.85758474154466,5,2,0,409.38034085646456
464.92406240765405,101.13819543366594,1,2,0,358.05409486842717
174.2431126622177,55.30958324247642,1,0,0,114.38399052811
266.200345779739,20.002186028998814,4,0,0,203.87724338509918
109.7597697920813,126.93403115559771,1,0,0,80.23446966514366
497.83739920194733,31.465199060886057,5,2,0,431.53068011188407
490.65336439462817,93.3000003703732,5,0,0,390.245114543792
326.5069202051864,18.610320516329352,2,0,0,247.94195169264557
403.1849595403493,42.77163979191124,5,2,0,355.33706119813195
358.9745798354315,57.463589095955086,4,1,0,312.5355934564359
298.61331842453677,24.990160588518307,2,2,0,261.49176416934966
31.40725850950436,58.494744927919236,0,2,0,57.3869615314901
230.10834956356723,20.4311669889275,0,0,0,157.8612160653448
339.0192195728682,72.67085006816572,1,2,0,302.415624174089
340.3781488724239,86.28272282762522,4,0,0,275.5550278077315
189.69569611907988,8.1164569236414,5,0,0,160.59245228768955
471.13753339572514,113.24717574068185,3,0,0,343.7910023839625
87.8417309572066,24.068315055464616,0,0,0,46.88559140421593
252.6779258767025,29.297115291642093,5,0,0,213.4899622237451
346.9875683926573,85.97547921079818,0,2,0,267.44610701880043
350.08222391644557,60.93763785647383,0,0,0,236.6084387796986
326.0762836005637,64.92142789223854,0,2,0,275.78656644182644
141.26766565867078,16.660147993207246,1,0,0,114.93731904693229
82.32225149987788,104.74565684393308,4,0,0,100.33244239751392
319.79046177922186,80.2170519935473,0,0,0,212.50156115679147
301.6545474890217,17.599665630229282,5,1,0,248.91174055548785
93.78122509317429,48.61991771332748,5,0,0,96.54143031349523
354.04387705742886,105.35329125555391,1,2,0,307.8740896009546
230.31013590815994,73.88615597826069,4,1,0,200.93779970708627
335.5414928435607,14.124341287280961,4,1,0,291.0510476039776
419.4967044862246,48.461015952607276,3,0,0,323.362318726824
89.01557214557697,31.550271799245497,2,0,0,76.22272924257304
14.476709658434157,67.27052197498443,0,2,0,51.38339534875531
390.6557802659145,109.63694675335864,1,0,0,267.3925923096472
306.8002254505449,56.71472752457458,4,0,0,226.8767276237396
351.3215869629502,56.334463947882,3,0,0,271.92502784033655
419.88671261937805,117.6956173025148,2,2,0,346.9202390658788
402.39141273812777,74.90410362594541,4,0,0,330.24355503842673
480.6554727297682,73.60484136166289,4,0,0,355.67566849663604
270.2878640317985,34.04828594380062,0,0,0,194.1435055026384
246.80533816665314,79.00395721882643,2,2,0,230.8730399212868
203.9341639459114,74.86836076426152,2,0,0,161.43884248687212
81.07706620788124,51.59069114444232,1,0,0,74.32138430858669
288.4405802766011,128.79042356689348,3,0,0,219.51376529367096
142.1211995413595,114.64582544325127,5,0,0,143.8109314853433
461.0472185454229,97.44621770998602,1,0,0,337.69882144121243
293.6794481171633,69.85492649369007,3,0,0,239.39582816746724
298.45588935151454,60.06777424630193,1,0,0,213.27427329085074
180.68770713411996,24.036661379015918,3,0,0,138.46843373141257
30.734729228965207,39.74587162190108,5,0,0,52.03809691460974
20.71316385962937,100.61490397701732,0,2,0,41.05353217422138
214.55089635583278,58.98736401188169,3,0,0,167.962889692678
46.859862158132735,114.69503715403518,5,0,0,66.06899998386008
305.38924299236885,19.22844772491874,1,0,0,214.56635424061238
441.08163779163044,66.08512248177274,2,0,0,325.8217065326913
442.0428341767675,84.10553892277014,4,1,0,339.2190820712309
331.227478015455,67.19029932003038,5,1,0,278.1488277307732
109.55975657910085,115.59949590604833,5,0,0,108.8792985683297
432.1834315226417,128.64322663778816,5,2,0,375.9795783102494
443.61625048003805,15.058505584378066,3,1,0,347.28110445269044
102.34352455171455,16.894137529999732,3,0,0,90.07840830592299
370.02591245648523,16.94213476281574,2,0,0,268.59309859509546
146.82717671892587,88.55302248916858,0,0,0,97.75195584207827
402.3069546147002,48.44789241445893,1,2,0,336.38948921265427
498.6327604522833,95.33090596456779,0,0,0,363.4629014551964
19.862872638049442,52.711291475307235,3,0,0,30.98676033799764
449.1961035665113,81.58887377316827,3,2,0,373.28880438025675
313.20211413133575,100.08154073825615,5,0,0,241.7442572573165
486.82439648658647,71.26806838513967,5,0,0,378.0032849642086
235.17971117558167,70.13546675850078,0,0,0,152.94520839511574
424.45702563283,11.47046228713248,1,0,0,302.42168695599514
35.88506395614723,53.40162657822653,3,0,0,56.626985106172796
170.9631297887564,70.95102991924189,3,0,0,128.7627596617278
38.17318618684894,60.05750733663329,0,0,0,18.827681640138078
487.7948510721399,117.10166002449532,4,1,0,374.0519003849025
409.4020840995592,117.84898217553362,5,0,0,309.9700255064985
427.01097351675537,106.84925947653903,2,0,0,323.5838600130042
469.29278955977765,48.7887497985056,3,0,0,355.3606408169939
47.12622562929375,93.24888971937946,1,1,0,65.74525896781576
195.87080829410002,51.38749993904927,4,1,0,167.1038814370907
40.16227007678105,30.237167866848676,0,0,0,12.40047535158077
109.34258526726417,44.57734366161461,0,0,0,85.65487073434574
118.53605963364782,9.225402327119612,1,2,0,123.62497226088975
237.20806946855146,43.13107617060414,5,0,0,199.24137351514912
137.93827288955308,59.896488243952305,5,0,0,146.67043031385992
54.98416287479174,124.21251632150789,4,0,0,69.14021152658191
87.90808910158331,40.74337620855124,1,2,0,113.39053110427446
77.901403958285,117.31896009671769,3,2,0,106.98540015839563
486.67301496658763,29.751575857054615,4,0,0,365.80759107415696
380.8497909246444,24.825956708702424,2,0,0,279.9467878809601
484.0419253084332,67.46940933618144,2,2,0,398.1099526311898
222.67154082141474,87.42647800866277,1,0,0,164.838011967167
142.79239842301502,5.763192604296585,2,0,0,119.40628295505097
400.1551326185474,28.738562456138173,1,0,0,266.2333538518077
166.49568943036766,59.23887664517113,3,0,0,122.1886540703385
153.1947699841474,43.03056367781359,5,1,0,133.75437160337515
120.09046614287644,92.64074031528185,3,0,0,102.95609611816235
69.1910942209965,66.45087748537118,1,0,0,43.46183352055567
131.94921520329916,20.846683728507028,3,0,0,129.94751536809932
180.8832754945744,116.28049931096177,2,1,0,150.8898474169298
338.62713303213656,38.077737812836745,3,1,0,271.58111351057045
35.96959689862853,95.04704416537506,2,0,0,29.98217464560445
109.20093513434476,101.38905128370328,5,2,0,138.9941202191666
405.4667019443798,125.21050103329328,5,0,0,336.1729373396831
77.72635217396653,64.80597064813318,2,1,0,94.30737127944647
174.60934752864816,80.05861701037618,0,0,0,126.99605519146927
433.00616631977937,43.53391815233939,3,0,0,308.9656809874663
81.68802901600411,88.16330814356864,3,0,0,75.43283495333
45.954733631004,60.239853162621564,1,0,0,42.45804288266926
244.84630756460535,56.89480741417489,1,2,0,213.9809912621785
154.6976580828755,111.21077878509371,4,1,0,127.91685206671245
283.8871404195078,6.521949654829527,2,0,0,231.4365628334434
402.8834207893202,114.6551156181429,5,0,0,312.86885145035177
72.88850163560787,110.7690789177124,5,2,0,111.38036489075766
292.44604685437105,65.82761296303258,0,0,0,206.15461789807205
255.22683639298265,63.72637104673167,2,0,0,205.21840098785583
76.31899907653379,47.03495784461372,3,1,0,89.08938276316756
313.87925033684627,129.24259291862546,4,0,0,238.52105788857975
140.45200684108195,14.452013257999358,2,0,0,100.21725058432668
246.47798767928617,76.7279806317189,4,0,0,183.06025331718914
45.72480051714563,88.61860671461422,2,0,0,44.0518882749226
232.4941083207434,121.46290106820278,3,1,0,190.45566981686827
156.69941668119606,101.426454591379,3,0,0,136.8361883932508
412.0786995367504,83.7001363655011,2,0,0,299.1094898409273
33.2044698636973,15.185601185575948,5,0,0,68.20181676475622
212.2106010845733,48.58535718809076,5,0,0,191.68787611027204
231.92355494506182,18.049413531238084,0,0,0,157.15080985756748
363.87800776806375,114.55765522051678,3,1,0,290.97563565802363
289.27234966965443,97.45075022327359,1,0,0,223.35299564685684
335.2701069111196,98.4797822836398,0,1,0,237.01489838805452
389.6393963976193,84.79334731056073,2,0,0,287.5196230825567
431.7904719608034,65.91565980177225,0,0,0,302.69818059478035
160.3683708776229,19.496237730254638,1,2,0,153.1817676381943
271.32123915513193,42.86033527165673,3,0,0,220.33794148550388
420.85349882740394,17.799053021995775,3,0,0,326.6028012034617
494.7783098277029,94.23870857080462,5,0,0,388.91533624577846
445.31205896666273,20.829740882860655,3,0,0,339.1683399436921
188.87629499906652,91.27476152231912,5,2,0,200.2645677303179
101.60742602323195,89.99320064746762,1,0,0,81.89764058868631
247.24930601626141,59.70958226886756,0,1,0,171.9623950962879
372.1125186588409,17.579725035346797,2,0,0,299.374538338075
248.8216900228823,40.92410739742477,2,0,0,202.19123757713496
244.1745273402659,41.612104179821685,0,2,0,216.96732027257912
419.9240584354913,91.05006730862814,3,2,0,357.69201883521254
183.89487063825723,14.786592523784163,5,2,0,205.4907821314053
430.59836403176456,107.7789240080918,2,0,0,303.1406955068316
206.36837647110315,98.93094772416882,3,0,0,155.94429135819763
167.47538731077802,24.21989936265561,4,0,0,136.81219277881976
229.725006043851,93.49136963125562,4,0,0,191.48398420995355
382.41124454405985,86.90671359081684,2,0,0,281.8036613666866
67.37100379267717,97.25570401442042,0,1,0,63.857957849928795
102.2275118566486,24.56071220833028,0,1,0,72.47066742637432
475.9651887032305,20.486741880340922,0,0,0,345.21494782704997
91.8683555537719,30.74291816995805,3,0,0,79.06482842226333
286.025022375872,47.563321409366836,4,2,0,262.93834306196175
291.7606609976592,103.17644753465416,3,0,0,235.6077046888288
247.36410871487118,95.93011187225049,1,0,0,186.3518503749946
324.1488980455252,120.30870699620931,1,0,0,224.74788295681708
118.76422926982112,7.621842682820008,2,0,0,107.81011921037006
278.56782254949036,1.5023165318441278,1,0,1,222.6369867288153
189.2257613472141,90.88804786110389,0,0,0,114.29126648909197
332.5252935164486,36.307374453241536,2,0,0,241.53959942622475
74.90565396970898,43.43025641939628,4,0,0,77.9879405679552
287.5843213355407,71.08426336888658,5,0,0,228.47665156755107
96.70882591474523,13.313706006483807,4,0,0,109.14946737734621
142.928316241943,83.55027415124646,1,2,0,140.71774653033046
113.2613511601737,42.269168010049526,1,0,0,91.29083588454627
95.50470103506447,82.25296615912892,4,0,0,98.07437205230718
413.7269210225302,108.42089869954016,1,2,0,341.59424090801974
146.42524599214073,22.24447333386586,1,0,0,125.61645294500786
463.9262720229024,121.01350207888763,3,0,0,355.15867344040265
485.11363004586946,68.98945833811769,5,2,0,430.1166782062837
287.77393261886317,119.98060947261588,5,0,0,245.45480794521507
75.78555571953457,27.004910686231156,4,2,0,119.47947388569996
190.40138047289273,78.59314639855089,4,1,0,175.09407938901845
399.87747035736595,52.505325252068616,1,0,0,265.83813282495373
186.85841070504986,100.64888485028172,0,0,0,127.80365547129587
48.07352305988043,78.76816261772852,3,0,0,54.24200857370751
280.608530909453,64.2870094045814,0,0,0,202.0190987737329
423.3348214905372,118.68810283603112,1,2,0,341.7949933014806
398.9835616360337,49.02521834231843,4,0,0,313.4403391017466
91.68595436452485,28.597426636763593,0,0,0,52.81078769451968
338.01848413417105,79.05315429077191,5,0,0,260.36919706804946
114.14961040064532,81.12369683246578,2,0,0,84.32800599020585
113.01272960332525,57.0823008043438,0,0,0,93.91444145234787
437.66552778606666,63.2593056796197,4,0,0,326.3292828326093
128.58613160641391,124.74194385898699,5,1,0,128.66923609435312
135.30743652641553,95.24913988158417,1,0,0,103.65751297028652
5.32342842684328,14.37822769273501,0,0,0,6.0
435.9811718921312,27.576909213179427,1,0,0,307.10031200691054
397.3344325385217,126.82496247662267,3,0,0,308.16240031214573
315.5278228698856,94.44052199315907,2,0,0,233.1831404243888
376.3815531497269,118.95586639880491,4,0,0,309.6324724355951
80.26404087512344,39.50199031853386,4,0,0,70.16996541218577
231.87017932084984,96.442691811257,1,0,0,167.76263904666473
178.85359673764654,92.82035210805648,2,0,0,136.7095947567993
51.419380497223166,38.30969810711876,5,1,0,81.21562590294393
245.6345901813874,71.6061223085917,4,0,0,191.14825010397027
460.7661269196045,81.56396446513838,0,1,0,329.022376922012
24.829263930093767,62.54713540757045,4,0,0,53.428650120658666
149.27315217942797,107.53323186554165,0,2,0,138.94467209344455
107.73276342182321,108.27297543373864,4,0,0,95.21910538619072
122.88259356451968,110.57807127920238,0,0,0,105.46110661993201
454.67510318029076,104.44506398276117,3,1,0,351.98902995267923
236.69418184597362,63.4508520356288,1,1,0,188.79834161848925
235.8182094052103,49.586978759370936,5,2,0,245.33721133414127
381.48494301536476,108.07891688286817,5,0,0,304.6466687822566
81.47364098243827,63.72618961231469,3,0,0,72.00311265844205
246.19635027952515,32.02828182163764,5,0,0,211.5784381040083
217.84268098992456,65.95465920188812,0,0,0,147.4702995568168
300.4707918205948,18.440476849501476,5,2,0,287.44114868995206
499.7810631089671,89.91183377784385,1,0,0,358.50846972286604
385.8772025706133,43.669766611107825,2,0,0,296.04864278396667
201.94352299362646,33.88564379816906,0,0,0,132.27486504088253
414.63876087565325,124.34613701051686,5,0,0,335.152836455509
89.50063983967769,100.99452944857998,4,0,0,97.50094465564833
20.07952472293526,102.31903535411111,4,0,0,40.822572549182034
106.20194436981517,81.08385600629384,2,0,0,95.93783827532269
173.50372027655854,109.09246536633863,3,0,0,147.84325012866964
257.73747494248215,98.69112255123956,0,0,0,187.93670126783826
309.4889245678939,77.84058153737014,4,0,0,252.69441527439554
455.74983002113873,124.94617224072326,1,1,0,338.35684571895115
257.37773472747654,24.907343458974996,2,0,0,190.71256230746752
253.13144408973605,122.63936346931763,3,0,0,194.81122246836347
29.870289862376154,52.18696105985244,3,0,0,40.753092707060354
22.281218564830787,68.69186784219326,1,2,0,66.51620915775186
277.82418114860417,15.956111540760162,5,0,0,237.80142663047627
221.89841355793052,70.21396705983283,1,2,0,208.8880075716448
420.3942955152478,79.45687774156514,5,0,0,342.70541846525765
84.53639443236337,129.70120043510812,2,0,0,72.11980887684153
17.36097274793955,126.77501343929845,1,0,0,37.116599383608545
227.2741901254123,125.63164794365734,4,0,0,188.29301964953603
122.55188559236746,45.290447813267456,3,0,0,103.66214520361402
29.559114802724537,128.86464483685566,5,0,0,59.86525432955152
363.67615198957634,59.21215970736441,1,0,0,268.2659856136427
60.2385349788375,110.73871363904706,0,0,0,35.84727845394623
306.118152503847,28.12159597246636,1,0,0,221.8555337461084
144.11962633261012,65.75831335535831,5,1,0,142.70875814788454
90.8805449257359,125.5815724965887,3,0,0,87.02485905800174
192.97700384506214,123.11408160004558,4,0,0,172.18179266074776
401.71565923036206,88.88553411678548,1,0,0,288.37081126129056
199.0863205677635,103.71586193189778,4,0,0,174.48595529756466
376.6309763594726,22.935470558312183,0,1,0,262.3575315322833
67.11571691557958,93.81561143294047,5,0,0,91.38387259867673
387.5218527342142,80.3466050835984,3,0,0,291.06396401182735
122.28199582879108,11.90172564766199,2,0,0,96.47534962407586
340.30959929499204,14.710670856657913,3,0,0,265.4215997189972
285.0618696462932,14.097670307664044,5,1,0,250.29625616379917
464.92663501978524,94.16640152787863,2,0,0,341.5727352532769
196.72464639778045,18.422977072184416,2,2,0,181.2652679268246
37.751768473048024,60.80519524488116,3,2,0,79.93218681158822
14.481965347870188,46.40763476410851,5,1,0,56.079745529839805
414.2949876815128,71.56553830012831,2,0,0,311.25209100565263
264.7441406424089,91.84194333852237,5,0,0,215.47167516486968
388.7458056582999,89.01392983877317,4,0,0,297.4475252664874
121.04067200569978,67.01758906886896,0,2,0,123.80696707699217
175.8164540290507,60.36353356935012,1,0,0,130.55668091765017
19.901416744602876,51.71602736589364,5,1,0,60.36654342644312
480.9387006641855,112.04829327956932,5,2,0,387.9561719596522
335.59461381690267,43.010734633443846,2,1,0,257.63610522643756
466.93651844085656,33.71755675177433,5,0,0,373.28167356362485
136.4207216773908,96.63101417518527,5,0,0,126.75410527379032
307.6744875567021,46.76925002057444,2,0,0,235.9607214157146
340.8574843048557,110.1098179684449,3,0,0,251.32658123871556
162.18710162750628,42.625533422828816,5,2,0,172.41994729069376
424.8140713327369,91.25282719469647,4,2,0,368.4291144483749
473.84492413562265,5.864170817093692,1,0,0,341.18858540895
443.00328325952216,50.123174414341605,5,0,0,345.68521738984896
370.8381530899894,44.61992274578169,2,0,0,283.7863058149567
142.34501646385223,106.16823610587004,4,0,0,126.47226839261361
144.39994084228772,125.7172024196803,1,0,0,103.43579676934752
481.86335862078874,59.914565970084986,3,0,0,355.07146132176524
10.090825488167553,107.22871602998855,5,2,0,70.55182901175468
359.44473675486154,90.96031112445746,2,2,0,308.32552589202146
354.59185046485476,125.76017839628011,3,0,0,269.0912471838715
313.23132277014975,105.44410686456722,5,0,0,267.3871516147612
495.1038788129986,10.072148575284968,3,0,0,344.51410590427975
159.380320703044,92.7266239096907,2,1,0,144.2093182341314
173.28607257765785,69.61496300490857,4,0,0,154.35624718195314
44.075004458544996,2.136687531202531,4,0,0,59.09435079491233
224.18507758915004,32.670684634307676,3,0,0,168.22557066642239
134.2190204862498,119.82818185349609,3,0,0,101.40394210573132
174.9764175779339,120.38797846227789,5,2,0,202.27258096274198
418.1130361765357,103.85055982608247,0,2,0,333.3179332362068
468.0648341961104,127.63134842613863,1,0,0,339.6076750799879
96.93787064256689,104.85087920114663,5,1,0,112.50449464977609
189.3919211189656,1.326544347081875,3,0,1,180.93668360393036
464.67212824712004,37.41846423919653,3,0,0,344.3310086405512
35.5951880411652,3.9811436909091724,1,1,0,38.29836876854258
50.71846141513237,12.234035935882728,2,0,0,48.61190655094474
85.58153965708354,28.449306203600887,4,0,0,87.2875596069
299.630352892803,65.46261102231792,2,1,0,246.93293093395894
79.48377414796875,110.17916045006231,1,0,0,52.01625206874785
484.19780881811306,112.05567830042405,1,0,0,331.3955539145658
226.12369099296757,80.10624161244854,0,0,0,146.53048692323324
253.25139037333236,120.66287207861055,5,0,0,220.91854588307513
127.09601482367621,65.00810245672706,5,0,0,124.80786238151116
238.1253249551931,115.5746857373162,5,0,0,189.69997984007875
332.6472481553207,59.02848332316157,5,0,0,271.70680750043
376.83268279225115,36.0392509648447,0,2,0,299.083672406334
378.1647009414069,119.1336793530556,4,1,0,309.7752402655037
291.0561007835737,50.43155983825301,5,0,0,248.59976288999633
452.65808862195934,65.44253414978002,3,1,0,372.78678726946396
409.61688441652416,42.75188222898804,1,0,0,285.7019727951598
379.7388167758196,86.16888803779487,0,1,0,260.28608805422556
32.52473323182801,129.35405925078462,2,1,0,51.66069311474191
8.40459129872641,3.3167613524200537,5,0,0,50.813066414665094
110.16140221175911,116.9802407809232,0,0,0,66.27974033194674
333.44417898715886,0.5103874086045024,2,2,1,292.29980226431206
208.5427569968602,47.34962454900744,0,0,0,150.30594858087628
204.1910983531593,21.918884817636858,2,0,0,173.9652383270739
442.8705096736588,98.45443148743168,0,0,0,304.72499866589055
448.3036098252602,6.5794092984325525,0,0,0,317.23320809358944
455.04175570652495,71.95304396596264,5,0,0,340.11364266387227
160.36964787493852,38.34039739989064,4,0,0,140.21483451268196
347.0726273059346,17.377132352411277,3,0,0,265.5696130603267
139.45842473081296,100.3363675733433,1,0,0,118.8491049950938
99.35186737185265,28.264188453183372,3,0,0,85.37062976589226
96.39306638694777,29.077777567142057,4,2,0,139.01985805286347
174.34327232747904,35.75998206792999,5,2,0,188.11998219735514
217.82902179101174,76.27967929764355,2,0,0,168.97465279125464
416.31983967225887,85.75657111979727,3,1,0,343.168718690233
64.3460912689925,2.2883280811748454,1,2,0,104.7586831714189
368.7882944604726,31.44305269479274,5,2,0,349.9662604749354
268.07018252370614,56.02620952568677,1,2,0,236.0041610648569
147.53294462461628,43.15700378096031,2,1,0,125.6485399156646
248.9456943437482,114.9421856064152,1,0,0,185.4907036125862
153.4713245396262,102.40213501523445,4,0,0,141.32713412758605
300.06056784296146,81.36572802004757,3,0,0,236.911292161659
219.7527418133459,43.94551407961517,1,0,0,155.9171035878929
86.38073689404497,91.08740483000078,3,2,0,111.81059976143514
62.708621905069876,109.67294166995327,0,0,0,38.89858834381682
275.6143626257044,77.32794905666827,3,2,0,261.784153637494
451.6944514766212,101.97999069613928,2,1,0,352.85447635861567
175.25905484605434,97.38364498196721,4,0,0,181.163179273456
367.8350530751985,74.32585045084188,5,0,0,299.47908470335597
331.0373706951846,40.58381818679642,1,0,0,233.7775759971633
466.1196825831931,96.95168054016533,5,0,0,360.71564756959106
411.3856035630747,26.88352762648884,4,1,0,326.7723182769161
285.46960315820417,101.33348504129938,3,2,0,272.6641927771336
330.2300966258831,104.59106997852929,1,0,0,246.90004697845777
449.70130095909724,106.8788343441485,4,0,0,334.1149349817379
202.76179837053272,61.47907622719949,2,0,0,157.0143831110369
166.76337939959978,25.022499810154816,0,0,0,104.47203784750474
10.351486399422189,12.964068008588935,0,1,0,21.639233098656753
414.1427817247748,96.63696256343015,2,0,0,300.3748110673139
401.4854466996656,115.2139799888757,5,0,0,313.90038504821075
56.70498645957493,84.60898664879787,0,0,0,23.118467373650844
290.5444036606866,18.740807850488046,2,0,0,226.30153293560704
234.67094059260927,121.53653830728463,3,0,0,198.12807615087644
63.76100227701017,128.58326189011154,5,0,0,74.77128595079162
490.38127239505815,56.339219291539855,5,0,0,380.6933517936547
111.27446429436094,77.32728760559026,2,0,0,88.63291832154577
38.28091914482777,101.03970760021551,0,0,0,25.05748630101343
299.4494528534452,95.73067270650581,3,0,0,225.59918591819454
370.73900518085117,125.81233495134839,5,2,0,323.7958596043373
21.05950579335755,14.934801840242558,2,1,0,50.58311091392006
331.065231169876,75.49423259856475,2,0,0,224.33566485558077
268.48447859596996,89.95108455750197,5,1,0,239.05548390064135
56.11617939314897,115.7127951443971,5,1,0,87.16141076981069
90.39931908844922,113.63425160335959,3,0,0,100.29655452865012
286.14727717145985,127.13997316296769,5,1,0,244.85884047183572
151.69701868907774,66.57019901189827,1,0,0,110.9385223084658
469.46628568240146,107.99891268571946,0,1,0,333.11181658044814
410.2764135946051,55.5466220565526,5,0,0,328.80695338698797
491.8657672242632,54.900804121284196,1,2,0,384.0252810658202
133.53706528045493,32.935287381471674,3,0,0,105.70238900257112
485.01319823499864,106.37084731249988,3,0,0,357.3285023896706
218.46076554682114,128.15596375575703,4,0,0,174.48628071881325
177.02180368030855,33.324424685143526,4,0,0,144.7029570706375
29.923015849829856,7.297106442739402,3,0,0,43.48990861695146
31.118802640503297,106.02051686447095,4,0,0,49.01538426808066
347.54557169359407,80.6299068295183,2,0,0,264.6726201429113
231.6748522448438,124.76084407163057,1,0,0,172.060258707322
117.12820488787233,32.79109848000379,3,0,0,93.45423742003135
308.91530163099014,9.23359554016654,2,0,0,213.3549030251885
130.16476853380505,64.01749391264521,0,0,0,82.37558687192981
290.9277184004892,11.110582985469174,0,0,0,212.2346405764059
182.80832975643173,34.03270014335197,4,0,0,164.51116282887384
412.6583521728504,16.377121906491876,4,0,0,328.9503462682823
411.24459957955577,29.13718335581023,2,0,0,312.23176525208976
241.28844707058866,13.79880486678094,0,0,0,180.10556665510995
178.65545912083272,124.0077799255471,5,0,0,165.7665833073459
184.4670992967518,36.21315274846561,3,0,0,168.03853895020129
403.8286902057678,57.70668617903351,5,0,0,323.69840125717275
167.44884398481793,116.81953499244891,1,0,0,143.3925583493488
108.48438998488878,88.05180643499166,4,0,0,99.73971928747996
46.920729228276876,80.34487247303066,2,2,0,77.6530599156889
236.01309483778215,91.72321474690882,5,1,0,209.86603575164236
243.65538896532172,107.74689342369963,4,2,0,236.45472418531503
421.24981164943904,114.09700482072891,2,0,0,308.8616120347919
114.51315474080167,83.54315718645344,0,0,0,85.68982601282212
193.59068046585796,115.7009457102275,4,2,0,200.5313594845894
405.160840752377,69.60167856531199,5,0,0,316.53131011535055
412.6936873207419,36.04781131489504,2,0,0,302.1489370783362
195.38248260949027,114.40997215489976,2,0,0,163.27565512362645
232.26639152690703,70.39146756370133,5,0,0,202.80723956052006
155.12651597039505,117.79788638374046,4,0,0,123.21457807256851
466.61466481755946,5.221815813575558,1,1,0,359.1706772923028
63.72866404208225,51.67704770036062,3,2,0,106.48651681122105
467.20596438572767,123.21465238712086,0,0,0,335.5446225663162
343.5138936584949,32.454512058579354,5,1,0,295.84203843363997
268.1282155799319,122.39971198500405,5,0,0,234.09356471140745
21.166235088325458,124.0073199468025,4,0,0,35.4688495062306
240.4201149518941,114.67850084936192,4,0,0,188.87638334681745
206.83531197635247,73.27684586212884,1,0,0,174.76900739670748
84.80331192768567,84.10212838048301,0,0,0,53.57846161841217
329.9227537328252,113.050209798483,4,0,0,265.0945309247012
485.71969914730147,100.86662071059398,1,0,0,364.7441488051137
283.2834614769399,81.91220042920351,5,0,0,231.9732427187313
358.80287183975315,127.69372302319134,3,2,0,307.6315134533205
38.88297402017831,89.13796272338024,2,1,0,59.18498197054425
211.7451629294124,126.81265901820895,3,0,0,172.98303868271776
62.59745015642546,7.460501698921796,3,0,0,70.24244749742883
308.33393859057264,18.06484819648762,3,2,0,274.5236468771021
469.5486683160065,58.68964998006378,3,1,0,357.3088235238569
332.57997757346106,50.03432991496096,2,0,0,246.1658671107599
43.01750891563866,101.7555293764136,5,0,0,77.111083637831
180.559771467616,20.87982344099649,0,0,0,124.793387228304
277.5783728232215,126.89237328449352,0,0,0,199.7961879855239
204.58783928595986,40.95856378391882,5,1,0,180.69574175503462
417.6537851852103,55.76008200622073,1,0,0,320.3769488875613
408.2621473314447,35.71685421720298,1,2,0,334.2549184683298
307.8563549510946,75.31727025245115,4,0,0,249.166876773383
189.8616828406891,7.621731054935913,3,0,0,163.9565199592045
131.39150501280585,19.45807572415834,3,0,0,110.01888276540481
57.40778751549901,96.95370144443415,2,0,0,65.66687726789982
180.67435332584424,24.24507584262451,3,0,0,135.48809248376955
209.52039601782116,30.61687870236617,2,0,0,156.7669659738155
339.5323479265164,103.0876906442289,4,2,0,297.25884291160514
330.78911302729887,12.129153186442968,1,0,0,223.77281715251243
39.70352912242219,56.87159696020932,1,0,0,30.467855087723585
200.6533611384231,2.9982403096395083,4,0,0,169.97010209831106
94.98053927259414,45.0849619113275,4,0,0,86.03581987488636
82.62228913181882,90.86758233939808,5,0,0,83.21270700110713
414.5145641199367,11.71342636323968,3,0,0,314.5681924774259
25.748032274547477,115.4835014812388,1,0,0,24.655157989515747
212.49552357155005,118.23487558229309,0,2,0,183.605140613168
88.2608096044265,13.648748766267563,4,0,0,79.70656225745621
440.26845676084463,128.79521672885096,1,0,0,314.4269014738474
280.7350540711424,38.67884194141356,1,0,0,199.369451199871
119.53341500653977,10.933217247108786,2,0,0,99.5494350797347
253.70150714735632,0.6587248846440952,1,0,1,199.2539261758702
367.0857480530423,53.107976449302136,4,0,0,287.5705660539481
479.2684144151197,81.8752981417953,3,0,0,348.10975757845955
114.12077210148237,43.18330248743072,1,0,0,75.18421748887702
443.65997720402584,108.77325751170095,0,2,0,354.18960859666595
467.4805365129077,93.15881582345651,4,0,0,365.67443281452546
458.6281695433728,45.52099915584425,3,0,0,341.8030142739489
319.5301066466454,95.4602566591186,5,0,0,261.79938866464875
316.7612239451803,122.26340580600248,3,0,0,241.14873932020927
204.58926342599227,12.102479810592222,4,0,0,183.0909822517189
377.43695174037504,39.793514820490195,5,0,0,300.59817487590846
267.9905390837113,60.23237208517013,3,2,0,242.2799114185567
340.3318452580058,64.73871660811992,0,0,0,248.93093338916157
217.08666240515376,70.48543383518957,1,0,0,153.47092129049688
367.09074970135384,39.08149785002431,4,0,0,289.33242917069157
413.1134012142518,86.74375397770538,1,0,0,289.37322977654463
77.48594701839397,83.86098545887786,1,0,0,67.87690918069218
417.3002092092429,75.1167958153098,3,2,0,359.50362329536597
272.44678323620207,14.78902382241396,4,1,0,218.51713221709997
423.10962499966104,62.00582584247279,1,2,0,328.8638415190652
218.49434463880223,46.30949537361882,2,0,0,171.22817742960146
192.62504026460235,63.83500107895594,0,0,0,153.43798756042426
457.9550625960251,119.84263661695338,5,1,0,376.2181367781502
129.32878743645864,62.469074610593076,3,1,0,119.97989557340617
422.8851010166408,1.8175029391365394,4,0,1,337.6184186621109
244.59018339215504,57.04877595093702,4,2,0,226.50680012342752
259.4772440628735,106.68426340641967,3,2,0,247.21407680132285
157.69179933729458,101.40792001836186,1,0,0,126.81682542395667
288.65588930641275,66.74070955866353,3,0,0,219.6766637772098
165.9795421567246,32.46997167171099,4,0,0,143.74147615829537
24.438360049617895,60.461526178890864,2,2,0,68.07321413688025
139.63930964545625,73.28128852436491,1,0,0,122.08454258536966
8.157626486262386,129.98328697563738,5,0,0,42.344703005426
489.285619593144,83.74315172201905,3,0,0,358.1495177243915
483.044868860775,90.25444090813976,4,0,0,359.3630678719152
200.601872248791,63.889038663846755,5,0,0,169.4003031285548
365.54357289812475,46.083641601728885,4,0,0,298.20695542353087
176.17401871316036,105.68388787413679,4,0,0,157.7763944480591
337.19111275755813,64.34120216410071,2,1,0,258.30781318411346
403.6878713077597,129.30971689538828,1,0,0,265.82847472675564
473.64434112265917,59.42567465484573,3,0,0,348.26349272401205
203.10507654558765,8.840036874185058,1,0,0,153.66401417027154
392.7325015632436,88.73515782171076,4,0,0,309.1924508104665
136.6345830628988,6.063388620355439,2,1,0,122.93907264711721
495.21449037785595,32.56520759501143,5,0,0,373.4374265760373
17.755951388353814,45.98597286138743,2,0,0,28.526625259747334
303.7467592180549,96.1328661307726,4,0,0,234.42628265759373
331.4554609174069,64.25067043298966,1,0,0,241.1855798951011
345.58255075169376,3.7239710703333593,5,1,0,282.0306555133703
64.59185150059906,80.19048066586988,1,0,0,62.42813554806502
469.5722428191996,53.48671086546611,2,0,0,348.89978231300034
94.68572312979099,119.83848629572392,5,1,0,110.54788687772248
313.2629346037213,64.94310044823061,0,0,0,233.55017633394954
115.22465916592705,92.16676897211407,2,0,0,92.38262091532305
157.0721264255291,28.45290400284109,5,0,0,134.13878519430236
275.4969781554216,98.92656338911492,2,2,0,254.37131698891187
211.51074218946536,93.72419036287741,3,1,0,182.17158909717068
84.31167248337061,117.53062211037006,2,0,0,71.04602712078842
89.6135191983199,4.396813423495898,0,0,0,57.46289423613133
211.98167014058583,58.17509069026865,5,0,0,190.2311719878046
379.85507424637285,88.29020235615192,5,0,0,311.45570898471243
449.49250018965535,12.371307010427953,2,1,0,333.78838939421325
46.6431928183945,53.378528729358614,1,0,0,45.21266852856224
199.58643424190353,122.47905839860539,3,0,0,164.73999672832963
54.62155404282393,56.67148381584667,3,0,0,52.69161609281694
13.213277913135952,128.1026218524821,2,0,0,23.761745573675654
332.5507479087585,7.38907794037655,3,0,0,251.42183117994148
303.21247377346094,93.31787089831586,3,0,0,246.79537826802985
85.69446133836867,75.53211071227503,2,0,0,69.04995254835727
120.73735238106673,65.0701580271763,0,0,0,98.80623055180112
16.735338054036596,126.21016219305122,5,0,0,48.995882678810624
418.29886681872983,16.85455206384672,2,0,0,293.9601708614469
487.471845044033,116.47986371851874,1,0,0,331.7397055259277
72.05247071337195,89.86125344775934,4,0,0,77.78310326916207
119.58023081382257,33.66948952895225,0,0,0,96.4122103760851
434.8627143537324,117.21698893219813,2,1,0,341.4374946143442
463.5995799883115,55.808339321931726,0,0,0,328.7435800520328
212.71555448937113,105.84955264949922,4,2,0,208.31853898675703
30.058123773191692,50.548747216162,3,1,0,48.06181043982346
24.498957677945604,110.62100756632132,3,0,0,40.759531385233885
289.10518370416014,82.76178539785633,4,2,0,278.6600056732608
199.48307890212362,18.33606236588453,3,1,0,176.53438309735503
19.182951650938985,84.45621125103858,0,2,0,58.255468143497524
293.7099341947156,24.87481915124344,3,0,0,234.7177313462923
10.594755611566123,53.54994162624115,4,0,0,44.72861518245501
394.74911928389014,22.138425952764386,4,0,0,287.09564107766033
156.68424723816892,2.862095036725416,5,0,0,138.56762489844948
24.92771148956989,27.545250128494477,4,2,0,72.45271654797367
296.2343493866609,69.72836308413635,1,0,0,205.50788860320273
201.85378514436206,62.60292581105498,0,0,0,142.53515655247122
487.031204611789,65.19462241968829,4,2,0,395.5612179796615
274.3783379393326,32.19929419805817,5,2,0,257.1849302409039
141.2433946133191,89.07095607984421,0,0,0,98.81287009371965
356.17223799381753,91.55422728664495,5,1,0,281.98321831561555
139.3885412586421,46.53581732275652,1,0,0,101.21639855493687
452.60042924674474,114.55211150164266,0,0,0,325.23224314366655
190.48737540115133,83.72301816262122,2,2,0,173.8329191436012
277.1849385742216,92.69510578362213,1,2,0,246.0266454916221
30.033686392993285,36.05418933206212,1,0,0,21.144686761148883
215.93001278635424,0.07951257022631553,3,0,1,194.46602862677764
417.0199521321925,112.49882957327424,4,0,0,313.2111952529066
403.79615865485425,106.91516999537511,1,0,0,296.3128201301397
116.0376866324955,16.01494544556793,0,0,0,79.17671021354627
116.90914015022852,48.63366754431984,2,0,0,101.11987152192324
409.5661295455522,85.97411009051574,0,0,0,284.1987061003779
465.5472179838161,84.77441143843467,0,0,0,333.6261238481683
52.203656030136756,111.84554352511235,2,1,0,67.87173704251227
227.7790265159815,18.234861012605712,5,0,0,197.86272044565402
172.03986808729334,55.892167212065445,3,1,0,147.72403122379296
435.9907854514325,12.639174330435221,4,0,0,334.45494849291083
46.344832766609294,50.64738229702166,1,0,0,28.535616626911704
109.50734156622852,1.9639679264015697,4,0,1,125.9255660583722
377.4718271053147,116.7754984643165,3,1,0,302.6573709617437
30.390455245701713,68.51571958772854,5,1,0,80.54850745625075
248.8050134535732,110.47429390430598,2,0,0,201.80186340031406
223.8429821664614,7.787611130437289,4,0,0,178.01092783498095
170.5285835994306,29.569554361479682,0,0,0,122.28208508762692
200.31329608286728,33.71939937875348,1,0,0,147.40074361206953
267.3205905304653,50.26989430304245,1,0,0,206.85885343629062
84.87684240224965,104.37262841168099,5,0,0,89.53051128008863
288.1379597503784,50.252523585094046,3,0,0,232.89422974040315
403.6890030034932,26.60495885402251,3,0,0,297.6736520059604
381.27966024612874,8.448733844039895,2,0,0,282.5847524180814
81.18045282341797,10.33392728584937,3,0,0,70.94324716287446
78.87848752202959,98.80613677492707,4,0,0,66.79356540725256
137.7463120337321,57.82438883476229,1,0,0,96.29293578560036
183.73198953881342,94.40354586000198,2,2,0,177.7755574805368
207.1855127971989,88.69732582928069,3,0,0,180.68412102591063
341.4501223325059,17.597120028833512,0,0,0,231.23745039431094
33.05681392208852,18.575431444994734,1,0,0,25.08265176357223
22.16298859190286,98.1944620064374,2,0,0,17.081320500615877
198.99572865723496,93.76487815310423,1,0,0,158.065085099718
350.09602760830035,49.14399969366035,4,0,0,271.78244908857613
100.75049476345887,10.06489423326921,5,2,0,140.07269628253943
322.5447182218446,1.572742820798786,3,1,1,273.14901355208553
133.61492828044823,37.46040343002683,5,2,0,148.7612799984975
443.6126238626906,1.1988955663395018,3,0,1,339.53887200565265
448.36652241197515,29.909440743481444,3,0,0,329.52797590668564
152.1571661192566,54.53509622747401,0,0,0,112.94920891005246
118.84690821180405,15.784049490554045,4,0,0,90.19873507086527
208.59546617278448,13.556108518101013,0,0,0,152.11561906707695
124.06313466417362,116.53686664343576,4,1,0,128.46186334361406
337.8300024293933,76.1111037729756,4,0,0,250.93423047814676
413.90201885140135,121.47923927916159,4,0,0,318.1133819841541
338.1806048010524,44.9574012921383,3,0,0,270.790465035767
413.05347138842797,88.0288418527912,3,0,0,303.5324645330174
201.5111202926997,26.60991770083275,3,0,0,158.87535349102467
82.37690050088612,80.38424124639236,0,0,0,82.9979040522249
370.28571896180813,16.846144901297972,2,0,0,278.7112354390313
183.43488004506918,0.27048309291714867,5,1,1,190.1614991794274
337.2790584884206,121.09913418324527,4,0,0,262.58580781058504
138.968751280974,72.13626890277722,0,0,0,101.45312573473655
45.20866922930297,120.50228616166513,3,0,0,59.67617635791924
496.32798876644284,43.39809808126937,5,2,0,402.9473149314832
82.31974642564664,42.61218899102838,3,0,0,59.60263627584683
494.26839201192314,52.08515023049412,2,2,0,390.31291097954863
488.75356662039144,91.78532791456188,3,0,0,365.217927042774
397.93996143447964,73.55512244420265,4,2,0,346.37891968591947
331.4143662305888,120.29613792288534,1,0,0,225.80842565031426
291.01448987428694,3.307317147217116,5,0,0,239.57893996899764
433.7202649620282,92.06547193642973,3,0,0,327.1089310595457
148.27256320164653,42.942599617652064,2,2,0,147.41435909937152
236.50220018001414,23.430374736399955,5,1,0,207.13231634933442
311.59803483641844,66.35143092761287,1,0,0,220.61304635006266
208.5392855553981,65.65829194339948,5,0,0,187.38290432631334
216.60579477468264,17.811433729495693,4,0,0,181.76003379324388
168.4909104135318,26.24648729727568,4,0,0,137.45420726977764
284.29474925884534,53.06140643720214,4,0,0,238.074067276879
426.03439136748244,53.14548361100099,2,0,0,302.8245249437535
104.75654711312485,41.28255815055901,1,0,0,65.72961989262
467.5443541829535,19.310869696297523,4,1,0,365.6249524312719
346.09838860537366,0.5685782831273378,3,0,1,281.65276823379446
412.5202402766149,126.13055811564267,1,0,0,299.04584104174324
280.31439285185576,122.6548998615105,4,0,0,216.0370941076757
390.86076720491144,62.874549292897576,1,0,0,291.13944221484394
13.019196683036268,129.35672792575073,5,0,0,60.62266180995486
410.09831026586994,87.57506300169162,3,0,0,310.88632474860384
24.868735247256428,8.951479888980401,0,2,0,56.398495047182834
445.5071212996169,15.30336588074156,4,0,0,324.2393459787872
496.0215598831284,119.0944097030529,3,0,0,367.8188562647285
150.563393777505,81.9067862794517,2,0,0,114.41607421239233
109.10768536146786,109.61387146545565,5,0,0,105.29424743535125
383.85486510973016,116.77505445239976,4,0,0,293.83886802341334
130.24803875552533,58.23246146671019,0,0,0,86.92035611253452
433.45337967024074,6.308373704970095,5,0,0,328.8726948473029
55.90708311795097,24.476445356651865,3,1,0,65.67841170037791
67.34782220778234,8.654353149316563,5,1,0,83.16450631115211
489.6800197748047,24.53617994080595,3,0,0,374.35148472071853
338.5502546436523,53.36928043926398,1,0,0,249.14961762845394
424.20917609233163,15.365585366948105,4,0,0,331.22707147896807
165.54304178900142,21.675322214694624,0,0,0,125.64498933038648
339.8594560126992,57.9568316693183,2,0,0,246.86428032112102
299.1497045177556,44.22222355050364,1,0,0,220.79259852185183
303.55930946085874,60.79555614444533,4,0,0,252.70913768683818
342.8535674711722,55.792363608678066,0,0,0,233.94883341841037
289.8027906989038,83.78214337738486,1,1,0,202.50413449473012
217.38587280481966,121.83464135386109,0,2,0,183.23261826868088
141.58173371837069,14.022363997751523,5,0,0,144.54873476973154
385.447758802035,12.90381941019534,0,0,0,263.50314353291253
117.00485285157717,110.86479444181725,1,0,0,85.60576800813014
347.715381546435,65.83157160481969,1,2,0,281.6288960383138
120.49974721141669,99.6326530638975,4,1,0,121.14546245737142
314.5384341274547,28.004847468946583,1,1,0,228.79060933729016
374.80374222886934,107.75213451178173,5,0,0,287.21922915512846
113.2633750087369,120.10006114505047,4,0,0,104.78299551542318
34.6719339263476,82.61279202104348,0,0,0,22.04062721724932
69.83200278211616,13.76427279159429,1,1,0,75.54151062422156
304.9684987991576,116.38832584032404,4,1,0,253.66824107935457
425.4759710817391,103.02340455810928,4,0,0,318.5905437833858
27.27342651153506,97.61411094688368,2,0,0,27.066693205998014
368.4048732256149,4.7746645577690225,4,1,0,304.2719339660981
173.9527297452758,103.86512828340625,4,0,0,147.77581551791155
241.87154311016366,17.93363136088641,2,2,0,211.29489192820037
464.78547717355497,28.91020290559549,3,0,0,350.4248274032848
169.3258948442435,75.02752853300348,5,0,0,148.41516750974526
235.3417823000456,34.447500479194794,1,0,0,177.62691446516146
11.772795306537148,85.97526682054956,2,0,0,25.97690374253459
45.39136640239499,79.04915820088061,4,0,0,50.51454234565542
133.0028376117181,14.059447741724142,4,2,0,174.74907296123033
18.786859206431828,85.28189534689582,1,2,0,55.35477277967529
317.5307863938842,120.1141382772409,5,0,0,236.16540186212941
216.06718661680316,20.944287674158307,0,0,0,155.94300689948415
276.3318753503709,77.61806272257536,2,0,0,186.07334050040248
91.45035701868312,44.44249835177023,3,0,0,95.51166336793074
151.486354571125,59.749517330568516,1,2,0,150.64510621844255
333.59311505209894,37.31002328026609,1,0,0,241.36185566715628
482.8248481970479,46.03698272520038,2,0,0,354.45569205037015
29.956302933093554,3.7585370246524463,4,2,0,90.46132470891338
445.7402388233567,127.60172592923868,4,0,0,338.353772280092
290.55619464904817,81.22398986945727,3,1,0,234.84446636237118
284.1401855440337,65.09172676420509,2,0,0,215.26990125724197
252.63787492784135,49.882995435042474,1,2,0,194.8390157728261
39.35007252257078,70.1186926471236,2,1,0,55.76024930156599
49.48904160939953,49.41377983305452,0,2,0,77.03636476975672
302.4514428012476,46.788030574177526,1,2,0,260.00201152589335
173.77449286060136,60.313050423861704,3,0,0,146.93480153541913
459.04769295595196,35.87779437725481,3,0,0,359.2367351648826
206.26231599293877,23.40648699568211,1,0,0,151.63544383644586
75.92432205780733,72.35876676343815,4,1,0,90.54195721780852
358.7858225835078,109.55950669953914,1,0,0,253.82623160625704
150.20994361329988,19.867663104366,1,2,0,131.2419071540572
265.1078021411671,4.255464278548424,0,0,0,190.4913624907147
350.42722882505916,32.0855268700247,1,2,0,284.8976933912422
450.63073504502484,127.3636836489954,5,0,0,336.00541224521277
397.13464142682966,107.73854958663411,5,0,0,314.88864187279756
339.79872859699844,77.46258695871755,2,0,0,252.56466351657969
341.4184252855961,120.80235898160767,2,0,0,252.56473232309702
473.2326987958828,57.8862851888418,3,0,0,356.1026308624712
151.43292826078533,127.8264783347726,4,0,0,120.88013225406134
5.550486627112766,38.519265865506924,3,0,0,33.682334419305995
139.61750690210835,31.23974743707208,0,1,0,110.69032306684076
112.85623291523828,82.94626614911142,1,0,0,97.28315868913441
332.6081196314291,49.16001583354685,3,0,0,250.6257854330168
318.68724188393685,81.42752045691351,1,2,0,271.2623855390317
298.7633844388383,39.64941737934915,3,1,0,223.9089453444224
13.040504388679581,80.32937338893883,1,0,0,8.139325936372016
365.74513695307047,35.84701387605473,3,1,0,275.65872541424847
165.1475541803183,6.626368946455692,5,2,0,190.14865295653797
334.20271455828237,118.57766725001385,5,2,0,297.2028778442779
280.5063221085659,114.81667624355009,5,1,0,238.3032430861219
174.65180808681404,126.20375940544736,2,0,0,136.88302430223317
71.61525221653334,93.14853290878261,0,0,0,46.11990492076003
51.73735434193807,88.75375310558938,3,0,0,45.510089583201044
416.60157489055064,72.670399109728,2,0,0,322.5216655829176
459.60678333037123,16.372514125827948,4,0,0,353.5018702670425
326.6450831483283,24.600590423405105,3,0,0,266.3039056541759
56.19988685593927,37.631059527429706,1,0,0,36.81927123414022
204.00347235967917,115.72032713454126,0,0,0,139.85618363828104
365.82490405205283,22.48603819839977,2,0,0,272.64807551089586
391.0113375849837,119.97351268342578,2,0,0,303.43542124030444
63.518218034088854,67.96214529668423,0,2,0,94.90368586031876
5.015205828464296,93.02405261149939,3,0,0,20.46853728109054
357.5078377108995,14.331783268473648,1,2,0,288.2274485584385
181.51510711317178,34.97436134086842,4,0,0,156.11502772275452
130.9682591510388,124.60741906358543,3,0,0,124.08680082715802
11.384247545815093,34.599493100865075,0,0,0,8.493805451218538
272.44820634694236,38.547823650849,3,0,0,216.01604380428762
426.319614035861,25.687660029340332,3,0,0,332.4866430978831
479.027664904931,16.779576489887837,0,1,0,355.64054801485776
285.04375055357815,30.323493389019735,0,1,0,219.05863510584342
259.6583572312476,83.5024959536038,4,2,0,253.68663258196833
47.10291081717435,59.19780535546326,0,0,0,45.417983459243736
276.6920367635869,71.98825872392682,0,0,0,184.37658476126222
193.08964408787034,15.907427739583156,0,0,0,156.54193629424742
305.5319640373706,104.27513813117702,2,0,0,239.61285416503324
197.4195421988906,101.93231107538024,0,0,0,137.91219582102877
123.94806610793154,2.8066884485478005,0,0,0,97.48018520013221
52.007811238046365,49.856962286339645,0,2,0,69.58437852975636
160.88463007150338,8.940178256249215,4,0,0,146.63905097554198
52.83919297243738,102.97375132394455,3,1,0,73.22602770967664
92.56399065787205,95.84505880634157,0,0,0,73.09865226689568
493.7313984968752,117.2584522581103,0,0,0,344.37920950030275
224.83126066877622,30.7325146639049,4,1,0,204.4548702007887
268.2765244199832,59.318464806613854,3,0,0,206.99454770047996
437.4411717249216,23.983424031371705,4,0,0,344.16076784481476
497.80660574289044,48.260541481635535,5,0,0,387.23198814065506
293.44365242561736,67.89162270369492,1,0,0,197.9210577652156
407.17454141686494,6.933002679016566,1,0,0,287.9864888720916
166.83580704665425,92.93315338806008,1,0,0,132.5995554222407
156.3432589364091,70.62813684823978,0,0,0,107.62709355276138
204.3383418923073,107.76467223738753,4,1,0,192.96076018330822
337.89109502345633,35.33146515485564,0,0,0,227.59172709112832
342.6848861812739,117.43174368500308,1,0,0,255.36045288071418
161.04352015147816,129.83025289395763,3,0,0,134.8499882751022
70.9389124476312,119.50879698909768,3,1,0,78.45345942323915
318.0361469504267,101.12602185831004,5,0,0,249.89135269616398
68.52130178343845,105.6079443735915,4,0,0,79.05816082619425
291.3537915735184,74.58675153079623,5,0,0,232.5814282825311
348.2439533878729,24.720002178639366,3,2,0,297.6947130920308
351.80269071525356,88.01528906920325,1,0,0,254.26530018742048
377.9686947765004,92.6578902677911,5,0,0,299.5099041375472
437.0654136750039,128.10006823482775,5,0,0,353.766870957612
252.47970102257028,70.36917111332184,5,0,0,190.90958618518002
366.4733488171377,35.27797195325733,4,0,0,285.88169005908867
311.49050400608917,88.87742782613589,4,2,0,281.4106424440119
97.38677019985288,127.31885655663909,1,0,0,75.86700332213992
17.716374210357046,23.03780807498222,1,0,0,14.807202974726904
145.8479859100822,42.37972940962835,1,0,0,119.36644968073485
224.3016846371216,70.44452399044854,5,0,0,192.01118543537555
310.4674424921849,22.127902534660628,1,0,0,227.5500052341125
425.72986859908667,2.888683137591986,4,0,0,337.345503667616
102.141629769552,43.80780591736258,3,2,0,130.16799679566392
67.14714599974616,112.49820419513755,1,0,0,43.17509968143301
481.9225739997921,5.650891912082927,2,0,0,350.74138149337824
58.48205689132152,55.76077767219927,4,0,0,68.96439792562282
241.85307970305863,99.08610048039073,0,2,0,191.90076131536446
294.85404575268444,123.91373759841508,3,1,0,232.3259840515902
272.9803383491819,128.1118018705762,4,1,0,229.8776030563056
47.585917731306886,54.85601947913642,1,0,0,58.89989503266943
33.22832243179158,123.54995826928528,5,0,0,62.79520406540527
57.21429659321266,4.604466526512287,2,0,0,56.2062139588508
294.8659035169432,96.96920193981232,0,0,0,223.35628949772223
274.45071937898894,83.55698450236967,3,0,0,220.62055238000315
120.7016920581884,32.4378414861998,1,2,0,134.96124882148303
320.6982002135678,65.95140508835436,4,0,0,251.51313810977305
410.93341351754646,16.84198590886443,4,0,0,307.48137440027153
25.581585124063913,113.30762962370292,3,0,0,42.01241745381719
251.574322056281,46.526751120934236,2,0,0,208.3816660342654
346.2086539908317,81.38578116054315,5,0,0,293.999867627583
129.8944038994951,20.640917217344093,1,0,0,104.81073464989012
157.3465981201088,26.801429802056923,3,0,0,126.4887462460872
308.750761979745,128.95432820440976,3,2,0,261.58600820823125
449.4779702546498,97.90123127737282,4,2,0,374.6783416983193
405.91258804993515,125.0563430706292,3,0,0,310.08593713675157
293.64945845429384,38.46065147756574,0,0,0,203.0428701018476
366.4597502898384,21.39317396057665,0,0,0,267.6959719539425
185.58712275286035,65.39890025224803,1,0,0,124.79998222426629
322.27793640888507,64.30687668955464,3,1,0,256.9314809766554
235.7598876081407,22.74304678853842,4,0,0,188.31854721490615
99.01838754649265,95.31854404558332,5,0,0,114.81692042976071
352.3604455692423,47.031079477035426,1,0,0,260.8085191560331
280.4499954876669,24.227480020967246,2,0,0,204.88565265396699
182.51768306702775,43.157841290627495,4,0,0,165.32389906772744
456.11289908892223,73.27563095255196,2,0,0,321.7571753478406
15.362388324232967,94.44122118345761,1,1,0,10.965584146875266
161.30770986850052,62.64581518747299,0,0,0,105.89773433333768
33.15629189993504,68.32734867768855,4,0,0,34.358331933349405
384.43102152970545,18.062971672557293,5,2,0,342.35000342213414
352.54318978632733,118.90982021207017,4,0,0,276.92692386018024
169.01934827447693,120.73414573896578,1,2,0,158.85824202963678
339.45313659250115,88.84545675434047,4,0,0,273.2642200133617
200.98892696699517,2.2920831614232116,4,2,0,200.1640112081522
379.345626754105,69.81964806743238,1,0,0,263.29465960899904
229.82091305466952,81.79846637151977,3,0,0,176.6514409869866
209.07846527667445,129.3050489845543,1,1,0,152.80141493539256
467.691308166709,129.4887041753236,4,1,0,362.4292338296743
129.18515444589661,111.48946059232246,5,0,0,132.55367675933942
64.62143329829988,8.29802896339476,5,0,0,65.80736531287745
294.3488410634318,123.9259308012349,1,2,0,247.91845140316
484.81429708066855,79.64596212975988,4,0,0,379.6404208390704
192.0304107949574,104.11528016229333,2,0,0,159.59627244282024
35.70819799624685,52.93507045916096,2,0,0,33.46755568855169
172.9561073182359,41.55703126049667,0,0,0,142.0056789761167
255.43616888818144,60.22173891289504,1,0,0,178.04340635578257
85.15188828294579,19.0936866859475,1,1,0,74.25098394543011
330.76059793796355,46.41859803792979,2,1,0,246.34547977801253
498.8859475600493,111.49027496987622,2,2,0,406.45255952446485
228.61104061081468,4.933563213914594,2,0,0,200.9834857805062
180.59063558145525,19.614146087198584,5,0,0,180.06941203487975
203.34856258306098,16.265100754433117,5,0,0,187.15770573113554
61.997358305624566,52.39982055102965,0,0,0,38.295427242901305
442.2204327059808,129.60829711581204,0,0,0,310.6442027487156
210.33869948306923,22.53653092747975,3,0,0,180.1187935815062
196.70083365529646,18.912744447903822,5,0,0,181.59320370926096
331.5466851005848,118.95724487090008,1,0,0,241.97921069640884
223.80654336090615,114.66656720557555,0,0,0,159.25830111090937
325.8755670598838,4.1912480995520776,4,2,0,304.3311194258378
35.415913614739814,97.72177482331095,1,1,0,52.92989088322594
407.79305514250257,85.21054119193585,3,1,0,304.9472803415917
470.54945667530427,99.80630528085217,2,1,0,357.5958251312074
326.13886614889606,64.28531912346988,3,0,0,257.0192292865692
477.51013478511135,128.87929839827842,1,1,0,348.4765714910912
79.95899561313183,5.700112432425215,2,1,0,91.35283049685471
241.3210137927751,30.468306232494744,3,0,0,189.34755840598496
302.8943333029964,51.55097830656996,3,2,0,283.16887542545567
292.9596404734874,58.47113240354141,1,0,0,210.67995917627493
203.7235806490764,119.77776235093742,0,0,0,146.13925249620826
172.3517826362994,72.80056733004365,4,0,0,152.59543790579042
67.77789116245731,5.864429417651205,3,0,0,84.4068575982652
198.9125130283277,53.02218524533604,4,0,0,175.87780602674334
85.51710347721514,54.143753607979086,5,0,0,92.2462065116789
368.5110098636481,125.51382199691201,5,0,0,293.6751272071819
108.37131306982204,77.89562183274407,1,0,0,81.21187429978991
33.98982611584425,82.63463925066205,1,2,0,67.35929521776598
278.421238219531,92.7228940626652,0,1,0,197.03167894329394
299.6387176961038,100.10511103867603,2,1,0,234.17769895870674
436.5969653338502,82.55663912632359,4,0,0,349.2987657952408
290.6058981467525,30.835265647411614,3,0,0,238.64642574178734
176.01302259310563,113.62596886435135,2,0,0,124.56083079802126
402.49088135552864,95.17557405338192,5,0,0,304.60245329328865
272.4380521277734,96.44316306260426,5,0,0,222.97102926410741
44.24374089243992,129.5523761005174,4,0,0,44.01893382125054
285.0960273550571,104.32844953223108,4,0,0,218.67376675549514
454.4691799837229,107.78968241016992,2,0,0,338.36265433816163
201.17474962161918,123.68271704232059,2,0,0,156.0647583620575
151.68127194040105,19.6474199803562,0,0,0,91.5806875252297
76.01738122391993,64.70455894214882,3,1,0,94.78962463489049
79.96553335800188,75.47371306680239,3,0,0,74.24860994021573
219.22188474920034,42.805844798919495,3,1,0,180.6803596197777
299.8615129599571,109.12243470628572,5,0,0,256.8159526704467
44.904625558952866,99.11455081394405,5,2,0,107.39529627803745
470.086451567457,93.71479968605612,2,0,0,345.8439437517716
378.79114063537196,129.62942716856168,0,0,0,262.9306897371736
295.37883955041303,33.71957854309077,1,0,0,220.8292973429277
415.07714211480044,95.60944271780477,0,2,0,325.1003169041445
44.69244462199608,71.68258173776708,5,0,0,65.49229831093403
241.03524447789658,40.68859372420389,2,0,0,173.9540639835357
316.8960977965234,20.876293194006358,0,0,0,233.9744061589348
415.18318852855316,116.46489881878112,2,0,0,321.443847751253
392.8174322243875,77.4092127520199,4,0,0,307.9899323276882
142.14927860813282,107.2413988933033,4,1,0,133.7653324773698
470.73568393180614,70.89484792020083,1,0,0,347.90305987974176
66.55119150828082,28.59702048502254,5,0,0,88.27516998633038
438.1911412174703,43.881345703042285,4,0,0,334.1174677330467
485.61542355428617,49.60004952156105,1,0,0,360.34764815157195
92.69099399519965,126.4815256254813,3,0,0,83.20882523373942
362.4227017808737,0.7323261895797251,2,0,1,276.6526434358073
24.94133179510924,128.13658299318593,3,0,0,38.613518799692216
205.6842984438817,127.46001256427799,3,1,0,185.5480128215763
260.56023310284866,129.49960276891775,1,0,0,192.0497857568762
292.4193868252689,61.95646325955251,2,0,0,210.25997270744205
468.28893788303697,125.29516605072995,1,2,0,370.1287777118764
337.76409021062636,51.427893640477556,0,0,0,249.18854587465174
243.23258585352232,3.418277286890272,3,0,0,195.75801052236739
405.7891429516152,29.16513422832939,2,0,0,300.6694774307887
475.5137463724324,122.88851184186,3,0,0,356.0830440890311
15.922743597733968,1.7894101336019974,0,0,1,38.95847842931578
491.34802976673916,70.97923760498675,5,0,0,391.9659125724688
47.63540883652177,9.828206556308277,0,0,0,21.01438899046799
408.12145573803684,37.2315551955852,5,1,0,341.54508686290075
143.7657025129492,11.452070592545265,2,0,0,120.52947760003144
70.42893058816651,111.73872074469733,2,2,0,114.45141173278999
222.72854165834826,76.83919225420175,0,1,0,165.5979635840472
323.7585068265687,117.27384054338067,3,0,0,260.35251104356604
193.57116328662013,89.48591594022969,4,1,0,178.65886499242228
32.009877099935984,126.23378706186296,3,0,0,34.17012852955513
301.73326413106474,66.28409511885286,4,0,0,250.97356539113525
451.689621674784,83.03237562917369,1,2,0,369.3245244285632
194.6916061438896,74.92014658557736,2,0,0,145.98003130498452
112.08472492725939,62.95385582805966,0,0,0,81.72423651950803
224.07578623674362,109.97471750499165,1,0,0,184.34093004395706
28.939541969146532,83.78826763714683,3,0,0,37.680562168367814
411.14135431773605,104.17059443121147,4,0,0,325.55294380221403
414.0387014203424,102.22731175831372,5,0,0,318.40869303482924
296.0602293976661,24.835870885188392,2,1,0,227.25091164232884
179.7859300245028,84.52125922729368,4,0,0,163.00278583431472
400.89276540066277,25.954242493573435,3,1,0,315.89325932072643
279.57007727024177,75.83166217169021,3,0,0,217.13244576509558
413.836492732258,88.06650897801907,0,0,0,307.4423462726702
317.57210232859524,129.64055930638628,1,0,0,223.07222956848588
393.28070924033466,3.9704571594659868,2,1,0,299.69609944964435
301.2886816427912,11.86151123478372,0,2,0,253.10031616099326
209.99982876675477,10.013470528260095,4,0,0,169.19160492208664
479.1832006634381,51.78696721467621,1,0,0,350.0300372673311
272.85134331502815,106.80648699315579,2,1,0,225.67302725012348
304.5193116775665,109.72732326232763,4,0,0,242.72338989123057
114.14138151030087,95.80734744374972,2,0,0,88.80305173602746
314.69714076650183,116.5941714378932,2,0,0,233.72719692774945
287.9457864940572,41.971792742028825,5,2,0,251.1501762980913
96.49500698377734,11.460103752798886,5,0,0,113.16923555325066
34.495613189806136,7.559893638680515,1,0,0,33.93115759285383
304.1578632588117,110.77725355052021,5,0,0,249.1118313607587
383.02767332840864,94.95671826597987,4,0,0,284.1713630760194
264.0836786063941,90.81998978144571,5,0,0,232.39336235711852
117.25244953322462,44.157924010936945,0,1,0,87.82806484619331
334.9283784630523,49.38767452036941,0,1,0,250.50722076817698
44.65233467175311,124.5547587569115,0,0,0,31.41675582403882
223.70768387696754,8.294616732731551,2,0,0,157.77722050021308
85.866545407218,100.58512580191304,3,2,0,129.628567054213
96.30723027464227,40.25233208209111,1,0,0,84.88882651346206
105.1355048333108,5.077100393632291,0,0,0,81.08959967804368
196.41999323676907,96.53411439651929,1,2,0,184.68303171642702
30.319351782096824,43.0185451381887,5,2,0,82.62458660239416
201.90775325990361,93.87917743656355,2,0,0,164.74379671380578
258.2951863217769,91.99506980535561,1,0,0,209.3710034712912
244.23067105833098,69.52229380630496,0,0,0,173.44334276906736
194.47812969950508,101.05850679737134,0,2,0,174.49987453225063
420.3775709950225,75.53498214226165,2,1,0,310.22055634194334
76.93671274814953,37.26279087027389,2,0,0,50.07466880159577
255.31988817178012,95.43498913837448,4,1,0,214.7937630516563
35.710501393494376,76.58817606410406,2,1,0,61.94242626754405
40.22206104456532,1.6545466196896708,3,0,1,80.08587151352543
289.06359559016266,117.21374311014021,3,0,0,225.05621649967625
285.1791203194714,70.93367038216074,0,0,0,205.17407211024053
439.6265888580062,112.92154451233912,5,1,0,344.3593951557253
281.14746945173624,114.75578906769181,2,0,0,213.85807358633267
480.09655510040085,57.84566537556151,3,0,0,355.77180566713184
29.103949957965234,65.99579953866002,3,0,0,42.636005064819734
53.51380396646683,54.04807039782825,4,0,0,64.10256890133715
26.812601477338788,58.42678079004591,5,0,0,52.29398696009251
96.7120409151023,116.36913066632461,5,0,0,113.23491343849877
272.92870491613064,102.45872181582843,2,0,0,224.73086114702974
324.5582298065769,16.44833792102514,4,0,0,256.3748260288523
27.564653184591055,79.34001160021246,5,0,0,68.22507572092132
473.25559047357166,129.4678632502245,5,0,0,358.8886910239935
421.8718614419386,77.42159116022314,1,0,0,304.1617547687699
151.82317866776108,102.16331132710371,4,0,0,124.30355990267881
43.20782746210164,99.97799153955222,5,0,0,63.68836833841187
89.09410124343334,45.54127836340271,1,0,0,76.53124352736553
67.83748480871148,48.34040935151465,1,0,0,65.15299052193765
66.02547075297869,94.12993483275241,5,1,0,84.59948549840506
261.6880358895383,64.99785910862856,2,0,0,203.24356519632124
126.69448403423314,74.17419218695044,1,0,0,107.70134962372379
182.2791596819265,92.67775274742888,1,0,0,145.65719050815457
494.8051400252396,101.08475351507653,4,0,0,380.4048296622076
343.73555321804565,35.297155105299275,2,0,0,251.73420296206584
474.7454301882657,19.083188726805183,2,0,0,343.31490004427525
75.56549474139221,37.93330407408428,1,0,0,52.95649935089105
194.1590400421218,65.97998226196982,4,2,0,201.56893692870662
279.5922426247654,44.47837124861508,4,0,0,218.75083103645397
42.99524063492532,73.88715865018719,4,0,0,65.25193594010726
7.072784595839144,6.950544136331698,4,2,0,71.84758413530737
336.8649952294742,66.26755350978974,0,0,0,239.43420736133356
322.70066081671047,47.83803790190203,5,0,0,247.2244218421464
208.34046094980783,69.50667813607471,1,0,0,154.51387396641908
247.37381763585614,54.92933613504698,1,0,0,177.68474763490175
210.64428529308435,36.94936058288052,1,0,0,175.38784235338534
16.882497198219983,117.53402770949265,2,0,0,14.797528987332669
171.0089450776439,24.019448494776398,2,0,0,133.26337529480116
92.65571642165847,88.57752482547275,4,1,0,106.65192174111087
53.71997360517753,120.20381263571383,5,0,0,65.16556627386129
478.57661477522817,70.0270947591063,2,2,0,405.57306108128387
301.68306389587195,113.93310351533266,3,0,0,252.09184428605872
365.6848606971183,16.230692196326967,1,0,0,257.60473093634647
161.10505291672817,64.19254013333305,1,2,0,151.5949400718299
199.60782909953753,59.413286462522116,0,1,0,169.22096011432023
122.27737697887812,1.0554449148093314,0,1,1,125.87087961328032
52.998007127885245,57.62345437671348,3,0,0,55.686237431562546
93.62066053358397,47.97386832973772,0,1,0,78.96809428833615
399.7694524217605,87.07383461069999,5,0,0,305.7096464633765
340.385173565969,121.98287121494741,4,1,0,297.84253162617716
275.7297936128111,11.152841474064747,4,2,0,260.0885494606987
240.1694870690502,42.571930272901,1,0,0,182.00168025990737
461.60497040978163,57.72841586125275,4,0,0,346.2233892525665
41.00379915044086,59.17409914446983,0,1,0,27.719041075151416
143.8974025527684,100.72526370949299,3,0,0,127.23445866091353
178.21923751750344,57.64143655834731,5,0,0,179.04850639116887
392.30077704533,3.5309691889749373,4,0,0,300.853889604405
496.2947369801758,92.31353229706806,1,0,0,348.7137699755417
124.13190480479076,115.02786036893731,1,0,0,97.56869896073054
437.7821303978549,66.80761263145747,5,0,0,359.7574175895837
416.15826641373667,75.54410782080569,0,0,0,288.0114762446077
116.20541183267447,21.18173706597599,4,0,0,108.57831371403829
202.6696271986152,28.683972808264414,0,0,0,150.59503229761387
207.78807029979697,30.57213108619953,1,0,0,162.37367131443773
489.21923092064634,55.99645673456839,3,2,0,400.3712279394495
94.54149118255467,120.65887871643348,4,0,0,105.40498634530834
400.5831956968671,67.83201967293519,3,1,0,318.12352390901356
170.42539351568942,24.972693876175843,5,1,0,165.44599792854518
366.7808211591994,34.59140566296345,4,0,0,295.826216824359
212.90544712635312,49.921953864533954,1,0,0,164.36764104354816
291.2880827426873,81.02366684006392,4,2,0,260.9920025493754
417.1428277964349,57.2043098905207,1,0,0,315.0053710241082
403.06195466702263,51.01782974300024,2,0,0,302.0229161354047
433.8794758521516,73.41471805186931,1,0,0,325.8483877577153
34.510576045606214,31.438549344080513,1,0,0,32.026549668094766
347.5650237546737,10.257425435995684,5,0,0,283.56877075371176
74.29375147727262,3.1738609268888753,4,0,0,84.83262801287155
210.83019116911345,32.663691250726515,3,0,0,175.34295696193655
276.55126545207077,11.906964438780932,1,0,0,216.16645271266825
204.3560449496812,43.72428300769968,4,2,0,213.24929826546537
262.2077795224887,100.48136024676823,1,0,0,192.035941786788
498.28052285531646,93.11826296328898,0,0,0,360.81322549841775
71.93257028786309,79.42059096244374,0,1,0,63.64970281552949
339.35074244153066,110.82503170433223,0,0,0,266.1414984548507
201.02047836087954,36.66879119075597,0,0,0,144.5195695423452
70.83985045912775,115.05698789389554,3,1,0,91.74358081928484
83.57469787028322,51.90109205699329,5,2,0,138.93264361682594
474.89018759158034,52.11613137466145,1,0,0,323.9675184747205
440.4027408723222,52.695709771317794,0,0,0,304.24142845842556
453.9857704054358,12.752267611327587,4,0,0,345.3057241093165
495.80872403455635,126.81376478303724,0,0,0,336.4857662729898
108.11611805421639,18.005881117270693,2,0,0,87.15994746766569
180.94247199521055,44.31514418099399,2,0,0,129.78342929713764
336.263419812809,41.50904164247843,5,0,0,263.37992955211746
244.48225723102038,9.708326266172252,3,0,0,196.34995087284577
212.1028190222751,19.793816914543967,2,0,0,181.39421893094334
182.11656842111856,5.831583704100156,4,2,0,181.09297926517397
298.92141281200884,38.01258416286675,0,2,0,236.06399033048945
289.9187471768406,112.66540012375785,2,1,0,223.25387291141976
84.92162786179884,44.12748674585998,2,0,0,73.02008703107471
238.51121957162735,16.0799381687593,3,0,0,176.08165801716967
278.9685292238757,83.94020288990933,2,1,0,214.02719733287904
287.29203467203826,129.55811856713837,0,0,0,195.6713215596698
109.00306049161414,30.20209263915058,5,0,0,115.80860103581335
372.4243391648819,36.34423069817403,5,0,0,302.7184272455985
17.47355193642947,126.3401170565025,5,0,0,46.959422336943156
180.64176849386553,23.240917381563328,1,2,0,167.3119552681314
391.2052610251386,66.4578287696913,0,0,0,269.75758856351854
284.12699592242416,31.154777292092337,2,0,0,215.42443515399472
134.27540409287582,121.2057467271617,2,0,0,100.3978664812346
349.00179407480863,127.59773189491823,2,0,0,274.6793496244727
285.85851735725635,105.910719995602,3,0,0,209.9013668871225
399.14058668091167,40.92189605566537,4,2,0,340.63956247998954
368.8374671639626,52.45337178646565,0,0,0,268.16967226040515
307.0034214079362,31.499738876634776,5,2,0,285.1205616400982
246.64794927885293,115.7985357111689,2,0,0,194.55219378039172
70.92515220542408,118.89257609946056,1,0,0,72.71955790514511
134.35984385326498,54.45318609198613,3,1,0,132.94016913753902
212.4542390939572,85.34929908739024,4,2,0,203.94947169136364
301.6531470681624,21.5219133707102,2,2,0,252.9435791376301
259.28538833157586,56.54166704724317,5,0,0,217.3383763084398
147.65134034996709,82.09488386755469,0,0,0,108.21190571973766
8.199857105906723,50.102405407342545,1,0,0,23.843354467674583
250.6384148409029,46.48793833923979,5,0,0,205.85635323196925
146.38486433831034,0.12986899470254665,3,0,1,138.56635573826108
368.6311088517149,104.55815029102483,0,0,0,257.95434351942356
16.853401308889328,115.61388956278827,0,2,0,45.46007705483063
294.4897665963665,126.03025884095818,3,0,0,242.93593620784674
471.02974756550236,93.50528005899801,0,0,0,331.5551634448515
91.33258722019225,71.34300060808499,1,0,0,73.04754000800061
238.46649792154471,35.00698757513222,1,0,0,183.73264237261196
50.2538859494834,129.9089318752548,0,2,0,85.79312221241354
314.7125465693695,76.66787108917373,2,0,0,236.23326994357123
277.51318189513165,88.550029402958,0,2,0,243.22438005812808
206.645934485352,88.7128010541913,2,2,0,212.71765539561687
263.0816256295019,109.88273344843358,0,2,0,220.7116195485409
448.80445594216,1.2574300500994973,5,1,1,374.73039919073386
102.16567964397818,28.632102256078337,4,0,0,120.60055589983975
16.16943329414688,86.51942002210181,1,0,0,28.703456963559354
431.524117926055,116.36894578719381,0,0,0,304.717676434466
290.67295578201373,89.09404164977632,1,0,0,218.23056463115094
445.875935453612,53.75386789417842,3,1,0,335.93116886506954
300.48788558952043,47.00221446313401,4,1,0,259.8938650895949
406.0297395300527,95.93324107683165,2,0,0,284.8089543680828
217.68831486079824,96.36090062783515,3,0,0,184.89811916029876
376.18066598769303,78.91753902573974,4,0,0,287.84389582555735
456.95552611047873,37.890713132653815,3,0,0,329.27193456004943
288.2008670424921,120.27012639077067,1,0,0,192.62353320786474
94.48864952837788,71.74439247542308,5,0,0,98.41249703954395
138.0548194399481,102.76400631228297,4,0,0,132.65048521311445
103.32906556421587,27.86007408103811,3,0,0,82.02913717455314
127.1942286598878,44.72530251991462,2,0,0,93.06400810199878
156.675647428763,113.69533713035452,4,0,0,134.94659032192945
279.7912244428283,6.513913892195893,4,0,0,233.56766497236666
296.0558565845972,66.60099046336607,3,2,0,274.9733700205698
216.11737488472124,62.621712379721174,5,0,0,189.8122734864158
309.63328601131354,97.65992455805068,0,0,0,227.41499917999244
45.37958817762613,36.64619017791321,2,2,0,88.62114709702401
48.45517734378918,28.47868684174793,2,0,0,44.85076893371419
90.05558287704093,120.39726904052038,3,0,0,93.3542557320346
261.44836152997067,74.32225475460042,5,0,0,208.99418723216425
110.92736595566521,13.609643876875085,1,0,0,89.88004767024296
145.22577972882578,25.09470108786174,1,0,0,99.21818559831878
203.15485390563205,129.84738773685228,0,0,0,144.68863114082953
406.873731385138,25.429169512785013,0,0,0,298.1720961648657
11.86175727686576,79.36181647597823,3,0,0,31.891788755847486
326.44251601712807,54.61665026943035,5,0,0,266.31681245852695
336.0938828651392,115.1278823304786,1,0,0,246.47702074145815
400.3346112765351,98.1719169983926,2,0,0,302.9589228004314
466.71270483485506,77.60368151403605,5,0,0,384.65028040429536
14.968235229898465,1.3960676337377242,1,0,1,41.63777913730052
81.12293422904202,114.37337697414975,5,0,0,88.74062322979806
443.6547905577166,57.806771209033116,3,0,0,332.8902108752978
231.96668828257262,121.10509489241495,1,0,0,162.83105217759194
284.47236627206445,64.42007167104616,4,0,0,218.4508799232714
333.19846584295794,90.24918359375431,3,0,0,234.90663160390307
341.1379692253405,9.00804443066348,4,2,0,301.44885357036475
466.21149964167154,96.86971495848215,5,0,0,352.45053181049843
498.4899616187765,43.93948407054998,3,0,0,374.34874697778247
361.4779431608154,45.67667186313151,2,0,0,264.97562829220846
147.17449855654965,15.425259812220693,3,0,0,115.71818555412455
440.4774391357001,19.091429323226297,3,0,0,313.5937025860206
29.364352697676996,24.14867730680732,3,2,0,75.18372928842318
119.38502217287562,42.66680191428491,3,0,0,90.1003240102313
449.20593014453885,115.95608866082871,0,2,0,359.44199556012285
131.8147996474807,47.873830969910465,4,0,0,124.13981905248838
114.2222745127655,94.1671518532184,3,0,0,100.1863021963909
73.37202010442239,10.757175505683282,3,2,0,122.44873952825495
430.2603200352237,76.84284390535903,5,0,0,339.801605693867
252.52883829958793,62.64586006515714,0,0,0,181.73038999089925
339.0721355118066,127.13453310408559,1,0,0,252.73221690157388
123.33786011713968,110.00701008426519,5,2,0,154.41007774090303
380.23000840055215,59.12787041702447,5,0,0,299.7960359978841
381.20274475623876,100.76855932589405,0,0,0,269.4573126974248
159.73602232960857,25.095036368191078,0,0,0,100.63611384488307
208.28790334009,73.10372256093115,0,0,0,163.09457991138996
108.79668732794943,9.700477223932063,5,0,0,114.24466495103566
488.3977065448376,45.2515741927188,5,0,0,378.94284867005695
324.57327564391375,29.36208361088214,3,0,0,269.480290264704
467.59922095418017,93.45827599227742,0,1,0,329.1566052401135
155.17584409642092,63.71178985786699,0,0,0,123.36124646406525
392.0360019334604,97.63916225024136,5,2,0,356.0509396804715
384.1000287229473,66.98840689208792,5,0,0,317.18269743499263
347.3695476739381,11.242977479713009,0,0,0,243.6220847807878
482.9912927570662,95.59779446522847,3,1,0,372.03781807445745
199.8098913726262,108.31980431841473,2,0,0,152.35263640034557
69.70507517692987,117.45905936866303,2,0,0,72.57066235100815
337.4958853258101,74.35895288987206,1,0,0,248.95801084854122
366.00835123621704,97.96609666993436,3,0,0,274.9324697209706
289.6549838621133,97.76576379474152,5,2,0,271.8493164870677
107.37485710103115,20.247468773862764,0,0,0,75.66070001697133
254.70569112633092,21.348689369744196,0,2,0,212.80170157297255
159.53391960171905,9.215115755186394,0,2,0,161.58813424871872
216.59593144251107,41.58877256823919,2,0,0,174.56518087653808
324.3831950431086,61.55611640633839,5,1,0,281.2313803389328
373.8812976319631,129.7267208580482,0,0,0,266.0214648794079
119.95122199616485,56.02913446886204,0,0,0,77.23289851678804
205.63605352024192,94.41153650595821,2,2,0,201.81982929143712
138.23497764085644,90.1416134154295,0,0,0,78.69398800825142
103.32264886162521,26.582653532575346,1,0,0,81.70013129275527
392.77667389794,7.605929688426734,5,0,0,305.9450523567154
455.08008374631123,70.98087769936637,4,0,0,342.0309485475849
188.26493191386547,91.0397270008819,1,0,0,135.92288571374766
376.8830675650146,129.77273272421328,3,0,0,286.87967481546656
449.0126682353835,46.61943679655219,1,0,0,323.9393781551929
423.8314842124646,116.52739307054257,1,2,0,349.4873087014757
95.49262732691682,49.65121926299424,2,0,0,80.24159744547312
478.3644813491139,89.62352209596666,3,0,0,358.3534438401942
191.45483801258393,77.77288096721675,5,0,0,158.5840763721655
172.92412728104898,6.887243129337599,5,1,0,155.67559675467965
35.903507002501264,10.190495506133605,1,0,0,35.12727339517759
245.6559587819171,2.699331664179927,4,2,0,243.88022163159238
58.96173974225971,48.208430997218635,1,0,0,46.475804705999444
128.02721135907586,96.9541363395814,0,0,0,98.76877088998613
161.88659777480427,22.458201218793953,2,0,0,116.00186525873549
405.3690301283836,78.76088588990645,0,0,0,289.7296933016797
438.36688194596877,37.547611404040126,3,0,0,323.36944762650234
154.7208271434275,103.60904111727938,3,0,0,122.43794999628322
430.05557001606405,103.79149937038882,2,0,0,311.0843943416349
429.3293139980466,100.80388694563506,1,2,0,345.52909623165084
383.5022204405124,68.22835679417898,3,1,0,305.2575220884288
77.61408143751486,36.99367231038072,4,0,0,86.8532233076192
346.70980921586084,105.2277257042225,2,1,0,265.52199626164054
472.7869119673815,24.193073052101397,0,0,0,339.42234394113575
342.85753698974275,37.668748263725284,4,0,0,285.9977574740862
169.15034030837782,23.91320180088081,5,0,0,154.32553940461912
252.78676212826147,87.6473208503942,2,0,0,193.6908764073281
324.6338964587716,89.21068365505634,4,2,0,288.4477688719576
257.73235232060927,84.8262990622779,2,0,0,192.8010924182303
64.37670615683007,54.02819069240682,0,0,0,56.677506204726456
159.4717021027502,13.022230936186322,1,0,0,131.09618427363216
402.1860351240481,118.45204598695275,2,0,0,296.48641748180796
431.40193281728114,66.00502532159096,3,0,0,330.5312763952234
72.96351619420726,52.90638533844189,0,0,0,59.78777407626038
476.4314424373687,76.54723612227812,0,0,0,332.28589425408893
167.7671958350616,25.062756656483757,4,2,0,171.47072868164594
332.8453006717064,17.23134128363367,3,0,0,262.7534045513797
377.15344724855714,52.71827878953266,4,0,0,303.0934513088563
406.91338614575227,29.53869023298837,5,0,0,329.9764876571055
473.1461026018354,31.75773828983139,0,0,0,330.6181447725465
159.8951762742672,116.02649341120882,2,0,0,140.97518109510492
429.96069500301945,68.99869303415724,5,2,0,378.06004988703603
70.18501720092249,62.85097836203565,3,1,0,69.81405896878101
353.9952486450284,89.63234718471766,0,2,0,271.514211908676
372.278976109423,123.70125477797615,3,0,0,281.71041166305815
340.47300439465363,14.585813381173331,5,0,0,278.35718922597266
129.89579438690072,108.35949372420343,2,1,0,112.49963333139728
437.15635777252567,75.92249338281997,1,1,0,342.72302001722005
88.58493936834553,19.001495995538843,4,0,0,94.9663971726818
31.549221802811264,38.62941142956891,4,2,0,78.31170029304437
360.1451703528965,62.70698414041614,5,2,0,305.7870444253149
240.3604790402032,89.85302879506499,0,0,0,171.7813469417654
425.30351987954464,31.538912203948787,0,0,0,309.1148361339848
194.7815848238382,69.53424601078669,2,0,0,168.6667882827307
88.29790131131784,89.00731156406202,0,2,0,96.50622462084092
419.0388852725855,58.336297610175805,0,0,0,311.2901462528838
276.7102676618355,112.19337494562285,0,0,0,183.0945460671543
98.65191723322567,113.02968336925257,3,0,0,88.14147504487275
361.59007930029065,61.18985829325795,3,0,0,267.71047888926176
258.0012510523028,126.48034235315696,1,0,0,196.44743833332356
304.1349262089583,9.82606201270815,3,0,0,224.57378090530412
233.14467741225803,0.43710918198176074,4,2,1,250.98846008873792
415.21094698991317,49.48687429450948,5,1,0,326.9136158852939
415.6335442631097,78.1426179784262,1,1,0,325.4084181631869
356.1474668030712,81.79602046845591,0,0,0,248.02990752325027
57.17368181124883,61.93794571819772,4,0,0,72.5595856856066
420.2326616425141,16.234830721284002,1,2,0,323.7358663783599
337.15142536379034,22.16467783242625,5,0,0,260.53602149747906
350.02696217212826,110.77923790076119,1,0,0,247.31728741627686
184.67650599991646,112.82844712610397,4,0,0,166.81454973809932
440.2433802977183,87.60680992189363,1,0,0,323.89184752707257
364.05894211625446,86.34833639625471,4,0,0,295.55129232019675
60.73228093195126,77.69867664361497,1,0,0,36.48226795507051
206.85012703105053,26.38036514125847,1,1,0,166.77367873430111
443.75827917027016,55.67259103378741,1,0,0,315.4020610279302
28.362367340202603,90.46630469023923,4,2,0,77.54755556474325
480.9012267228145,69.84279536043402,1,0,0,341.8246404742986
341.1854713181836,2.4154434271628933,5,0,0,275.7885931368201
317.53110893347144,123.96238487361279,5,0,0,266.08900604968943
138.92683196155573,109.82608683437864,3,2,0,165.77124673968632
128.15193542589265,33.87085183426592,3,2,0,152.74983886746432
471.31881864685477,80.13966157161849,3,0,0,359.9950733178853
152.64486484589077,120.0211198846644,3,0,0,145.7567622936217
388.8751218759047,12.481431574774678,3,0,0,302.3737438545095
199.5952901125042,65.39383250357108,5,2,0,210.96627953715932
73.93076503842846,59.311593360018286,0,0,0,57.4163649934298
10.30407235920268,53.3266506868592,1,2,0,65.84227597984616
274.40738182254916,108.62651915608025,5,0,0,221.8660823575997
488.01051518172164,49.483999070669455,5,0,0,376.59957809141935
187.72241593555623,8.276233321330986,2,0,0,159.9610904045362
181.8102053265572,8.558906481359324,0,2,0,161.72235926775411
175.32535083547384,5.556798848199168,4,0,0,159.43767825455163
262.6691994659049,53.18890484362484,0,0,0,197.01533787715005
223.1291172950253,93.39281610078679,2,2,0,196.60052201514586
440.5577402298722,26.48392005096701,5,0,0,343.3061307827961
255.2327919031277,84.04090765610142,0,0,0,191.0065272526796
256.34012990334156,89.32150137348154,1,0,0,187.0081346583475
73.49393938667552,33.17627612202773,3,0,0,55.31074243369019
491.45607275064106,78.07249528788181,1,0,0,349.52044104307345
128.7365809800707,89.03288420349016,0,1,0,107.02304278542348
41.31521339250332,60.65977096427634,5,0,0,76.65211793821906
333.25739324272837,43.77315764641236,5,0,0,271.69812056475325
299.70635322765196,80.48970170466255,2,1,0,239.31146028254432
210.49709872640912,127.1201213526474,4,2,0,210.06464620046506
213.98515577093565,55.48938321796715,1,1,0,175.37700317191715
393.60664091798344,50.925562517065735,2,1,0,314.0667418393474
101.87775684932629,60.35469731539474,4,2,0,143.62750981946184
411.02539287772044,9.908391147856268,3,1,0,319.67207072448224
326.12982137803397,71.9112263572807,1,2,0,277.31628526578555
212.39003802086458,42.73066033824427,5,1,0,203.49477088966788
231.72416520901496,15.784875903064123,1,0,0,171.01931416198204
132.0403675571174,60.61337634525854,5,0,0,136.409726479882
377.2965946850025,0.43991825461706546,5,2,1,359.6597888110168
258.87299744110754,52.23208187115866,3,0,0,217.10810077377852
163.8229986611726,13.745584830438563,3,1,0,152.54100257539156
300.04480730167035,3.1580514419714376,0,0,0,207.3093179943266
497.88855376540494,107.18175601178527,4,2,0,428.89118992333454
220.45482842999414,119.11234442674252,2,0,0,174.15566973960196
460.74224338541666,26.997704286683863,3,0,0,345.5721954111589
175.78333576266022,70.10877429845397,0,1,0,120.89632141906225
32.09268992786801,36.13456042702804,4,0,0,53.53607384001859
106.09984265237229,64.16506702738369,4,0,0,120.20800662783122
212.2540959472037,56.76207171624083,1,0,0,132.46203441789393
113.71928965431167,34.976637160463135,0,0,0,56.06502155489668
5.112383918036491,91.0511653525887,0,0,0,10.514795764203495
457.925761185026,16.44382471163305,1,0,0,332.5672645622456
422.72030855930984,6.899461682277726,2,2,0,354.842259484348
372.43465458603885,99.79780629484628,3,0,0,279.75757694004574
88.06822484478417,86.57090405868838,5,0,0,78.8898097550917
64.57997022394309,64.80839613903173,1,1,0,54.29799632027696
38.46435098882966,60.812670161430404,3,0,0,62.79135429587824
363.394448442596,64.6634793338854,5,0,0,288.44942521067026
464.75994054050324,56.813129892827476,0,0,0,324.0794823535153
218.1152313519533,51.075998458053284,1,0,0,137.49909277784155
63.97463263804384,64.95977837519564,5,0,0,64.91824435328147
258.63444626239277,68.70697225076886,2,2,0,242.95699595455875
177.6717941920219,89.94730083087072,3,0,0,144.68053164081155
190.53833755324885,92.45693089542293,3,0,0,165.0184670084871
312.5586589570751,49.091780418218804,3,0,0,235.44634727269153
360.7654660647902,53.760267956653536,0,0,0,241.44793770382725
59.74878144221462,48.58063206570899,5,0,0,75.82729820183198
22.61716424920581,69.74965057134234,3,0,0,32.40847904489127
497.19349982942884,58.93595992884539,4,0,0,372.2623059416122
120.20053271319816,115.64754020770516,3,0,0,99.1843504068171
31.646109829687244,90.52696469914144,0,1,0,30.123987544332795
98.9882879024804,116.82532988807792,1,0,0,72.6499679220646
24.284133942489788,92.18780890272532,3,1,0,39.351326662003245
198.94639283549998,126.22897930809583,3,0,0,178.27517724343198
402.18888330340553,82.64578117318499,1,0,0,295.2196304964792
173.91600263007172,125.26151796119711,5,0,0,160.19058193767566
224.87078640479143,20.56208575322539,5,2,0,230.1334111968334
339.4154529158822,6.822098507822501,4,0,0,274.3779105273177
256.9025646845907,75.2862740765017,0,0,0,186.12939773645274
431.4156145805555,127.85411675397073,1,1,0,311.4201567198152
433.68765914764947,54.28868214931158,0,1,0,301.3420341545465
9.905794268121053,27.56563708508475,5,0,0,22.52556410924653
390.13292170918356,67.80038839515682,1,0,0,298.71532473979585
233.06313211962856,84.34382119525552,2,0,0,174.9073626374752
494.4760679453132,40.973230417065565,4,0,0,383.1704661578537
244.1998775583404,92.92001660490374,2,0,0,188.5949355782291
493.51349296720724,126.76488591594435,5,1,0,401.57549426886555
378.5118337968396,116.6052058223802,1,0,0,273.8039830885513
128.05941788358663,37.906098556585384,5,0,0,114.44316158708033
271.50551474704406,42.474078808797785,1,0,0,189.51690020615212
496.10714154189844,48.30035917844652,0,0,0,347.03645239348396
429.47765083720225,51.29186119117389,1,0,0,296.09326399929967
53.19661242665445,13.041534895126325,5,0,0,65.86160354990098
354.6541384209481,99.0551690556076,0,0,0,239.5546958671329
176.06189500605245,47.49410426939106,0,1,0,130.32080380760567
8.456219630772317,114.37659697170879,1,0,0,8.704806430928466
204.7230796683648,120.50228100561414,0,0,0,145.5857449533607
121.2034387538608,3.1760702099994544,5,0,0,129.24557463134312
410.3402889076334,128.5053990906668,4,1,0,325.2684319685439
171.97865137865392,92.30295509502399,2,1,0,131.27500653610272
414.62422850713943,67.6509893790851,1,0,0,281.44088960475665
5.295979723223677,50.63858908843193,0,0,0,6.0
157.37047926292897,67.40735723926268,0,0,0,105.09554839824105
124.37678108234216,42.20121411719778,5,0,0,122.37912238187833
120.61584372896243,80.94941578055128,0,2,0,124.10646596975509
38.75237678390403,12.08743593782286,0,0,0,40.34321203076907
97.62651385319836,80.74593837853533,4,0,0,81.98528392610677
279.99703709338183,35.79483051799774,1,0,0,195.7328487309597
149.22373105468353,2.292527776805028,1,0,0,111.76728974598143
211.61041725292824,71.85174960117409,5,2,0,211.11031696996037
191.5491057718583,75.19820826085052,4,0,0,150.60962977387763
438.5729378749478,55.45397061249968,4,0,0,350.1670936416325
453.12300451020513,9.397210231541191,4,0,0,339.2199192308395
249.01370096965073,116.1345838645449,1,0,0,171.19171016463753
168.42719540622417,79.48600493962556,3,0,0,130.15643959900106
57.86634848117,15.042728943966047,5,0,0,86.6207783777191
476.93442529413704,66.4209749572392,5,0,0,366.40115947483366
34.81233772564724,64.6430610733013,2,2,0,62.502870377082424
152.3368873962988,7.8522429430805065,4,0,0,128.7704634073868
152.54276957915206,78.89176146838318,4,0,0,136.04371315781597
163.59863663940638,105.08243185980338,1,2,0,166.70732952944923
86.32198741984259,97.37104705230216,5,1,0,113.20308390351245
392.6649083072301,26.386023841343835,1,1,0,286.37530833973995
65.63644167316465,112.09802884204748,2,0,0,55.95148874990014
319.2787962808156,44.530481535715616,0,0,0,244.29922460174046
66.30378321937964,123.04608917795237,1,0,0,62.96383128213089
39.9151406085135,9.327235349342784,2,0,0,40.309371652331016
455.1676043245089,63.207129507579545,1,1,0,316.83840756186225
99.1137393277593,77.6261690330814,1,0,0,73.03318159985778
411.51882650705363,32.194512801698615,1,2,0,321.74430327513767
274.59228119803225,100.27942453362961,3,0,0,207.66571307952265
43.53897720634095,81.49643837539321,3,0,0,43.64540927910748
477.9468547618434,2.354226847434222,4,0,0,364.0933769547711
127.2457776609868,79.08791679051066,3,0,0,112.04838548627353
430.5244459495402,63.892170474398036,2,1,0,320.71538133129
88.56095286335926,25.483796221456,1,0,0,58.214256993614185
427.70172666021716,129.44726951773885,3,0,0,321.8967197663628
11.548262388120524,116.63108532758994,5,2,0,75.66720563295317
258.33132600189293,38.02600035377825,1,2,0,208.47367149232588
385.8740768136706,70.33921970382012,0,2,0,313.8498397629742
467.72378115892775,41.1452781883378,4,0,0,352.3983380474379
455.05505742221106,100.81444771269015,3,1,0,349.3902644177929
410.71431042608424,120.94308631553916,5,2,0,359.93736650157666
444.65471808234554,46.64771889886986,5,0,0,349.7349504609182
103.61374448935287,104.72595238867157,1,0,0,81.65350364951078
145.67122637730574,64.79298055271663,0,1,0,100.08536812116841
148.03941983592395,51.55521297050505,4,2,0,172.10964043476855
191.64169584584093,121.99484077284008,4,1,0,169.97929057514025
199.6937318406684,66.3526095334741,0,0,0,150.7202681954601
274.55488570406436,60.763365033470436,3,0,0,222.7382599481478
84.14048286638848,87.4164722551046,3,0,0,92.89814749633457
347.1670985740647,33.96044613237697,1,0,0,243.81383937594023
87.94543695573071,42.22307320248105,2,0,0,88.05911697946847
158.60269864175103,121.16595871102095,1,0,0,120.00151688924001
254.15583965004626,88.20887990680251,1,0,0,192.81581208367382
399.23807795412125,107.46282921023072,1,0,0,295.0845420260568
371.03727045317,35.24452905160585,0,0,0,266.0401564465621
324.53950642320854,70.69272469088337,4,0,0,248.09269346912376
82.10776398718423,126.28151470863477,4,0,0,95.35414723675751
275.78744607971095,41.43150687366829,2,0,0,212.2385979592974
48.2860183909433,20.861941921215443,3,1,0,51.426479351008155
191.79477251434213,66.41518106920633,1,0,0,138.2314200794175
209.69068249352978,50.41674153423391,0,2,0,173.09921738565717
24.706662525648145,20.74504026227276,0,1,0,13.604131525033957
140.62410923763605,115.51167975143784,1,0,0,114.1439953081567
478.04648629691224,128.79410837199111,0,2,0,360.13021687746925
477.0481408756963,73.91568348969972,0,0,0,324.84979949150505
179.40189185500694,100.70797988854902,1,0,0,151.6406362417602
26.33455392942041,111.67498804101893,2,0,0,28.958124676511325
93.65199496744987,91.1276607828375,0,0,0,72.02623771453301
199.14780774960235,5.740286384525057,4,0,0,179.4984069284892
474.1509504947687,20.492450123186313,5,0,0,377.66271106113777
74.89353645090654,9.22859484968024,4,0,0,83.012181312475
382.9403426157651,1.2843488634673528,5,0,1,323.97545336869575
58.79785699047258,39.779533138440755,5,0,0,82.34282677996048
490.722500808682,51.006274862602766,4,0,0,373.170390537011
193.9001670590218,31.333865203670346,1,1,0,159.3246884740844
388.74109675503274,8.398604251221721,5,0,0,308.0748497871549
174.58258599151026,68.88220180876809,4,0,0,150.724941662256
315.6960941936103,35.531511594428416,3,0,0,261.3801428926162
100.04796194631818,103.4848301322631,0,0,0,66.29857854176262
77.28040455199645,1.0468408112865557,2,0,1,87.12404630626196
469.341749086225,109.52851666738934,5,2,0,407.1751227197011
459.23540256269456,124.1179782629744,4,0,0,357.41930762766833
444.2971254053768,93.09755820996405,1,1,0,332.4572620395786
314.58955783246375,95.37372848413365,5,2,0,282.8097058384529
405.0927645520577,121.36310050835532,2,0,0,301.8062241160058
39.173283771130585,27.179267089045386,1,2,0,73.037190126513
170.72057573588617,129.29352386711497,2,0,0,145.16828413388458
160.28304675479234,100.55255643921045,2,2,0,170.19414792395762
319.6444343665436,94.45419208261318,0,0,0,236.484108671465
181.19909786796705,46.94177526938805,5,0,0,154.87639703062933
78.51085691362199,70.95107310272937,5,2,0,118.45524491388908
300.25120232970414,85.00931247553511,5,0,0,250.89492221140208
408.12004073119533,80.64457197123808,2,2,0,348.6804025063416
194.15112975768673,91.6480030020855,3,0,0,156.84395099674916
70.47301397374844,10.709626080193381,3,0,0,64.6830510909127
102.36065766984741,46.23429626812058,3,0,0,79.44137707194282
122.55423605884508,56.42000215741203,1,2,0,132.97613590311272
153.44930853229542,33.88180872374564,0,0,0,107.30093463897872
323.18355990062304,22.44154513499909,1,0,0,231.42405480708226
302.4680148461709,18.060572388672163,5,0,0,257.6535443339004
349.55953147568437,47.62984099335606,5,2,0,317.9667529651743
184.43848234309903,64.14742107313356,4,0,0,158.99985186527286
412.87883768058924,8.186937219065891,5,0,0,335.54274892491424
106.02339227210133,123.03955229677143,3,0,0,116.15666361808844
237.1751700214862,99.48163197189858,0,0,0,163.4176048322822
401.464667163008,95.01073051411065,3,1,0,306.1006659093969
94.17853062764652,22.471868248534502,0,0,0,57.57743206977233
59.38224130168756,78.49409984158457,1,1,0,62.40829375900917
442.4235640055549,68.86424308512677,5,0,0,338.48431547052405
174.75018306580196,127.72094995227019,1,0,0,127.19406924293989
343.5157118299708,97.19733011042054,3,0,0,261.51415911620296
17.547559110649548,74.84904488311005,2,1,0,49.79410412944511
346.57320976267755,110.60564664111588,0,0,0,255.37565473952685
161.4701492157504,20.162255211892234,5,0,0,136.14849209369777
32.591722525783666,1.9781488598270358,4,0,1,84.06934010327355
306.8573169663179,89.73033334388802,2,1,0,229.05980394316165
124.19788895622075,12.780489830840871,1,0,0,96.31171715361457
196.4695848156806,15.006373197856195,0,2,0,167.17352053014247
44.88750208182423,96.80849443518898,2,0,0,42.590554109682856
77.84580929199794,35.169529737418586,4,0,0,74.92630252153563
152.49873157044266,81.72205802395608,2,0,0,137.12586614653281
49.43095277727778,119.26290039205729,4,0,0,62.431577368930135
455.859001019726,41.14168911292158,1,2,0,367.0131326195025
7.993286376069317,28.228740519189444,0,0,0,6.0
244.51080833783413,13.853174886336724,1,0,0,167.0602808496535
66.00749177561298,16.960106984564394,0,0,0,42.59622334666635
157.30114929158452,8.088950399249555,2,0,0,130.12924599888822
463.3994821100414,11.393509247866216,1,1,0,342.2124474208133
85.0388038706235,56.16059654519001,0,2,0,104.7982464351132
483.08699826057466,41.71245585311606,5,0,0,378.1201250237906
106.86821660976375,91.85290586198974,4,0,0,104.29457514014386
372.0752236910806,113.13141557211024,0,0,0,267.4573485405072
275.6052461241693,102.02051640850996,5,2,0,267.44757540035624
442.8169701603958,68.98284336653478,1,2,0,364.2729476617183
279.2266614740498,13.317475110244946,1,2,0,245.29806989511098
269.6068134823728,92.26974691240196,2,0,0,212.90937616632118
101.75171018235794,47.167734214493564,4,0,0,107.07284734157422
87.28353421557107,11.134551209003323,0,0,0,73.85434200789093
458.66212980217955,109.52063293764134,1,0,0,338.42191078777597
167.27990843076685,43.96814723372572,0,0,0,133.80829522057275
189.1807162066335,28.372348226504275,3,0,0,150.26865973186602
381.11271092205226,113.28876840044961,4,0,0,305.33379448554666
172.71762379928964,117.27740289811064,4,0,0,138.29187166540436
476.27091108630634,44.06620883490278,5,0,0,380.71488875819097
370.2742456544062,46.124184506578544,3,0,0,283.4780569798924
300.7274750738429,75.35170858580874,4,1,0,258.50942301523355
441.04310446965246,95.34739419538556,3,0,0,348.04014375375164
29.554924632993963,8.20939624789225,0,1,0,37.072170188954836
132.24603263365833,77.13467543450132,3,0,0,111.23543026276391
235.19298543935042,123.86660803186561,2,1,0,179.62682931768495
117.3543770384029,34.07220663339398,5,0,0,123.6624814898034
373.2330677145652,118.14753783260139,3,0,0,282.4852026688301
460.00797537159394,123.52188429920217,0,0,0,330.68390387892464
214.76620936580707,34.98997332624167,4,2,0,211.83901213375555
174.355637055388,98.04624256509557,2,0,0,129.10926661873205
480.9676124080953,31.0407510815428,3,0,0,358.9308916097046
225.2019542496327,95.88945102517725,5,2,0,235.4746549404516
247.0789582223952,103.66459626754737,5,0,0,211.5084647336204
179.06668680924315,32.13674148238442,0,0,0,119.08224269592456
455.2264941410085,93.06304066582055,2,2,0,387.94097582506015
286.6329642245161,105.57359005233168,2,1,0,224.4804651125076
382.2764206549141,46.615253373898526,2,0,0,263.88576178540217
406.84432558368877,21.801360878664504,3,2,0,353.1749063118635
174.2152757490428,11.955393751276764,0,0,0,122.87555363156925
219.67869400358813,74.79962146929245,0,0,0,153.5326156476182
424.993528331101,127.15275551104271,0,1,0,307.28188300322785
184.81139907952607,106.9835416028881,1,0,0,135.99223884135722
397.99789105866637,56.659153061491864,4,0,0,324.76047757023207
470.7911996743464,69.76071737114461,0,2,0,372.503988985501
313.48913466866344,36.338625103536465,1,0,0,230.82984873276789
372.105507288685,21.198562756808265,1,0,0,267.49805981697034
403.52316946036177,62.67055057019552,2,0,0,314.7961487671463
423.29462620383805,60.255203601734074,4,0,0,335.1825817983034
200.551402239114,67.85089386448882,2,0,0,164.86718185601626
30.375412292119094,123.8645961233123,4,0,0,52.744979245485254
203.92875426218606,78.50638901882039,2,2,0,203.34914659246755
338.50933374312444,78.75033876090859,5,2,0,314.4864230825657
227.92344096149242,16.643219171939982,3,0,0,179.1455316560118
375.7367596758973,129.54355260298667,4,0,0,297.3506903527646
181.7063025869886,100.46984275050691,5,0,0,183.13704237520636
319.19834984649464,114.03643473222063,1,0,0,234.35084724977207
97.27780340271741,53.85905353802923,1,0,0,87.29821230290096
375.9378711392537,65.27665245213123,4,0,0,304.890326506998
275.1195045624478,67.87089519109594,2,0,0,213.66783030634144
106.01187233056729,25.232290107648673,3,0,0,111.34287920610716
149.49603088141458,89.63359032250443,3,2,0,143.57028892231133
375.56131074800703,117.38697407026936,0,0,0,248.57470161858893
243.88761165245273,21.28175635799447,4,0,0,216.50640002724464
111.93556299457074,11.221375553201385,3,0,0,94.78650406738748
483.7992392332973,95.96845772024449,2,0,0,356.91129398853616
358.98688480935954,35.51623811748767,2,0,0,283.55771092298073
478.7817421071991,81.10213041025281,1,0,0,346.96043474473345
216.4169974533699,90.44858393898349,3,0,0,189.57141829110654
240.17466864240163,41.848399265636836,3,1,0,196.64090307335593
449.4878320115845,105.96879766535197,2,2,0,373.228577492623
264.89942342146537,71.49856767484819,1,0,0,194.71104517004457
355.10306139330527,112.96992303373436,3,0,0,285.67668698414656
129.82557436028733,99.22816183266318,2,0,0,103.68704521895872
226.12960200780708,112.914832164869,1,0,0,158.1421653717457
66.10768357612578,2.6209796753262316,1,0,0,49.65567610639451
106.96011775909604,31.655813896017314,2,0,0,86.09198597704417
5.466990557477388,11.701032257972022,1,0,0,6.0
24.436200566086814,57.470792234615395,5,0,0,47.05057534247358
488.75549247258,115.69481580999137,5,0,0,391.09933252251625
124.96507909269734,60.78023409469299,1,0,0,108.08101965083908
333.33880120448094,110.46269579545124,0,1,0,247.82532478771301
420.35435090580773,42.533170942511326,1,2,0,334.0947524110703
277.5769273220993,44.14410946468281,3,0,0,212.28037999515007
80.80652754155831,116.42302494249408,1,0,0,45.583700109493215
365.4176364814024,55.3562290465212,3,0,0,282.9590324478036
302.12444799929364,102.66951341330663,2,0,0,221.51974426203049
366.96904172695065,30.763661224647173,1,0,0,279.4768738168835
386.0245783142581,123.34410785809261,2,0,0,274.48491252050167
487.82813200394884,74.69517204897424,4,0,0,367.81809775691
288.91382361322144,98.71206391519225,5,0,0,239.0791145858991
174.1123507818479,11.637040973335115,1,1,0,143.28990182376168
325.98995566561734,64.04634935796874,2,0,0,260.7370679059842
38.878151075099936,117.13500470542301,4,0,0,43.90952264814079
449.2116725691852,114.01502177562959,3,0,0,335.97315052889076
64.09360061240741,6.085814440449581,3,0,0,53.9890198823276
167.28220475348004,39.48080098676307,5,0,0,161.19112061236874
408.79396340992986,57.63160084228041,5,2,0,354.738397134187
300.66962727370236,22.39442586625247,3,1,0,241.9076504803898
199.84958253733384,94.89978042869615,3,0,0,161.11992171154185
239.3506513906356,23.986559427832503,3,0,0,191.5999834267688
428.00095963507925,45.063160268085205,0,0,0,300.7118913403397
173.3021710996466,86.22648279151637,5,2,0,185.58580598153335
435.4765939820248,62.67161478818239,2,2,0,358.5593425892719
48.62654333346229,96.0142350225362,4,0,0,55.9751342464063
389.5152264182722,124.95702715897175,4,2,0,347.0829933490294
424.5360783620945,15.151069402975674,1,0,0,307.3892479491356
94.99973815448269,92.24380313174792,2,0,0,72.10095367951354
218.02153352423923,29.944740232174887,5,0,0,211.5594340724952
86.92238845850953,53.881974562984,0,0,0,76.28664693598714
354.76904385213777,4.272154353368177,0,2,0,308.41646113854404
269.9971451905201,17.66795969805086,2,0,0,201.9001623539996
319.48505662061893,41.57104757635696,3,1,0,248.60218883036512
102.26104864332451,44.45815468743804,3,2,0,137.04276209905984
109.81420171594766,116.94607814007244,2,1,0,110.8881600926156
25.541176127403652,96.43567820464696,5,0,0,55.7996107027567
164.42342992188622,126.38378586431534,4,1,0,134.92993490010892
282.0736073601691,77.87929634358127,3,0,0,211.88084050730512
429.67778242867774,31.422785171871336,1,1,0,323.3045058777385
335.12908649204695,42.595153889813574,5,0,0,266.62014828736915
220.52118008287695,41.578670027955724,5,0,0,179.37691727852123
476.79445662509823,42.44426259622271,0,1,0,343.2418921534767
361.02637428503675,87.48534250453604,3,1,0,256.2224011241529
465.43177541696224,69.00503065175411,4,2,0,387.910326476259
266.156046769722,50.10514315126376,5,0,0,220.0406469044497
133.1576160226041,19.381669934733157,3,0,0,118.3871836824696
31.149209750537384,2.878091182478968,3,0,0,48.516267829334275
364.412001484506,28.448508086400036,0,0,0,260.6313893910584
65.04498401273939,13.971282515928564,1,0,0,61.18934585857455
154.87368849462376,102.10785401079112,5,0,0,143.8107911930673
268.57309940252924,14.6247345158051,1,1,0,192.68071885190008
284.3862109509751,94.14967084988871,4,2,0,265.94095834686016
302.28868250863235,50.135629670890744,2,0,0,219.90074119485462
87.29638852310181,9.539190666690876,2,0,0,63.80899664626427
192.97001538671614,105.65490642610615,2,0,0,155.82527681598276
310.5111424228985,75.35197413075974,4,0,0,235.26839049131166
485.06033799372346,30.648996672264495,5,1,0,393.51741845498714
365.1774131613459,116.30855266324683,3,0,0,267.7428630676994
461.6888597615091,5.883580803171689,1,0,0,330.4831072445356
382.29496886551766,26.236549065709177,1,0,0,271.9790675575432
297.89989960173824,97.76610061476194,3,2,0,278.1143370440376
100.05156772249055,92.2191309402856,5,2,0,147.973665518038
335.009397686794,37.60532018418214,1,2,0,272.2590173214675
313.572885150154,8.063233795861805,5,0,0,255.9272096560859
303.22223937634686,111.55014938924269,1,0,0,233.20394053767455
247.44400465417917,40.78069294908734,2,0,0,202.5035326650794
266.68501897469145,25.44274394067448,2,0,0,190.3289637599081
170.54905092346152,67.08803690692702,0,0,0,132.23333601067563
262.0597828579401,118.32953590671815,0,1,0,205.14020749004465
102.79017331084674,5.661055119638795,1,0,0,81.36528817278166
403.5613266933865,99.55453144401541,2,0,0,298.44997818665604
96.95959257586037,74.42151963203216,5,1,0,108.4881444839021
47.05831349528588,55.3083851517362,0,0,0,21.93699835541263
220.9417830467929,96.7304577336578,0,0,0,159.00939354354261
330.8621825555006,125.5571751774122,2,0,0,246.4192655429645
221.66982834210296,29.79680745114983,5,2,0,232.38710437369974
141.99329531589777,18.67415745937555,0,0,0,104.35985788107115
281.29473602576815,118.67462687895062,3,0,0,242.82210628053872
176.76615602903897,86.96390006944948,5,2,0,207.5462632072021
466.76950661268336,56.938182803055575,3,0,0,356.0066074469843
461.70934410376816,74.5237441343568,2,2,0,357.0798230386886
253.67405088618725,96.92980767291172,2,0,0,196.99482067164917
167.30257703903797,100.49414683174324,0,0,0,132.33634467435556
369.88054490853636,119.5862435064654,1,0,0,264.4495058325535
23.172907024117986,55.48956255643095,4,0,0,64.87347517257297
240.01065799160736,38.143418302521354,3,0,0,195.91406755658312
171.4800801638151,83.15635468267945,3,0,0,145.2957572805491
460.66526312576457,54.04462690633895,5,0,0,352.25855143789386
10.941498499977858,77.29779901336713,5,0,0,57.25671357178436
278.6433634805828,54.598153799273526,2,0,0,203.61379590770056
371.6284726279799,19.88945226816268,1,1,0,273.4466178928528
245.0839038244004,61.02547771566459,2,0,0,170.47070965652009
47.27449993054722,89.81931685233427,0,0,0,41.43561985116541
486.3683880638116,103.90689499679448,1,0,0,355.8078485923235
261.41516353116845,64.13241598355108,0,0,0,184.62016987586475
309.02219093791064,21.48092572735212,3,2,0,282.3955155891242
122.12184244021613,53.909402254426105,2,1,0,115.41756386280842
244.3315521278679,102.21821074942078,5,1,0,214.1796803769195
217.42899851936932,53.67170518021947,2,0,0,160.8157584948574
42.07344179098195,90.54900316854891,4,0,0,43.061449702637546
57.549375005996275,65.93777861815167,1,0,0,46.22400116600545
419.5488972112934,31.35900626422157,3,0,0,305.97881902595066
123.71087634226217,103.49956604299966,4,1,0,126.58933737054332
101.50434439182212,10.947749029189314,4,2,0,135.0063691190736
254.93116836881893,68.23573675816958,2,0,0,190.73313582921097
385.5298300244439,27.15583445164264,1,0,0,288.75734898080293
35.66352669659902,8.718531710378835,2,0,0,30.6969763206615
290.5199202209366,65.38141182082235,1,1,0,204.64104261922085
64.00916920608381,64.94308027154007,4,0,0,71.95440554548573
23.048220158681136,91.89711721784371,0,0,0,9.609842775304541
31.108256320297606,96.81759009674764,3,2,0,80.65289161824927
417.9112335631785,94.61289353007658,4,1,0,324.57380041363547
63.39637939589048,53.24263527917815,2,0,0,62.93513765275796
27.349925384084514,82.11967233945313,3,0,0,32.149903775169165
221.76044413574158,75.00288154371484,4,1,0,185.48346318198097
422.77676861130226,54.803028295199546,1,0,0,311.1785736470457
134.89214636220444,77.63765024417911,2,1,0,118.19991766886668
213.74774567532862,123.14222397181413,4,0,0,168.9971558852686
24.761653619056855,25.076186678579056,1,2,0,52.112473321730576
227.29386449676355,117.75037245211843,1,1,0,173.2873974506896
290.9184749153812,6.949216817815787,1,2,0,238.26756145061765
287.5989916073117,40.09059767721588,3,0,0,222.01963829346826
169.55121262631076,37.45888231949867,2,0,0,131.80851659824066
161.18892442825208,81.42746402451775,1,0,0,112.72683318011597
57.778691373615956,17.059243731047744,4,2,0,111.43530363031485
186.56516871990286,114.70518953916799,1,0,0,129.7096182297449
54.249861092117506,107.71168310045536,2,0,0,63.905033965590064
384.46499263246557,84.76855655908611,5,0,0,305.4206961108198
483.305777385352,59.593798132985704,5,1,0,380.22009321558846
485.1868560500199,121.2842854784702,3,2,0,404.9391285546654
433.21019419081995,107.99705211367227,1,1,0,322.30544751675376
302.3921139231115,64.91096925056183,4,0,0,249.09229115744128
351.9285201357206,91.24353607906046,2,2,0,280.81061976491003
146.17687232680495,73.70089378335899,1,0,0,115.03533743868167
317.23135798544723,76.43249099047439,3,2,0,276.8545240192419
230.54652697273934,43.02688902687127,0,0,0,163.07698345235502
243.5985831895816,60.07099860123658,5,0,0,207.15841093499841
380.0993973857032,10.155786002666748,4,0,0,309.2250017758825
144.54958602063957,46.45532991639703,5,0,0,121.29053459600337
162.42960778878734,90.45770699707975,1,0,0,136.38304442952952
462.69768660867516,123.91808396580421,1,0,0,340.1681286052632
32.83102595123126,125.19833465919264,0,0,0,24.54406996310768
245.3889777146035,72.24397298623592,2,0,0,174.71402455931033
456.83639620189155,78.86089273524567,0,0,0,307.42413999904994
307.1296888699877,24.143754115125773,2,2,0,262.1489070927877
275.4715017350054,90.39005405215899,1,2,0,243.36639902992158
128.62336871853083,9.185643047670212,0,2,0,126.73894261147338
174.92136708690188,37.00913915392779,5,0,0,164.67806738157472
426.763965823323,86.88723514710749,5,1,0,333.07494485786424
281.81297522538677,40.34031710065361,1,1,0,215.52640309941887
259.7973859096061,6.480093634879061,0,0,0,193.24482243063784
54.29195820231432,108.14315321562529,1,0,0,58.59071613447435
12.933937445285945,40.3429009274932,5,0,0,33.84413313794448
482.0241684000893,8.203679231628195,5,0,0,373.0850528055951
191.60815280698662,9.722461385372474,1,1,0,148.38564024716825
303.5904657392546,32.72864384253797,1,0,0,215.86186948197377
44.45896122770607,23.142073138798413,3,0,0,61.152726150548176
343.14157143290805,100.65901531141961,0,0,0,268.06085823123396
466.6205208094507,41.818926066714475,3,0,0,340.9557598556354
289.95430023372273,104.61045205517823,1,1,0,224.696536359148
67.42708457582823,22.599979717009862,4,0,0,79.05538138884678
292.952156099371,64.07429334073089,5,0,0,245.6426094699246
384.3418704868029,89.44482736190675,2,0,0,297.69711899850097
206.17618560413925,84.75881100256113,0,0,0,148.89576778260138
440.5196852310266,78.14682329093493,0,2,0,327.72838969346486
326.0980619118954,120.22680825105208,5,2,0,289.25544593451
450.12821455315526,29.708269201876767,2,0,0,322.53509555726674
313.63512906743193,64.1834965800737,3,0,0,236.25240824346577
69.987546142388,114.91903150941313,2,0,0,62.54673733489569
158.2973969970686,10.126189527370414,4,0,0,138.6069672070673
104.88849938496618,7.265474872899782,1,0,0,64.82836120359677
454.86911636984684,30.329297382577884,2,0,0,321.00576177643785
381.39803330730393,82.2927585399424,2,1,0,273.5513051106589
339.817192610453,33.78435143847489,1,0,0,233.08483783848357
153.97832821765275,24.731184895143866,5,2,0,189.6110629089569
96.1021621648557,59.64430099657797,0,0,0,65.40274152397905
379.44328855451135,79.7677489400235,5,0,0,295.26798586937167
239.70818321014443,32.31250191217625,4,0,0,180.74759455919477
116.76582831456142,39.08985427408647,5,0,0,109.30752130331807
310.22787919181116,79.76270962549681,2,0,0,238.84902926004892
24.965256808533727,122.94599485862885,2,2,0,72.30351038779882
166.4542757934855,87.71642456695147,0,0,0,115.2249697096484
236.93571232261164,101.7775386659928,4,0,0,193.64538975874058
78.23937538415589,47.68531231821094,1,2,0,82.48652599430498
492.4039664074656,35.39306671998059,1,0,0,347.7947636672234
108.50319547185906,59.054806616340926,3,0,0,103.190709430024
69.52479937141645,104.92726773251758,4,1,0,80.80299685272031
105.74976257401372,59.318953432772254,4,0,0,118.05817887242353
385.6852609140635,110.07430314268193,2,0,0,297.4985091880306
215.62530133956218,128.54035749036652,3,0,0,169.7221252790245
284.88089017750633,9.363466544943723,1,0,0,205.90409887492962
15.399532708248568,5.90332029088148,4,0,0,59.677935570240905
22.043497743790706,19.446661378737037,4,2,0,87.98487029961241
225.683647164373,49.96805784546501,0,0,0,159.93858073808252
409.24434538480364,17.035487188906213,1,0,0,297.7496846225479
443.1932449602448,113.18638209043827,0,0,0,314.1823213407269
47.919750959841906,3.009012633518294,3,1,0,64.27294421421603
271.4897355400063,41.05305312365692,4,1,0,219.80101539563367
457.0486947082389,24.010301834246693,3,0,0,340.6017614147639
197.04651342695374,121.1001129204792,5,2,0,198.16730086680116
415.6350865570424,87.03253063570364,0,0,0,299.9127682483393
71.17934892772092,118.56393333867868,1,0,0,56.25185621819106
468.02027238556036,126.40273234035114,4,1,0,375.1466139943583
376.9545421779948,64.622771678058,5,0,0,290.61570666754716
470.96052442951634,30.461484046243413,5,2,0,417.24143649915953
339.9255306084907,25.184742205556606,1,0,0,258.8268238703975
184.88494633971635,28.979452019159268,3,2,0,173.9371653127436
469.39968039973763,92.11712999086038,5,0,0,362.7880291174128
141.40555427304335,5.257944655990095,2,2,0,146.63972460733774
169.4253984205576,6.676939494252933,1,0,0,113.85334421407516
351.90016691086146,79.0585825098095,5,0,0,282.0613054311738
383.8315682650662,83.46742907586285,1,0,0,283.16275730994045
465.05472450533114,86.48418016191981,1,2,0,367.2490634318955
106.3771924828237,48.34446559651686,4,0,0,88.47384575607317
400.0090274335159,104.7728355328399,3,0,0,310.9117064189929
370.5802964314969,69.37119640446029,3,1,0,285.0608288352468
36.57830534553094,13.710531901224527,4,0,0,48.443543588956764
196.67545489905245,103.62290991875489,1,0,0,161.1613645153139
144.9689012447488,123.89881221515958,1,1,0,122.10087740256314
155.72276005524506,7.8047206903066275,2,0,0,117.04041275660467
491.5587053795769,50.87567403107539,5,1,0,381.2807343142921
323.1748196725643,63.377085828517195,1,0,0,244.0164171698393
360.2496981077823,19.041198810181204,5,0,0,298.3673091939439
488.4257304709295,112.80216321177403,0,0,0,340.2105245311766
191.71488231653115,36.93945383570572,5,1,0,168.9970623548287
401.9108833841389,101.79111019196081,1,1,0,303.3721935541179
220.09282683572522,87.22928266368108,2,0,0,175.10493945395004
435.419167548415,77.74595692071304,0,0,0,304.0000456826872
94.42548294909507,24.978570330552074,2,0,0,71.1248115048311
474.1046576468184,28.69145767161774,5,1,0,379.8849386813418
113.29199566338544,6.155292617054011,2,0,0,98.52656435443504
166.4791509555611,31.29261587169463,5,0,0,149.13080526799726
379.31515588285635,44.90766922986683,3,1,0,300.7089136283747
199.9087950748763,108.30888950211529,5,2,0,216.3608539024423
306.0646314993911,47.63104667292469,4,0,0,255.15479771499247
225.0638830293671,98.10083175952883,2,1,0,178.48247409346928
372.473118859442,57.127496568413385,1,2,0,295.86889717863573
118.02396992246237,102.0328805592055,3,2,0,140.3051605575029
33.93670368225412,126.91530805681518,0,0,0,39.14283884616063
153.4650517491678,31.179402547485417,5,0,0,128.46015511695242
239.782789109873,112.1044095553039,4,2,0,213.24089963488126
88.16992583537589,80.8371312197507,3,0,0,82.86524753322992
180.6246583799124,106.24825400652513,2,0,0,138.48628112633986
202.99159405531643,84.70616729481468,3,0,0,163.0128989909144
33.40896262569541,55.11343594563952,1,0,0,28.57263201943638
293.73708785118123,29.649742127432745,1,0,0,223.59401951935345
442.74999684578734,9.104579293051453,1,2,0,355.34725375624765
80.11274191176095,69.6173873798932,4,0,0,92.72647536510097
300.91496663374943,128.74239228849254,3,0,0,211.71303201823522
334.0459064308689,95.94543465184681,3,0,0,252.63576642506217
212.57066680754772,42.55492038187216,2,0,0,157.1122167770911
352.04330574531366,107.53662401127558,0,0,0,227.9392937503035
208.31211402805096,99.96792002293286,1,2,0,191.17441442100505
254.79545754883029,36.61265313594938,0,0,0,178.95282724595015
8.639757054441354,1.859973673250509,0,0,1,19.895223558011136
347.40145649667096,15.361143009413446,1,1,0,260.2907714027747
332.3646260776386,114.04980474056748,1,0,0,242.74083953883118
24.00843427654056,108.75319458963332,2,1,0,49.465018156555956
187.28380316059088,38.377170114187116,4,0,0,166.78309941063839
489.6207611918754,37.075405416974654,1,1,0,364.77164750512657
213.26459847146532,103.07244832332124,0,0,0,171.30486517315705
253.46297554026165,121.90587108640487,2,1,0,195.94238509985615
455.4154282890607,101.28784338368799,3,0,0,330.8306018632311
360.04462855354944,78.725228013999,2,0,0,279.1165184462499
293.1247149064907,31.54727554313459,1,0,0,230.91310647947986
399.9133172638309,68.34722883238389,5,0,0,312.57502422278804
432.8613018957068,30.3565416171244,1,2,0,361.1493708816381
231.1595955099471,105.04148461258058,4,0,0,187.17037682699066
240.1786406412585,50.304940337305844,2,0,0,189.20064112162632
196.0952131476587,108.3806382092234,1,0,0,151.38260678408557
483.519539309138,49.609198337754286,0,2,0,371.62843406788176
350.09729587372345,107.13942267598587,0,0,0,263.7480280912081
46.19541777299578,43.33131597148145,2,0,0,64.6627738066224
432.16501353994414,57.21725160029708,4,0,0,324.6667980388884
242.8771707139527,80.01349451454547,5,2,0,245.25219695669435
39.0331836791313,9.137389823889428,2,0,0,50.18335601663905
277.110041305839,123.26691803601038,4,0,0,207.46383794063115
211.49631809297253,74.56875219609442,0,0,0,149.52759417219985
439.4859554069993,66.0166019098043,1,0,0,302.54677972936173
105.97732878664675,109.12121624558857,3,0,0,102.41488448078744
414.09998169863053,112.54915488658759,1,0,0,300.27962817905336
281.0559021367991,67.89385258877208,0,1,0,204.02847967127016
32.03210009066718,120.54410235317285,5,2,0,80.50878150596492
486.0634241561149,8.415909589942482,0,1,0,346.71617719663584
258.744545831084,14.71935299265828,1,0,0,194.51598164675752
148.98404284463334,77.58246990187722,1,1,0,120.99647562459467
237.35638678468274,46.028562033165876,5,0,0,214.2784622442372
429.63960284115706,60.34927160459585,5,0,0,349.4248405609675
155.92704657060642,42.65029832663165,0,0,0,119.83380302108962
100.37481626091666,52.61429048784163,1,0,0,73.2128933348449
68.89026723078632,106.94402512901893,3,0,0,72.88320156175662
152.44040220315458,77.15190598105961,3,0,0,120.51788162926373
391.12380308482153,129.65479140685477,2,0,0,279.1479806854533
238.45505077165453,102.29429571672519,3,0,0,200.55789289133457
117.60339382830229,35.576613033237464,0,0,0,72.33544414756429
87.26157480682585,34.364865304470506,0,2,0,85.95082227408665
169.70109087263765,43.666775115210925,2,2,0,171.13575722639234
470.2625645784259,109.62373248420656,4,2,0,394.31396266499604
174.79822273206207,3.547394584573528,2,2,0,172.12901617593994
494.1214175975445,29.923566253263505,4,2,0,434.34247945894225
245.1890756038513,117.6393946447547,4,1,0,201.9244444436473
93.68613955362468,83.18653669082276,1,2,0,113.7866915288615
446.11434543778716,29.490122415137336,5,0,0,351.6844768601017
232.87590970173932,28.488845870235444,3,1,0,204.06704543490173
356.2873150347396,112.14035322872597,4,0,0,273.2248284026632
491.9372336885301,116.18847607601604,1,0,0,352.42962849134386
29.83679840838713,33.297041825074984,2,2,0,72.48858948916282
52.86380709484573,54.666346549949196,2,0,0,38.81123786146345
361.6260870240643,108.49744602168123,4,0,0,267.81552022939456
144.50337663125865,100.2309670192851,1,0,0,109.01519575026481
96.22919149029903,105.80909385359098,0,1,0,88.96522504030453
24.4841305107661,67.39176480243594,5,1,0,59.1130820747723
15.814122433169894,118.50137627967251,5,0,0,45.227148596892455
388.37037354429646,42.373700714076584,3,0,0,306.1001446282858
71.54454654792725,20.367377465177345,4,2,0,113.96268957711524
236.5217049057197,92.13520323343242,0,1,0,182.94867833875142
304.9189235138441,70.11607408089652,3,0,0,260.83509658101434
217.03414128157888,111.09614994523253,0,1,0,157.0069916153753
18.417792906435388,10.550702386212944,5,0,0,47.40730250293266
392.83324378101486,109.6800124469487,1,0,0,288.0600177287109
10.204046148118476,38.128304917146885,4,2,0,85.42746991084657
382.13549771685456,85.1312367318638,0,2,0,304.7065632781154
447.1857244251207,5.2167425801732525,0,0,0,322.22393460659174
219.25576092330027,79.2455685194681,0,0,0,157.89973845607668
270.0935241834101,93.24531959435367,5,0,0,226.0040926732119
241.1067793457386,47.93752788573064,4,2,0,231.20922636963846
197.65826621860222,28.00339168407823,1,2,0,177.24054452521776
444.2751450083283,69.89198795846086,1,0,0,348.3957177971444
447.4970877816453,108.31480457663405,0,0,0,302.01086323292964
171.22910049755959,42.061156578564606,1,0,0,115.05099322652997
309.4595282372755,32.82100867776634,3,2,0,278.24468396323215
463.81924326220275,36.2615901228994,1,0,0,336.43121276373273
481.21895697596904,123.38717987916637,0,0,0,343.52114509883097
256.9347250089135,46.70599904939276,3,1,0,204.0947830849799
229.14827861574176,0.46855118547733277,4,0,1,199.31347362635452
142.95368638462026,101.61855703475057,2,0,0,112.73901304457465
479.64157722925296,90.90572339360072,5,0,0,382.7390532530834
75.69308071406934,16.713874398385954,1,0,0,51.47080005982152
292.0156401436239,128.03755238753862,3,1,0,238.08881051228036
144.86238242172624,79.04809708966445,2,0,0,112.04546350432179
143.10910372215932,65.10133382227819,4,0,0,116.09786269110367
205.4594507512133,49.688504790975834,2,0,0,147.89753139524635
499.40250322874897,116.82745822327293,4,0,0,389.51254406450744
32.208321885711925,31.715252584413225,0,0,0,17.30078942586431
291.37820001074806,37.149957028587245,0,0,0,216.87300754131067
45.8732182274622,15.913404869253696,5,2,0,104.04586664038405
81.4878108453069,98.68548242595381,5,1,0,90.21037161058025
222.58365617758486,77.42140645276093,4,1,0,199.21266507556345
257.6777650164885,79.17860200308478,2,1,0,198.07811677934816
133.1022421404394,28.40115603253027,5,2,0,162.56291685741033
161.64627978283602,84.6518905865209,1,1,0,140.49777351289316
48.048675026686865,99.50959814209232,2,0,0,36.709604794625555
155.09379300290402,46.5255089943396,5,0,0,141.43143442775354
483.4464274933693,104.1751287150226,2,0,0,345.9045137362226
472.63015392787844,45.342776509162725,1,0,0,330.10828879962213
170.76475361780757,98.5579999962074,2,2,0,166.681105388601
287.572698457987,4.384913969503468,2,0,0,209.67436534076322
455.24971859991746,71.65139819157484,3,0,0,340.4875793332933
8.060992207243853,126.03845288318526,4,0,0,40.239672695576
406.288367317108,127.56179808871079,0,0,0,280.03404418022404
474.4429286305149,36.62783518442628,5,2,0,393.6872462130486
50.206238495110746,57.38188184044621,5,0,0,77.21298172535141
84.91660458629592,8.187128038262298,5,1,0,98.12292432342866
480.5694198718209,113.53436998859796,4,0,0,384.4753938629703
271.08237110197143,73.91437990822784,2,2,0,238.07129670584084
12.027334063503233,50.063088262267215,1,0,0,14.466106202952831
132.52783938794693,14.6601726035899,1,2,0,116.01223240986856
227.72211876308552,123.07974711459559,0,0,0,150.2894217470163
347.98991095726,68.92847621672918,0,0,0,225.12767219485758
367.9143871777158,36.7806307807775,0,0,0,262.3510591913015
497.7336488981008,45.527966917096236,1,0,0,357.80522845791376
147.31804369496072,35.1906335198792,2,0,0,124.06031620796763
271.41895042489523,78.23527515140748,0,0,0,198.85653714231074
268.9951561905045,120.8952648514663,0,0,0,198.53218120089207
205.79440342638256,111.37019443245337,1,0,0,150.44127602789894
88.735137451998,59.84951380537707,5,0,0,99.40528263838056
488.84099877600204,107.44491709913102,2,0,0,364.6747126225286
427.3920073999601,55.00371256592288,0,2,0,330.53592363257195
251.67484900564742,32.799928298622945,2,0,0,183.61072257180254
303.60648422859475,127.84396498463562,3,0,0,249.77106461316407
117.49422151203284,39.50538383620684,5,0,0,102.68161966249473
274.17459984391473,42.08415002829809,5,0,0,234.03504842243385
349.01021589513056,128.66007281224788,0,0,0,249.4310578454439
260.0076790513615,17.410574111535134,0,0,0,173.42494710040816
495.1911594395459,98.86941844126036,1,2,0,386.73611325470773
307.61411984262446,121.65565860275444,5,2,0,285.927809442529
188.63198773312368,66.53334925580442,3,0,0,156.70204191290267
387.21525366983985,0.32782902136660463,3,0,1,316.0934557781617
89.37894323291282,48.757662734703814,3,0,0,84.41265285502759
195.33532778460193,14.503969010027522,4,0,0,168.3792944783456
176.74468043690499,54.104395921380444,1,0,0,137.89600331203218
218.74451207834974,102.70347901349702,1,1,0,176.12725994744613
391.98101383471953,57.032501354894066,0,0,0,290.50123801225396
244.6656509208867,56.15026577496993,1,0,0,189.29338697849985
398.03715288165154,72.38263199945006,0,0,0,281.1275239494492
290.36200705423363,75.61977601719843,0,2,0,246.72755535247006
174.3243701554899,111.31852014386628,4,0,0,155.66690488621936
405.93947812331885,40.08620709976369,1,1,0,304.2251731926042
122.95338692378033,106.81726436784207,1,0,0,86.17324017632437
116.06957500089877,73.57138732996614,4,0,0,112.1917675776624
254.7289474071437,39.068841463229106,4,0,0,190.02143057114978
134.120376751234,38.36638572079003,1,0,0,111.52413377745604
9.49808230085208,46.947877223744186,1,0,0,17.057658133285106
325.9072760129068,80.95012154059681,0,1,0,237.61952953062945
257.99144162883704,30.00552507679339,2,0,0,192.72514136287685
225.5313181741148,119.64336301739476,5,0,0,201.08910048956307
483.6494147360661,74.73863594312705,0,0,0,357.9372135943366
287.7435960616423,119.60205100948089,3,0,0,228.08884570143942
432.39863100574536,6.032566615290111,3,1,0,352.9427937643537
74.02786692155429,44.53947815999154,2,0,0,73.71415282566272
286.75719924906673,2.964995889391,5,0,0,231.16822406798133
434.6499152317969,35.392735962736076,4,0,0,340.00126814828155
293.6373498535495,112.06084139491647,3,1,0,241.38403623154997
360.41701817286577,4.759263059486111,4,0,0,275.9580837588418
189.16156606704266,56.69912298904683,4,0,0,158.65627413826965
50.76251093334797,15.283719161519612,0,0,0,31.984408027640868
231.66064608790035,54.1892857038478,4,0,0,193.22719125684105
200.26729846523446,109.05070595436905,2,1,0,162.24480288145966
434.19479027757893,80.99923434232748,0,0,0,308.9084418065139
125.77767466447376,95.77832489308501,2,0,0,107.06041721412899
483.5334426298785,45.38353500844553,4,0,0,381.52674011274615
479.2783693032256,122.77170035131839,3,0,0,364.85640116699443
127.57766332036216,92.20407219133502,5,0,0,119.73735379993917
177.28571796127363,54.83384650698902,4,1,0,181.94278596702787
448.3000917325731,55.44042402951714,2,0,0,324.58791846933315
483.47799934357323,119.42894313262869,1,0,0,344.9902563669998
224.5023559038418,74.93261014660094,1,0,0,171.04971360933072
163.89353759224443,91.82929728739542,3,2,0,199.3472531384586
265.4165365595133,54.2145791867122,5,0,0,226.9671183995525
345.4457571510387,29.080059419412834,2,0,0,252.46982702272814
140.369885110615,94.06270795927442,3,2,0,141.93068701245554
369.554221436441,79.01709037838042,0,0,0,245.50938481639787
30.57039177174731,65.17457445522132,4,0,0,50.47772376280045
29.40077391838614,81.1227221992803,0,0,0,25.65619939836166
196.2124140470449,27.077126188350373,1,0,0,132.9245604734914
179.96923007005668,103.21203184915431,4,0,0,157.83485339126187
161.23844160674037,123.26116465263975,0,1,0,110.99322226171337
248.05478252111047,115.84340874180135,1,0,0,173.97785001831969
163.76312324422776,41.78664688991223,5,0,0,157.28323364617458
100.1676696417055,52.78075052666986,0,0,0,63.97795246740212
158.18742679885744,105.09229897368296,4,0,0,152.25244863514988
487.5776150410663,77.3652270071985,0,2,0,374.9130315831081
208.50114141245007,71.22887767796439,4,0,0,185.96225298628366
225.1328245448762,120.46345577934787,0,2,0,215.30422456802725
290.3897700258143,69.6832449270166,3,1,0,228.86988173413562
491.75368036504216,66.94202834635028,5,1,0,414.31450302578577
124.59263183570269,5.462416864626754,0,0,0,88.06911511407098
342.23464471355476,9.024204616717892,0,0,0,235.8842905571191
359.41242330315345,0.9646400244845232,3,0,1,290.63851706708635
305.62558631256763,118.72174935187238,1,0,0,219.30469969824708
48.84627812013882,53.09026580230108,4,0,0,75.89583843083089
340.05177653465034,60.91297889734363,2,0,0,266.29708467433966
36.72688196290686,109.90030318702006,1,2,0,80.87857122080666
300.090611527199,79.20202034885114,4,0,0,228.9339507868336
371.0926827247626,79.23520753077554,0,0,0,263.6515002582628
109.43009585687545,38.54947581612562,1,0,0,70.49752475463657
421.60289373367317,108.4080886101875,0,0,0,306.7019294340667
20.025133738837113,21.55789688513419,1,0,0,16.98250875627786
422.6873675108615,6.909446982483227,1,0,0,310.09525689223517
232.86288006816872,24.9084364774092,2,0,0,174.2570711358969
112.70603026616402,34.80583844069341,3,0,0,85.35452130224067
71.22018177201416,36.70043752104688,1,0,0,65.43944869221265
476.8870479532744,87.16676782043979,0,0,0,345.28767181621015
40.96946585267257,28.317196352723656,2,0,0,44.573945056210476
103.5512428682832,87.96557958434799,1,0,0,61.292390956652
177.17206197935775,11.847182520393966,3,0,0,153.4158207865956
312.0162502357546,19.13631994272817,0,0,0,213.60847190684103
274.6765372116687,66.14678830382935,2,0,0,212.9385072073983
67.19352874409543,119.84645433496354,4,2,0,107.81530097991529
148.41535195041624,111.74378654544482,5,0,0,137.2721273625662
123.18212668758191,125.93794751756441,3,0,0,113.03064696848307
110.70371297271899,84.56227848616221,4,2,0,135.55565307714704
208.51644655759358,87.85593263409196,4,0,0,174.48792278996038
353.49556903287015,81.25298986109397,2,0,0,268.51267374804763
112.63920144753179,80.96645997156564,2,2,0,149.40806670604616
186.5060454529758,19.125644858786004,2,0,0,145.38110234015434
198.5041262863753,70.68606430131072,4,2,0,212.47596356477922
488.345982070528,50.18883134872435,5,0,0,370.168537543969
477.5598466551391,57.529838051048145,0,0,0,352.3527638262113
401.0681034622776,68.06807449770085,2,0,0,290.23455373230297
124.62116580549666,16.691502334292707,3,0,0,108.37815784021224
38.67847047537649,46.73340540077558,2,0,0,46.3033881143287
161.86754817170925,8.248442913958465,5,1,0,152.24021789053884
137.06330196974628,127.35685695491188,2,0,0,120.87874168862287
255.43327107246498,15.408643746616399,5,2,0,246.34957227877396
389.97531548355755,33.60821601084409,2,0,0,297.15230859096204
429.86985474503473,115.86808047144164,4,2,0,377.8468622892299
423.2077222782017,62.752306011088436,5,0,0,339.94072278865264
183.03940280541855,17.63283619768194,0,0,0,135.58016304383523
345.18100001303804,49.94996994511536,2,0,0,280.83504742222124
159.8529277744889,15.062839244880157,4,0,0,145.3862592269442
35.14824390141544,26.02807962098523,3,0,0,47.39907884059192
352.27480647345647,6.7638801034798535,0,0,0,251.69066567891068
9.864638522044984,56.96957429138299,4,0,0,47.20521471648161
207.54538079195183,104.86269582428378,5,0,0,203.4660993058327
168.0427383045275,76.17599323098642,1,0,0,124.32021180189048
348.22188156683194,78.82488971299952,3,1,0,268.1922671779333
384.2915090163876,26.075923910821242,3,0,0,303.32753952893825
155.5268448057855,44.706199622807645,1,0,0,104.71586193504781
406.7553721502025,109.88147349930816,4,2,0,354.2412681722708
150.4887964499422,11.42130396244689,4,0,0,137.76901162157594
225.9315481933478,111.53098497690938,5,2,0,230.5150585715881
364.8741708719963,62.87970341442213,3,2,0,314.72137666982235
347.9955134662703,108.82916607226524,4,0,0,259.5714494050371
493.747393794539,41.34083452127204,1,2,0,383.9130397248808
116.45470698688628,44.049583705792706,4,0,0,119.43714003194454
332.84736720209327,97.70863288200856,3,2,0,274.1796635854975
306.7925445965098,102.04950254098863,4,0,0,244.58549533296573
457.9737349725648,29.853808138719078,0,0,0,320.4624846711694
82.39926011421315,126.47327222684771,1,1,0,56.432235718694784
377.1400909755318,10.983713551827762,1,2,0,324.6479228466909
286.29296505304035,8.905385203277016,2,0,0,207.21673897234552
140.95960554501318,77.41554798719336,4,0,0,133.24123845105336
239.84528250285118,93.95629981031078,5,0,0,201.08247388085627
170.2194155495499,124.9151967992466,1,1,0,128.75114355370627
291.76013438028815,52.642951503852004,4,0,0,232.62450506201984
445.0553023532596,3.2878831686523045,0,1,0,319.94949730112927
286.80596728404,78.37652412803291,3,0,0,222.37066941017721
317.7025970716591,37.66048267784034,3,0,0,238.77809069875283
261.7801843217812,56.28312575540229,2,0,0,190.06015127249194
30.326925690510574,63.501032692491584,2,1,0,53.8473494797061
120.26498565366666,8.386639395944398,5,2,0,156.95535164938076
248.54085606888097,63.177631993333364,1,0,0,182.09778308141233
158.56646545362887,55.42155668456092,5,2,0,175.90596718642166
94.97298089179114,92.63075448725712,1,2,0,124.40934093189317
254.54575674962697,83.9365684576048,1,1,0,195.09250052103206
164.7908477566859,24.078043359572934,0,2,0,135.26156864275845
132.76328337084027,26.79805936735161,2,0,0,110.59767167696485
234.6727816329885,32.63080324066852,2,0,0,173.17363074904102
70.97570775067571,23.26355723863305,3,0,0,79.89800525260614
464.23413787232664,85.43771595690073,2,1,0,360.4405701767801
434.51253847002334,129.27592329603516,2,2,0,365.4211369871386
355.272189941565,84.77408426707176,0,0,0,246.62770722080128
57.575844656285824,78.86860100486786,5,1,0,84.62568754604334
389.05924096249805,53.29063133563942,1,1,0,293.06750304253904
404.9388774139644,40.63543365176889,5,0,0,329.8731594423632
385.0434857685972,118.4395883978423,0,0,0,262.45562302671726
61.413114124024375,125.97024363847989,4,1,0,81.99126713157159
323.73443874854354,64.58090282640461,3,0,0,266.929733802927
417.99077389595226,37.72606441585247,3,0,0,311.8337685570605
290.7899336037355,100.1158869970698,3,0,0,226.62884561761499
324.97165073790404,17.2193828126942,5,1,0,297.91314145646
231.88992231602157,99.5264708936786,1,0,0,168.71587447103937
266.71012334260604,106.46328866047403,1,2,0,217.61682290966598
22.016544884103983,16.237512801531757,1,0,0,22.224664849086963
321.28669587677587,126.99199094355329,3,0,0,263.4469748533168
45.316370381123804,128.1165977505022,3,0,0,63.09845754725469
220.3322241984106,121.77353231255566,5,1,0,191.7114096731285
149.86427334536688,64.48452522281436,5,0,0,145.52509831426792
274.98683535479796,31.9896384959877,3,0,0,214.12575071076287
71.04108608398751,75.66120651464868,4,0,0,86.25495255403655
347.3634839767925,54.591399001286646,4,1,0,277.45917649189903
398.5307107795928,26.77332381323562,5,0,0,321.766455172619
85.86045262286247,55.077933250320186,3,0,0,99.39965373258401
56.63497823918167,86.30567863808677,1,0,0,23.666334309617927
77.03016397974278,9.218730402178837,1,0,0,66.91026674561327
439.17814313975833,43.34434018798215,4,0,0,350.67970470655285
266.45368456939633,2.313335701667275,4,0,0,202.87792097227555
236.29419302371377,97.43441571001783,3,0,0,181.91052924695862
57.822350455665365,83.28986479017111,3,0,0,58.87244403959899
326.5302233446961,8.147377511255563,1,0,0,231.1137310373427
434.6597979880695,125.41588274825583,5,0,0,335.566357961951
414.9520053151092,2.940802426523088,2,1,0,312.93461159936385
314.8970809454966,76.69488404189151,5,0,0,265.9455460190743
42.26296474257845,100.92777003387725,1,0,0,50.42155190644687
60.63652845212642,102.42652069581399,5,1,0,99.52614216205991
29.407948619363214,4.457067627116492,1,0,0,36.902759527692986
132.4522121637723,117.8339672432571,3,0,0,131.58471501251026
72.15242624438699,119.39871735052589,2,0,0,83.61307320990232
133.72377992495478,72.98074851006845,2,0,0,110.28778847092039
195.60373758088602,62.670815855328996,3,0,0,172.55191382877166
471.77647811521217,5.832770198137975,0,1,0,345.8339632209638
307.13614959193757,73.05403852628292,3,0,0,236.45583655666118
418.31202391306635,53.219280630129994,4,0,0,323.63115729201013
356.62399285260443,100.4648329631253,5,2,0,332.84724038256707
60.689049610682716,52.50486369519142,2,0,0,70.42964962285815
369.2806011551047,88.86550833221227,3,0,0,287.4927489252633
141.1739463717666,13.183059010879004,1,0,0,103.28785647440445
321.3583842623797,17.283795199575703,1,2,0,265.6359020798717
173.77617695327933,18.162324784390584,5,0,0,141.9859763368301
498.8477703160063,5.918314973966657,1,0,0,362.5762441576172
135.457982350905,70.37275170507449,3,0,0,119.85343265063953
143.16958303326348,103.21580438567267,0,0,0,91.65914598655483
465.68276650338714,79.35345648017659,4,0,0,361.775191228514
17.19898029497972,74.74413512187131,1,0,0,23.447456941006177
349.86104899723244,88.48111069235574,3,0,0,255.20732869641503
364.03656341425966,44.153891999361925,0,2,0,290.0712901397373
419.0073958181477,47.054029314269755,2,1,0,331.8513379276636
487.3474587660453,40.855112768719934,2,1,0,361.71134617720986
487.92294998254295,92.57416127096482,5,0,0,380.5749751303002
37.31199499539963,21.01324363720066,4,0,0,56.5819900595573
411.81046476268676,1.6932864406801695,3,0,1,330.0527140743166
324.92341716040374,77.50553807392401,3,0,0,257.1560426748468
325.43435651468013,122.5095774154467,1,0,0,245.3353646362051
68.53321367427392,79.22302920951961,0,0,0,59.75763033920124
326.8426473905984,101.77981488231636,4,0,0,256.6909756277536
491.32887739761765,87.46279223058391,0,0,0,351.53518349573517
456.3501919220262,64.66676495799211,4,0,0,358.48801082460045
222.369677098401,93.39101223189998,3,0,0,177.50183000660778
24.7742467766167,107.13353610117883,3,2,0,68.61524835097448
184.33527755010138,29.21511374232074,4,0,0,160.2112231306267
414.0632042422748,43.69696246280892,0,2,0,322.82832509309793
352.24205522525716,29.084345225426905,5,2,0,314.30339790258523
232.37510951900842,58.78248422675733,2,1,0,189.4106942456216
32.27525990362139,115.05839161916678,2,2,0,71.4876895385514
216.3128902725348,44.8769231085932,1,0,0,161.47114900965178
237.16734516035234,48.680695586971936,1,0,0,160.65120452726964
464.6349887825973,111.84774050735113,5,1,0,371.39771497752974
322.3376212731689,66.99866299680778,0,0,0,207.19005442950802
159.2681937440512,69.60836995416648,5,0,0,139.01537577701413
265.0325409031071,111.90415643318768,3,0,0,207.88139161548136
37.69737737196923,63.76847581331152,0,0,0,37.52801652184859
486.42127664661973,88.60247950182139,4,2,0,412.9878530304692
183.2296514557094,11.133806563627894,2,0,0,144.55106931210824
241.54434068200223,23.22212270649509,1,0,0,174.31118279351
180.8655672472767,52.56890609311193,0,2,0,161.41448002326902
342.8433064075191,64.32907881658373,0,0,0,253.75905259798816
332.80491837314855,125.54538116070984,4,2,0,289.76398148610025
359.08454371192215,126.1847122962127,3,2,0,304.54159827512643
137.7308986579008,110.65562137223901,3,2,0,164.42260950614605
161.25589817621267,41.02784858712469,2,0,0,125.13234850995204
66.99935939262294,125.32367780821716,5,1,0,109.74543932857762
329.47743606382573,89.61431240790763,5,0,0,274.78860676551056
24.69957803114801,51.08221661626205,1,0,0,35.0296098273461
300.85275608411223,91.21773920801962,3,0,0,219.33600366626763
435.49946300155875,2.147954872248455,3,0,0,338.54622525320576
445.9619134033686,19.000108695647764,3,1,0,337.75213760607875
227.27369138313102,107.8591425023278,5,0,0,202.87036916732436
232.35532566547153,83.92457279351225,0,0,0,160.74221229318894
43.099745588968595,47.34531116794492,3,0,0,54.02858059455203
337.0286875943027,65.08666322895344,5,1,0,272.9465304728606
411.5234130845585,117.66847945394971,4,1,0,312.8018915254079
126.10425202933295,82.10515423228125,5,0,0,126.36977401248637
213.5439364085155,51.75940691146293,2,0,0,162.4926972564731
420.2254716988088,15.642465461679551,3,0,0,310.18558411843065
439.1746314928326,38.187084211322926,1,0,0,302.0671723381657
125.37409023079184,127.18423026355583,0,0,0,64.42387155585284
277.5324640979753,56.857198170731074,4,1,0,238.41730185210733
100.2841095647344,61.339130299831915,5,0,0,104.49319983970732
55.42998824908049,64.817744211612,2,0,0,48.09226578396513
456.004648189019,114.93352298326744,0,1,0,332.8009375593966
411.15121459489404,78.51067697009029,4,0,0,328.15402511553225
381.2172763925711,90.17801473874988,0,0,0,271.5206467841006
29.139327812504508,50.62376053138352,2,2,0,66.98077607040904
422.64575239157745,3.7813904165666656,2,0,0,331.9305746148107
221.83181757316495,121.02647885156976,3,1,0,181.4653912033537
174.4855860314505,123.38659851913283,1,1,0,126.67961785687409
275.5057987075613,123.38989693524664,3,0,0,216.97302218010796
50.219855148160136,122.67932126407315,5,0,0,69.14926244495668
379.54004192943745,105.98145233904293,0,0,0,276.43446602202874
293.30536305970645,88.99748651512249,3,0,0,223.9024815871776
97.36209795221792,109.78628937474713,2,0,0,81.63980163086724
98.17493888567756,78.0710110701347,2,0,0,75.90804709930988
96.20308252847374,17.46804980596307,2,1,0,98.57698495273853
33.21618183820732,50.85836145538474,3,2,0,82.33884657533193
295.96023243898395,126.26833855648188,5,0,0,242.43644238636873
420.9723479063115,45.64791576743532,5,0,0,331.8070381683869
13.661615923757356,112.81762878507803,4,0,0,38.251699100828645
29.257299260780407,12.117491200733046,3,1,0,38.3159626246237
288.5212869600382,43.44389950881105,3,0,0,235.72646034714444
410.6503642660959,45.623932214559346,3,0,0,321.407100169965
166.73575083147364,6.70833060416742,3,0,0,139.6619476209584
178.05912740982248,15.482262924278146,2,0,0,139.49308179456642
300.1915162609041,25.11147744583023,1,1,0,219.12997171328217
140.73538011645275,108.91602680531469,3,0,0,136.48863591981987
18.171141208453644,8.24225869217483,3,0,0,47.79577899685723
368.9381164602901,38.831117174770334,1,0,0,271.1764583373508
314.6967069060193,1.3227503366047766,3,2,1,305.11928471370516
292.4742195325513,90.43160690239321,1,0,0,224.72671896929214
372.13364385095247,80.63940170563937,2,0,0,286.32980262437104
339.2392645932086,83.84769406690843,4,1,0,269.55725555805105
106.91158414826897,48.669762012900435,3,0,0,94.26686216144634
179.4781182369588,27.074816764783975,4,0,0,159.70407607601433
67.42452013091938,93.64162772718433,3,0,0,71.02370330671914
69.27922164185111,105.44532345629037,0,2,0,91.68051160366021
339.7168944464869,18.01819475276623,5,0,0,281.5936894126854
430.0070529563366,63.28782563186478,0,0,0,305.75713227650334
481.55262901126383,32.333038657252125,2,0,0,330.8858724731756
316.031823186975,21.853891956797384,4,0,0,262.4368134601293
96.1301550636737,95.46229075434988,4,0,0,104.20790238668678
57.296920997220695,69.95260161146881,1,1,0,75.26781257007727
407.3612309106951,28.10409320922681,1,0,0,290.4516259021111
291.48445579819963,40.30000145750086,3,2,0,246.76757833542
311.05108540179134,125.6649772726065,1,0,0,225.14143698508448
391.8237339335811,110.32834341211236,1,1,0,296.89158229712956
353.12222772756354,114.39307657350669,4,1,0,283.08439922742707
418.05683516376786,59.80157262049204,0,0,0,307.44508548137117
32.825883202639844,81.09494430971375,4,1,0,55.02995630671982
375.0227151895199,48.97980622657351,1,0,0,271.0139486931957
426.1721148744372,10.10255683955577,3,0,0,320.2134658610438
146.6368460168656,52.13901038538173,0,0,0,128.47716502777894
322.0214006266602,77.2174979169288,1,0,0,226.3545250307021
160.5102215993012,37.328755199857085,1,1,0,134.75491613430592
479.19567790881473,110.23357471456404,5,0,0,363.44490509507654
21.54466835557436,19.64302069269782,3,0,0,39.8946839282002
291.99745769731277,47.726781626799585,3,0,0,219.12564787170058
87.41925578950998,16.23750769214638,1,0,0,78.8072110562346
357.54900156269355,52.62817741807929,1,2,0,303.7606880572014
92.06569029223773,5.1559696466551586,4,1,0,105.23122839651333
121.514714639687,35.43142135801391,2,0,0,87.65222743951483
249.71355146765026,52.09558316477888,3,0,0,197.38955055086277
457.8433002484547,62.1614972259699,3,0,0,342.0462667264254
109.79861421324557,70.68052660176845,5,0,0,120.9784399287519
76.39881045346124,35.748846872689455,4,0,0,74.60617636923878
380.6935317677452,67.99537349993341,0,0,0,279.1203992840745
252.80666850529582,66.17060080306779,5,2,0,259.15824961711917
456.33363062897683,41.10314661390709,5,0,0,345.7482485670357
77.57420579412194,107.92604298534218,0,0,0,52.781835189425244
324.73430704640447,70.93334645716347,0,2,0,264.7621975097286
120.27517734514845,43.19506343705085,3,0,0,115.55365591904828
82.59641218256145,123.15400657050094,2,0,0,66.52196371775197
343.2975605028489,109.86461369925094,2,0,0,258.59612729012616
298.87388685482296,127.73641550173411,4,0,0,249.6613291539166
378.63959188935394,89.99040370390469,0,1,0,278.5364298559019
158.18397534086026,49.16897771578609,0,0,0,94.94338820515341
226.74596990918403,36.5118866682716,1,1,0,171.80529226382023
205.70847978355715,86.23131967768254,4,2,0,218.14407736473174
492.12428466342453,127.50615572438947,5,0,0,390.3962272157024
149.663233585997,81.47296041350035,5,0,0,121.40011944386569
150.9345329816496,114.60994232867897,4,0,0,137.14866339665582
180.50136337016065,42.783446036209924,3,0,0,157.5267681309574
284.47407023870915,52.90399172165323,3,0,0,227.25554644429099
129.8997584105539,117.81578114661593,4,0,0,126.37612208404092
458.0685204877406,98.39267125451644,2,0,0,356.30333283462346
136.51435460880043,127.58334164782775,4,2,0,160.7719955852664
448.42878712229634,100.71934726519144,2,0,0,333.6809562864043
56.2201565050594,58.307041938370126,3,0,0,52.829356752521136
329.9985376878279,69.0388425769072,4,2,0,292.0281041435884
453.9578316269306,117.06701402020776,2,0,0,331.8530541841561
88.53097200712362,71.71407569274623,1,0,0,77.33998174016088
484.32184524913123,33.201658641377875,1,2,0,378.34576468929146
229.17726340567827,56.63057566009343,4,0,0,201.68379373983524
473.12897867830713,67.12107855038532,0,0,0,324.13490062838656
340.0259215968733,12.573578361646844,4,0,0,274.5747417240884
154.28550058740802,96.68914765287573,3,0,0,135.4760112095361
98.20974983396768,14.216011336146492,3,0,0,93.24183208046016
155.3488478814242,52.63930273794474,1,0,0,125.71975820066356
51.04361758502412,104.60091740025258,2,0,0,43.74791656700856
76.21464333994824,60.7841470097286,1,0,0,56.80343144362982
56.80691797150816,109.46201756340604,2,2,0,81.82882204750034
214.35705415207107,44.44457186729495,4,0,0,180.1919697930993
398.81129624750525,124.4927182197966,0,0,0,280.4343773926395
74.9848593370884,27.230896134680624,3,2,0,118.23858447034522
69.50861442030626,4.97433884860917,4,0,0,81.34620951190075
323.4973300110787,113.41545058875441,1,0,0,241.75581239788232
102.60557607419281,97.78635307355307,5,0,0,106.65330358046327
53.31696886395084,30.157898818758465,5,2,0,113.28657770758207
87.59004621176094,128.0164089277676,4,1,0,115.94288667157537
462.24704095900415,65.29641680490862,0,2,0,350.1821501574095
411.62827012421445,123.63850721874125,2,0,0,288.40928339890326
180.26195836577156,65.6537402803099,0,0,0,132.97595251890507
329.6312798270594,61.343696280267835,1,0,0,232.24401880525582
270.95145846567885,58.388009828780454,0,2,0,214.82427150217703
340.17651042386916,43.53378589728353,3,0,0,266.5297657019374
342.92222046906585,69.38119463295172,5,0,0,269.0233585092109
316.2233374546965,58.83210605331382,0,0,0,237.06797826333468
136.72017742596776,4.777093961062038,4,0,0,126.71658706176211
24.308178277594973,33.85658034505533,2,0,0,29.735261584053035
230.50555708510385,27.705964013722593,3,0,0,176.91558124420717
446.0320729218984,112.76662830173865,3,0,0,338.38286448581994
286.9011429666951,77.85309703948938,3,0,0,209.80016181081285
417.03356564244444,99.27880305846456,1,0,0,279.36202432644757
495.85404976580793,124.38738490740647,1,0,0,343.2272368971832
85.99002104844675,83.72510542843331,4,0,0,99.7335497958968
347.4299313752812,127.73929888261677,2,0,0,251.32740514019946
338.7753189815122,40.52932671477685,0,2,0,262.2249988858286
490.0779464423478,24.214733700676202,4,0,0,373.9381613352646
492.87236330663615,52.43028543907849,1,0,0,375.13209217148
344.9059128034441,61.20392394165504,4,0,0,282.09004875096616
125.58932203118616,116.39700057083606,2,0,0,95.84728341742887
400.2851398746465,72.79225707476792,4,0,0,303.9880394357833
57.97942143446386,37.983529924342214,5,2,0,105.76305441529954
391.4461555649562,96.54245677277771,5,0,0,304.122551667376
455.5470814516247,65.75815182807922,3,1,0,357.0567854135055
194.50253041037544,21.077152885772122,0,2,0,170.27236745055293
317.1644710166248,74.98657238686279,1,0,0,221.0625441744315
217.920652387929,118.48128978494691,1,0,0,148.9999387594132
221.6937022191236,109.54094027185661,5,0,0,213.19897463759565
158.63359010851943,76.28529644259304,2,0,0,133.02536783370047
382.2541621229107,49.020812605048455,2,1,0,285.521656126182
468.4073992624201,11.30723763834745,2,1,0,364.9517523335778
470.6716753210583,61.05436003311109,1,0,0,329.0673270711872
91.51673601309224,97.7703268788453,3,0,0,84.96605450936842
437.9981065800002,46.83558356529138,0,0,0,306.95605636760695
370.0285635064255,30.608087321716372,2,0,0,277.23756856471
130.1545133416932,121.07936350522394,1,0,0,90.59485427415441
38.3058833961497,106.80224105953901,3,1,0,58.795868342541844
137.6586471077671,82.9758305246188,2,0,0,95.83539292524115
456.5430772068552,17.78183470966752,2,0,0,333.2751143316113
318.42344407340727,18.83814925280249,0,0,0,236.78656686101706
361.92205714444657,13.418546889251266,5,1,0,309.702565639978
132.29041379900244,80.11856669605662,0,2,0,123.11734172439469
361.097137009536,15.02316354153368,4,1,0,278.9586737672835
18.92014560757226,109.54153585214229,5,0,0,29.707092884847384
190.78406615764183,129.0854502365119,5,0,0,176.22834322904853
315.24290752845394,47.625264012126486,5,0,0,261.0299111083375
77.31779994295351,58.97708010572267,2,0,0,72.44832923971151
412.3867693512327,92.51673300813823,4,2,0,371.11196830349604
121.34049291189973,121.82989082234955,1,0,0,94.22816084631052
327.8791508451309,116.23219056233006,0,0,0,233.49684561350043
205.5725855747882,7.486937737480316,5,1,0,177.53364408030924
300.04157976143534,21.97933433237945,5,0,0,262.4094899246868
58.18802355130952,98.09763581251299,3,0,0,61.19827860852918
13.371835961195625,89.55610404421815,2,0,0,16.487058242022645
455.2343915532491,17.318417225216024,2,0,0,337.61263323965954
138.46685433975549,65.2683956602038,4,1,0,153.54411345677303
410.74011637632725,101.50590204108843,0,1,0,318.1509925029836
499.6783987337391,28.441488694150173,5,0,0,379.98056763158206
109.65847270946102,113.26739264550662,5,0,0,123.9843252082756
136.25951688576103,6.886330726647836,4,0,0,128.0047714843837
333.1155948791595,101.68536105884961,2,0,0,258.42874957292196
482.8970741273075,80.05645697268314,0,0,0,343.3589696936727
458.32810235441826,40.97591506506539,2,1,0,352.45968330173275
253.9233824324645,93.72123128444848,0,0,0,191.13178189541915
398.5795898507287,101.70755336965075,2,0,0,280.007771049796
72.19419728445102,121.406866269516,3,0,0,75.80397562570334
488.8319011809861,47.81070738005427,5,0,0,370.53220282281075
482.35485084781334,89.18217567739414,4,0,0,365.11338337477014
86.04583415018963,78.34011600150981,0,0,0,60.74697743080792
153.21444677753777,68.27678902942151,4,0,0,127.88088572477149
54.57672376584963,115.75414164015493,0,0,0,33.29225601882873
139.50021145459894,0.41175083799204204,0,0,1,103.86428934625735
408.8981157605273,36.674508793467695,5,2,0,355.29444441960163
192.26622554680344,69.97604114082792,0,0,0,140.32399928141996
48.756498737645394,23.178124012751805,2,0,0,56.6054259785738
174.40163476555776,118.02264938525857,1,0,0,123.38262753486
490.78475044943366,84.187365289692,2,0,0,372.7864164717306
316.69337965330544,62.12478930215869,1,0,0,235.94472600986904
210.9996684710481,105.9112286786651,5,1,0,206.84144409498757
87.43656418114865,58.61520489046349,5,1,0,90.78292677248874
493.15751465542894,72.62489155090124,2,0,0,365.3124446958299
411.3202595852487,0.3576294220097298,1,0,1,321.0446309812813
144.33126471320512,47.54106892535956,5,0,0,122.4141760998177
39.68400438198878,18.042761405626067,0,0,0,49.7404694117233
33.02965090189123,89.65952848609784,0,0,0,17.585984813717374
64.58718400523924,62.27350466684539,1,2,0,93.6856816293889
292.4804488891387,39.22848244253,1,0,0,221.99748510267963
464.73789349671875,60.81820411832651,4,0,0,357.7609237263757
250.88799686296232,27.251885433675003,0,0,0,189.5698622024682
422.2580138158176,120.26126222319827,2,0,0,330.42139914944534
225.71387683060487,7.01644223161869,4,0,0,178.14093758335972
355.7488551550735,112.50421458849564,1,1,0,268.3621535740128
367.2770049568179,66.47664253533563,5,0,0,303.49544814510114
91.11203442215263,80.46304449804624,2,0,0,64.01702881848992
183.80194919302681,39.338730718131494,3,2,0,196.9210119277053
320.4645674863218,125.67069018326177,3,2,0,299.1691042686392
39.99482105126126,36.640624607533674,5,2,0,111.78662015021595
183.9623929426635,76.55413962823955,3,0,0,155.4018107662307
269.72573580919027,129.14417166392676,5,2,0,276.2497737609805
498.13112405709614,114.54227152984795,2,1,0,378.23903140066307
239.89411349810817,69.72287728719378,5,2,0,229.46047055920386
408.94809477159015,128.74868798573758,1,2,0,327.17219251378714
218.87330610797576,91.1780820252399,2,2,0,202.59818733936748
399.2134076967559,27.131054098435214,4,0,0,310.0221461861683
299.73032680195365,52.72750735665483,4,0,0,239.52628052393746
443.86474354368715,43.48413342150163,3,0,0,331.8720366674408
208.4165634133044,44.72178207525459,1,0,0,156.28716588975433
304.130687811632,98.85933711678261,4,0,0,257.0186122512947
316.8592469063195,75.95418054546317,0,0,0,225.5923633876315
211.60455619123428,4.95205250663871,0,0,0,155.0263703537653
76.43446162530336,114.06830287462688,3,0,0,55.80844418216479
51.311906421606096,38.583498262421394,3,0,0,58.95396390160077
13.252417546818386,129.61973399870868,3,0,0,40.73616092205167
437.3994608013812,124.04479494352215,4,1,0,357.77421117735884
122.0550815581538,122.26899316865547,1,2,0,139.66245034366588
109.69584089447518,105.44658852831658,5,0,0,116.16306242484828
369.3375232109024,28.679733118860536,5,0,0,300.43425699989496
163.40797597825892,69.24225672374166,3,0,0,130.8923154862866
255.4921227438591,29.159341487246696,2,0,0,202.35254584642513
85.44297732224086,33.757809226563396,3,1,0,84.90614550413147
480.07413212367476,79.42373002671606,5,0,0,381.0039059238083
426.5327930085325,5.30836089589824,5,0,0,337.45558802373
432.5758633676766,126.02961368669199,5,1,0,350.48214252939215
206.3530055431426,119.42751243513538,4,2,0,219.47212193724386
382.36880078505055,49.49978438050358,1,0,0,282.15825128112886
76.21869691794117,67.0049182408987,3,0,0,77.94480987568173
9.266406282931237,60.59552450480867,0,0,0,6.0
14.886601626123921,114.68597122027107,3,0,0,46.529008497154784
295.3678600152574,89.51824392109444,3,2,0,269.09163126873466
230.4204780977307,36.154462165166336,1,2,0,212.57623518882468
261.41759770971726,58.089363080488596,2,0,0,199.65859296999847
8.694254506523606,55.76557683927929,3,1,0,30.493530102513866
214.22987673042573,124.71357187690943,3,0,0,176.01559823167972
360.4437397944261,22.790418366903154,5,0,0,285.06898237258906
224.13338247388074,11.644923848275775,4,0,0,190.9517996606426
367.44850712455,114.48044818101972,1,1,0,246.18770527365544
120.34438737643322,116.56917863576321,4,1,0,119.14165375659319
407.5052922184541,113.32608142858142,5,0,0,323.5216562917334
296.27346402445886,66.42699903132232,3,0,0,222.1443545168518
109.32773421780358,85.76677567502986,3,0,0,102.04655792665645
122.17663554764731,73.2371961829279,0,1,0,91.4423171796671
315.87507996192085,9.02821738707212,4,0,0,251.71745840975586
415.8200986401595,77.45853659709391,5,0,0,324.55633849180634
210.7357521044318,1.7698391432931149,1,1,1,191.70184747727404
132.85871241815815,42.2483632424212,3,0,0,120.29636706613564
434.1707454207472,121.19803486351172,0,0,0,309.15462096844067
336.2878044166633,39.525885052654985,0,2,0,273.937544160344
226.80231620512288,122.17746354375222,2,0,0,197.27144145513694
246.5105966632544,32.517414429401754,1,0,0,179.79079199843494
106.10695162851621,40.893091259999224,0,0,0,68.62704732506141
315.26730188209774,81.69297453701196,1,0,0,219.18407713800724
182.5775427187299,99.01150646260832,3,0,0,158.6264614642944
497.8443624538029,65.18040984063492,2,0,0,380.5005193390195
242.6908400546345,114.67503933524021,5,0,0,199.67867697855564
245.51337506385852,5.231254809380502,1,0,0,177.93948875895774
285.09663476828257,119.88532902246817,5,0,0,234.00981156349602
458.7942215437796,25.520013986403043,2,0,0,337.13787317713064
401.4049594305764,114.95103686100528,5,0,0,303.4347280615703
228.3093845499315,52.11221333322946,1,0,0,175.62010131027063
360.756136656534,108.25841726323489,5,0,0,301.36358791461845
295.186571896477,87.31652147448037,1,0,0,198.4260013914824
248.7216891071182,22.872412222174074,4,0,0,220.18966679724593
100.19630752825351,119.3461840845883,2,0,0,99.68464814129446
234.648450410171,31.917260763499755,1,1,0,154.20554412723027
126.68020057617444,31.73821543034988,4,0,0,98.66145404294889
457.84686417656906,105.84325656285947,4,0,0,350.789653165907
171.02637268069174,13.763523224427734,2,0,0,146.96886210113615
476.3706871940193,28.864667828159842,3,0,0,360.4695983342314
268.86236859688205,65.47808454473811,2,0,0,204.37766066398905
317.61446744469936,107.96201372926116,1,0,0,236.5614061666228
273.75552002221724,19.172916715844774,3,1,0,216.5663427205335
69.04340539851694,71.19687048660502,2,0,0,74.6327588780299
191.03150340893077,92.46127693438214,2,0,0,148.3132172982097
54.07732557742385,111.87737921307367,2,0,0,37.874977651119785
313.36225187077395,121.62352282628855,2,0,0,228.4375845259813
226.20272662421726,102.00318888096122,3,1,0,193.59359063363166
390.10256092761375,84.86769176886024,1,0,0,279.95939943297407
114.13288809468807,56.37061109065956,4,0,0,105.82501456546048
86.46019892252079,14.574320044494552,2,0,0,77.25712329271715
206.13445432706507,92.26583502831777,4,2,0,213.53429362673538
463.6597646930987,129.0558495818133,4,0,0,345.01581524958425
356.6587984311438,95.77887731517298,4,0,0,291.57057698574863
212.36719427249474,2.1724421859044165,2,0,0,163.12615897761142
261.0497240283837,64.51379714543904,2,0,0,202.44757041268232
46.68544053266368,79.9040622227775,5,0,0,69.83086591822436
492.365068706176,89.6576461433696,2,0,0,358.26076250875946
334.8716158239849,93.56435862809211,2,2,0,294.9847575526386
146.27501388939413,72.55409735814813,0,0,0,103.98347384283562
294.97515513654594,29.036843255451235,1,0,0,216.07761495530002
59.193771204152014,122.48608599195107,0,1,0,28.385595128943013
483.0891510597539,90.56664079627605,5,2,0,420.38367451698224
91.51856900226613,30.78920479302323,3,0,0,84.66653989883194
325.775007437331,41.901838195135475,0,0,0,236.7532203775778
126.49995895677057,119.85059718194806,0,2,0,140.0987406529986
360.1928844110252,115.37307427195366,0,0,0,261.66409990509936
389.5265767839391,52.669036986551646,1,0,0,282.6472984912536
338.34276581115915,4.9799388588886275,4,0,0,265.0523435955894
309.1772328263203,6.3046579562119645,3,0,0,262.5742613136818
446.7722015062458,36.90937781939058,3,1,0,350.31908065221614
43.92022193993023,81.78588851406994,1,0,0,40.08918039803429
168.80280906119663,75.94530259349304,5,0,0,153.50846513046838
127.90230241726876,82.39761230271255,0,0,0,82.2149672981592
494.0669112223837,93.24678635117387,4,0,0,359.9969323068053
197.74794093510238,2.474192967055994,2,1,0,176.67736845333945
367.64328612399737,13.661127372417573,1,0,0,259.69846025049384
343.93895612109725,46.732848737537644,5,0,0,277.06759963924287
109.98021255130197,20.131799677805628,4,0,0,105.47856492610453
123.3038517047179,9.79160553079204,5,0,0,135.93598434294586
144.2358589587519,83.32537147965314,1,0,0,102.11692035090601
208.50800273839272,105.99374207384288,1,1,0,165.69825834249156
120.99090749701077,97.84146546645673,2,0,0,104.41481652464587
14.727483959689662,106.2151712191933,5,0,0,33.935798691180715
440.29956311956175,86.56135072752403,4,0,0,326.29351398251345
482.97686653353765,95.59489183584628,5,0,0,370.4896710781076
174.07734158062613,35.33124064707917,5,0,0,161.07115309134886
172.56090531560906,129.09104471694135,0,0,0,122.85610949814716
8.510447323313638,23.811535084205325,5,0,0,40.93563151156086
341.72409072353514,27.884203670619726,4,2,0,311.8884792126328
413.5927483955712,37.559838136060094,4,1,0,322.03666189202863
77.57110867820157,126.79321591385525,0,0,0,53.22117345610022
84.03484293673962,128.4775166160078,2,0,0,72.69683029051514
396.0912087358617,103.33618746184467,4,0,0,300.9257058420638
310.0639204353016,81.77748781275238,5,1,0,284.5839042805594
27.20597602571992,67.60813477399974,5,2,0,71.76027647236084
313.16076027882946,126.18070993928994,0,0,0,232.22078180437825
157.9142728076642,90.43096437157217,1,2,0,161.86954836685217
187.51895195806875,122.81491668238392,1,0,0,146.84090747292282
386.0170520569557,41.151603932091106,0,0,0,273.3452617944143
406.41292037294227,43.39072299504353,1,0,0,306.0819156590478
203.17653028571615,111.11419723539663,4,1,0,177.18349088663848
473.8407033231456,19.48113967608827,0,0,0,338.0077433044995
206.19904538627574,122.97062196848985,5,1,0,191.21107116094723
387.0588374389044,65.97166610624298,4,0,0,299.92720475369003
244.51924595930822,120.4338042158807,3,0,0,195.29848873132772
449.27850162843157,43.7830625343557,2,0,0,322.9989340607749
454.3418156068384,93.07465753812161,5,0,0,350.7355764389114
48.27131989618651,62.77376585644966,5,0,0,84.29669664846037
468.5641989985617,81.4844719319115,2,1,0,380.0855795691408
413.63974655260574,65.56842410808979,2,0,0,311.06059553292437
396.6988035847701,125.72503025827699,0,0,0,287.52470729119824
104.4511131443336,89.97370171580924,3,0,0,97.5984808803667
403.53400833355914,32.671465921421,2,1,0,312.3430263249704
425.81570366909324,118.25799984766098,4,0,0,334.2699175445833
148.12941555480472,38.223865960163565,5,2,0,185.88079628947773
476.36873878935023,48.30866290911132,2,2,0,400.49283456209537
29.680772467586305,13.276080742627737,3,0,0,34.59140625936271
79.20508035733414,116.9956475735048,4,0,0,110.15965520264675
271.1026633354996,37.19456301962219,4,0,0,221.41100653219627
290.0172732055433,33.6592903310797,0,0,0,205.96543979974183
324.34929123394716,119.63413773934401,0,0,0,225.23625678991337
13.399719011155897,104.71849211265433,1,0,0,12.976886995788174
480.3815534379545,18.340259797518673,3,2,0,402.24019938388517
27.071105903401275,100.01218550747849,4,1,0,62.643425986088374
75.81566659808418,118.69430274699279,3,0,0,80.20395416918399
11.937186175398205,10.20645836739671,2,0,0,18.732728096677384
285.5949244805769,107.27794933759449,5,0,0,213.28576791248165
466.47210754088127,71.16460674349727,2,1,0,336.51462646056495
334.6438472098298,86.99566841924408,5,0,0,272.33877693041137
412.21544689781155,64.07106405764179,1,0,0,301.1985416126081
11.574195711997142,90.71440103768623,4,0,0,33.19275849881546
273.2975727474644,4.432722016677918,5,0,0,222.6798136347475
232.48367386523333,99.15187401902688,4,0,0,195.57636161040807
251.98913238929256,4.3346807216645935,5,0,0,212.90600009500153
40.74552674091803,59.18898020715465,1,0,0,31.673114183459724
343.7955037293072,19.625449106938333,2,0,0,242.5396264309591
254.09410535502406,107.06465605566993,4,2,0,236.56513357817298
383.74868068132565,40.77591819283691,5,0,0,315.2747537086051
245.2188638605491,59.032160798563226,3,0,0,186.0319733336496
78.94390993208388,55.73759636878051,4,2,0,126.4980031651873
325.8871922685219,100.42525553901184,5,1,0,287.51565495728494
90.33124924205728,62.548766773476814,5,0,0,92.64367479589565
436.8353088606334,102.564583551345,2,0,0,318.7524511148613
308.4925383392746,9.556075984347782,4,2,0,291.4455885751278
82.81592236069235,24.90721582738936,4,0,0,98.35378388971917
481.35733845319737,71.69945245402688,0,1,0,342.9784989773851
261.5909043509837,123.12148221785036,5,0,0,206.0604524765486
41.08473367646923,9.718520073831442,4,1,0,78.09487618179371
315.2822876854583,5.60094810039236,5,0,0,263.80692126312897
130.33345897134106,20.351587740621238,1,0,0,102.80575621850834
402.8282586792647,83.34990675182034,1,1,0,308.7896883933118
409.8219264152644,51.869079167132135,3,0,0,300.22008828748676
489.5789411480576,107.32180932429921,4,0,0,377.9059262482537
253.42541785712933,9.351309692577555,3,0,0,197.92113152215342
230.20365546522987,25.53383128591114,2,0,0,182.32150035254782
377.9704246960079,39.003432710436435,5,0,0,309.9939980410469
70.57297488925364,81.47491126954209,2,0,0,73.005197356144
275.7231793275965,89.07244973920115,0,0,0,200.01517536580573
275.3925620647712,16.146428215290598,0,0,0,196.65089907621
49.28919579114167,122.69461216892614,4,1,0,75.14983663590571
211.90212232592222,44.33573757472719,4,0,0,181.67884726584688
427.375975290765,92.7119391900368,3,0,0,317.6584063670181
428.79604288735686,68.14700346320085,3,2,0,356.9450919537603
54.1226441352421,28.95855476112386,4,1,0,79.62524917431851
49.90683696017627,110.00968200500344,4,0,0,69.88267537327974
135.03426111595797,106.37094366495089,0,0,0,89.45936619886142
438.00920096422675,51.48934100916971,0,0,0,299.4932775482903
68.80677961138198,76.5189861402012,0,0,0,33.49179970458585
361.3984173005859,33.51734047167216,4,1,0,281.55274751401845
55.076981708486095,89.6807117370192,3,0,0,55.6218531722302
313.45323760517357,40.17348564065608,1,2,0,260.4415718096302
181.2533130639767,109.73023546969054,1,0,0,132.59798410371664
395.51241166810416,28.26006355604566,3,0,0,289.94006605830003
120.67677216855499,1.9244449664003382,3,0,1,108.47072266554748
321.4049055480301,34.9060454558294,3,0,0,249.6131214114439
121.66285461506305,24.83682323973327,0,0,0,87.02237779656392
358.26184014051614,66.07723716424016,2,0,0,272.8827323628979
437.47062710757064,26.48142791535492,4,0,0,344.93813776508017
67.76689056774622,99.21468319353431,0,0,0,51.36667481102106
433.96486585477425,31.37818294052051,1,0,0,314.56014932312655
298.8197509350775,91.90586338864524,4,0,0,247.61564344916678
67.91969297917686,75.20121999178413,3,0,0,82.35984361671868
216.63321840305744,128.21248134134495,5,0,0,182.82747987787508
84.62584527512345,129.9871270112001,1,2,0,109.86823682554633
351.67220498895193,113.0383908312529,3,1,0,273.2216133374375
380.63972653688506,98.79783800883764,5,2,0,342.6581754922624
57.36927753503548,50.239333820074584,3,2,0,107.72181791734172
255.53922708384894,97.92597452706946,3,0,0,199.5176212893014
408.239402732829,124.36781982033379,4,0,0,308.4002983947022
468.4007055677433,3.039084801407741,1,0,0,333.70288426434854
259.1913440371761,69.92891102570604,1,0,0,181.58116186456533
475.3882156876465,28.339779570496496,3,0,0,347.5002371162881
270.1660403757348,72.52392106295056,0,0,0,201.56460084749818
200.12429482695444,60.63812166865585,2,0,0,160.455545627173
424.86054863368327,74.84991560179697,5,0,0,329.4255803076572
249.02644167675408,71.62508878443414,0,0,0,166.9238465512879
238.5917427294389,124.81391509191306,4,2,0,224.97904007982552
247.70468225786502,71.78419416151569,5,0,0,204.37282309737336
424.15857592552396,110.01017145623274,2,2,0,360.1799775033435
416.8110631355858,41.57663728411005,0,0,0,293.22876421496346
204.74239625790455,56.95308954283636,5,0,0,199.7085738319409
169.98343063590988,61.15375188582529,1,0,0,126.83065110601477
248.504371899369,36.234645633599364,0,0,0,170.23404738802878
288.52239231986897,49.37273399213418,3,2,0,269.6127881752808
122.9769192608585,77.80670033068078,4,0,0,100.57595565542408
398.00776693421733,75.4244092295892,0,0,0,282.6426942040258
245.80896903754933,82.73659479455246,5,0,0,198.60264593191587
170.35254646788,45.73632900461834,0,1,0,109.60968624028887
57.87639151717536,41.05809436989742,5,2,0,111.79509399673412
123.22835439978543,79.5103247580412,2,1,0,117.89770701487991
474.89418001921194,17.272027295578244,3,0,0,358.74475489321196
156.02434497566566,32.89410065917819,2,0,0,125.37845010411004
88.58534823668248,5.4766058038893775,4,0,0,67.94180351190754
233.03303186922165,9.439410837490417,4,0,0,191.89923231344838
157.0084329633231,31.639826303879154,5,0,0,145.52278415660925
22.403828884241108,2.5388064385994733,3,0,0,43.00582350596024
164.95688255331154,31.903376971369998,2,0,0,121.31696892309284
274.33376885003696,85.14692199806338,3,0,0,222.7142677936825
278.09762414988364,7.943920200961295,2,0,0,206.11980617479648
181.4966659825599,56.77576811330333,5,0,0,161.42159553865847
226.4148643450373,118.70414229954143,5,0,0,200.57371250208107
482.9313695262094,102.86702776030212,5,0,0,366.18790062791174
191.78749622900426,39.70687529833144,1,0,0,149.99726655881375
132.82227256369157,120.22471229491411,3,0,0,103.1651248040458
125.51618681304626,42.85404457720423,4,0,0,123.29624071378515
231.5934832885464,9.427014523883123,2,0,0,175.758513202068
380.9624736148873,129.22727437985475,1,1,0,283.73075914227974
106.96415117329424,113.10292853459232,4,0,0,76.7178577588063
356.1015829346802,60.571261829142,2,0,0,260.44899782582723
15.469162557961061,86.6289481450125,1,0,0,16.227409670746777
212.37182410205327,87.25965012136712,4,1,0,201.6471412864684
389.0532072753795,25.282689994959846,4,0,0,303.1025159298894
172.67281310834355,26.006322309972198,1,2,0,159.20997760788242
284.0498652154727,61.045491435737354,4,2,0,272.80871106076563
106.46472024882584,118.50450821790074,2,0,0,85.00509278667828
372.2877186074553,1.2991907316142015,2,0,1,304.48124308737243
30.87815611803601,101.7257326734167,4,0,0,52.948490001093006
427.00860921337267,7.478481882905038,0,0,0,293.321831756063
103.10721127872573,62.16887493480532,5,0,0,117.22235075371961
437.8270256956237,82.92346829955193,1,1,0,330.6636970286844
179.50197444375607,89.27870472072043,0,0,0,134.76864288818751
362.7283693648709,7.60230427006848,2,0,0,268.8045087681918
163.01652240416328,54.41847025991587,4,0,0,149.28066662689668
453.4262772611505,75.89884386530221,3,0,0,358.95000299262483
67.68537713159532,8.5859198497809,3,0,0,70.92052323498828
93.36729568993636,17.56229235739027,5,2,0,134.31854305832863
249.04991195360714,86.27436863552501,0,0,0,189.69557438311722
45.559527323882335,67.81296555678472,0,0,0,38.16364727363271
102.01019142737215,21.03772596487777,0,0,0,67.95281229292333
472.1643591949471,69.58111379891535,2,2,0,399.30862824578435
488.36238226820416,118.65000854777405,5,1,0,378.895634579766
191.24836801855886,2.0263860207973106,5,0,0,175.7613301988457
462.0265804018981,83.5423905531611,2,0,0,350.8548076430107
274.6882144583487,9.57455649869445,5,0,0,239.543267901734
138.52252060751468,0.8384275854111101,4,2,1,172.48088078301143
352.6873669348963,19.585083525882393,2,0,0,252.19074516760568
331.1563942545543,54.97786214100951,4,0,0,264.6230117683861
494.617032958823,104.30471986765389,4,0,0,384.28416954741647
136.19840726759523,36.632114558592626,0,0,0,86.43841910213631
337.66945381755903,81.33751761053863,3,0,0,262.6709539570023
30.751758739576214,53.45036293418987,0,0,0,8.589745728539418
61.25478915487611,30.463132955581035,2,0,0,67.18627350284284
6.939595600791165,66.85212485677162,1,0,0,6.956994950875539
499.7330371245382,103.67038374844103,2,0,0,365.6764906421205
402.1254800880015,108.22400810729874,3,0,0,313.232133905367
394.4278922931027,110.04753914404077,2,1,0,308.7605191900126
257.31440726764896,44.01251563214732,3,0,0,207.49921483978318
153.53320603819276,103.1492884130479,1,0,0,124.84172090819216
79.87582080902459,27.583199164158025,1,1,0,76.26435172882618
145.9139957289995,95.99526316157483,5,2,0,188.02590966832528
191.10575485492387,123.28997541544017,4,0,0,148.30112300122354
379.37349800524555,1.7866985098244348,2,0,1,299.656956764792
272.13258550706047,57.24731105324374,4,1,0,228.9749972585666
43.35439514496393,84.2102284938206,0,0,0,28.632365917357887
13.92435943466156,91.23085016338189,0,2,0,50.30581877451855
55.65442886936126,22.891408574996287,0,2,0,77.21144321865256
208.19686328020276,126.38382578101707,5,0,0,190.3858732075477
466.93049393926407,79.98449783622648,0,0,0,318.9431379117806
320.5142281985647,21.36427815967481,0,0,0,246.8752423152284
401.90382043837997,2.6679265226269875,2,2,0,330.57806543233033
235.85542427975153,101.82434584267087,4,1,0,206.86698911131663
184.02471118154617,10.36161612790968,4,0,0,156.84362196603075
58.65818449472825,18.33661973913075,3,0,0,63.73537714985369
438.58684598217144,74.72790349123979,0,0,0,304.7765202985696
392.6642143688119,78.45571544845056,1,2,0,322.22696667852733
88.21845831087393,89.2953254170118,3,1,0,98.09272356295298
258.568979118749,51.15682164627069,3,0,0,182.50367365261295
246.2505299210162,100.60682696568698,2,0,0,185.266973342137
314.42031857983164,126.66661795006553,3,0,0,240.24453866828352
473.3625125256743,35.242342600384795,1,2,0,398.22786073196386
291.98686367242743,91.39372014993297,4,0,0,242.6490149779141
272.4075470554162,120.70092481137038,3,1,0,236.3882168458791
29.909851802658654,89.21727914021555,2,0,0,40.5358793726533
36.13920062892185,88.54423482375374,0,0,0,26.251243292824164
97.7366617067605,29.090433981076856,1,0,0,79.46800082636258
21.073031987415398,69.56692604156008,0,1,0,33.9818509431337
372.9596833071561,73.12796966859543,5,0,0,315.0167234280575
363.04850047701177,91.01684311927387,3,0,0,280.5879903241271
72.34783604366325,129.58678848650374,4,0,0,74.26267813375267
418.85905589366405,4.3736969306890705,2,1,0,327.38638489465137
81.61908724882542,8.480245964773289,1,0,0,57.134908301075924
154.0819155636926,10.13350902601944,4,0,0,141.07728714288407
128.24356508487568,96.58728748356438,1,0,0,103.85669293307838
189.29201379365864,17.725993364398477,2,2,0,183.04520805177174
131.0585641155311,80.91874368374488,2,2,0,134.76854414662606
247.03070858703376,42.2069541261496,3,0,0,191.8836572406209
206.66690127056927,59.451594307392426,1,2,0,186.23473205193625
493.35189793576666,28.036210776263808,5,0,0,374.76606591041065
32.6835433134717,112.59385296959047,5,0,0,55.59587105522741
75.37978131173905,76.19954214119343,3,1,0,70.74158061621824
31.14881748475823,122.79322426569284,1,0,0,34.50755205507384
314.791391516276,74.69751246156284,1,2,0,268.40575460937634
31.982092319791192,16.108043977603067,0,0,0,24.966879612550997
419.037670001181,22.213156399001807,3,0,0,313.9182179016066
258.40962218755425,128.57961692782013,1,0,0,187.33835094803308
265.8687741678592,94.3234756530128,1,0,0,187.41156724536262
282.98928131753615,6.4062375037816555,2,0,0,218.70367626479106
89.55278462157432,91.49153065450642,0,0,0,50.99316996874884
102.85670004167133,53.58249608524952,5,0,0,109.35860753813593
162.81457482213733,39.93709028701477,5,1,0,154.2246579675701
298.7807258318164,20.027903184969457,2,0,0,241.11983520492544
109.00829909040618,109.18751409235354,3,1,0,112.28807787187752
62.58420493096431,8.29937926858309,5,0,0,80.17307702470958
485.20785877712393,37.67861010935324,3,0,0,354.14545621302057
15.880998330763342,39.82977619734157,1,0,0,6.1384443196928915
402.3352156413307,20.917686915255047,4,0,0,317.26353103121306
395.0773990396359,66.06403482729314,2,1,0,318.4673219104538
152.1209863533225,1.5213414854160412,3,2,1,186.6601003126123
72.13517492362014,39.12681700335319,1,0,0,59.696561704191275
77.08618011918459,121.37182772429833,1,0,0,63.32149504911933
350.22865053241026,40.36884401446074,2,0,0,262.54739160543863
323.18926258765595,46.85972032387771,5,2,0,301.9636397310501
392.45910875443644,61.511456270429306,1,1,0,287.0635274571723
469.0531803375568,73.02013873069171,0,0,0,322.3342578127651
347.504044816963,105.13212382669673,5,0,0,282.2800719248984
82.14651059296452,24.74175901028229,4,0,0,100.22653161202614
125.50409529887828,113.32702903503244,2,1,0,118.98440179369865
421.8858967821917,98.48141642870561,2,1,0,310.10100254486173
108.60650753793324,93.94454350600219,2,2,0,124.76671372839539
40.8985468924683,11.284594582902582,1,0,0,42.630531122301896
353.12362675091396,2.8132896966960086,1,0,0,270.115560132453
204.2505459676203,77.22165111805091,2,0,0,174.69844306030146
460.41982601022227,112.20741512801096,2,0,0,337.50578378795717
326.87626019136246,75.97739033828267,0,0,0,238.15426227022138
49.75739400687207,27.720532507919007,3,1,0,67.96631159336881
474.1890007905621,11.767586733397719,5,0,0,369.64409771679334
132.98584550192172,90.94753886630555,5,0,0,130.43348167555556
171.92018275111144,93.83013605131524,0,1,0,131.02705061652767
204.1189047733533,22.429121089324127,2,2,0,205.06040655823077
30.35602672013506,3.6647410145497163,1,0,0,15.98755739194656
250.7751340041494,53.07685671901561,1,1,0,197.43105712623253
66.04265308226965,75.75343127729288,2,1,0,83.87310499248481
203.48031171073413,91.78031324373485,3,0,0,178.1192489323602
178.60134505608173,105.29285118987737,4,0,0,159.992298684534
387.5558412961192,79.3698655498752,4,2,0,331.55537546597486
402.56940325820193,14.414479117803054,0,2,0,327.1576422623814
80.93937678259857,88.73561737851392,5,0,0,105.05813873653884
186.44283775271697,127.94296357633466,3,0,0,148.57044558225996
189.80981471075668,117.72599599766251,4,2,0,202.00189559928518
79.9481697483621,113.31695820503666,3,1,0,85.18657286085968
400.2344850003393,39.28211993658431,1,0,0,284.19257525785713
355.0780225260345,97.60246293902009,1,0,0,255.00678042478867
99.2389842170322,110.64344797546892,3,2,0,128.80782289381392
186.52734475393052,88.1824066020642,2,0,0,137.80223669933582
57.373487303974535,32.573028353837465,4,0,0,59.55994162682833
315.96226556105677,123.99841634374458,4,0,0,243.82573301050098
65.07910265156673,58.60652348962786,1,0,0,56.08929685004904
493.0374134693343,16.87472262656432,5,0,0,370.8340932936841
391.43762697049186,14.27112635746096,0,0,0,256.3560973521521
198.16808204407755,84.17746834887595,4,0,0,181.03588644400122
291.38914647828045,56.90225403417609,1,1,0,212.7674633886589
456.1141990271223,12.28290377326527,1,0,0,327.4168819190163
279.2791437959339,96.2473943802923,3,0,0,227.0388197593909
91.37675076698781,103.91227174362056,3,0,0,73.15690096237256
192.45816101267386,94.30403200223867,5,0,0,158.8978437384123
422.356708189724,26.29391409892168,3,0,0,314.0408987616459
323.88544291486085,89.67080927948902,0,1,0,246.27676059436465
327.10857024523114,1.3939643762700626,4,0,1,277.505348669007
434.0766354158021,39.6645781581932,0,0,0,306.33435166999055
447.5166634439398,51.84679908298069,0,1,0,322.2353079048728
460.29732303082096,108.58210335511521,3,0,0,351.5749702777983
51.950350660312274,50.75126849902256,5,0,0,85.55745424380405
274.34237097173497,1.4650280046217778,1,2,1,281.70965888993305
371.5522130030677,45.80503353764122,2,2,0,311.3393796656535
379.6787883378718,64.86013278670734,1,2,0,324.94208726012107
305.32451997515193,123.37062226746055,1,0,0,231.71657382814087
87.5597309159187,122.33445949264082,1,2,0,107.4098180776119
399.72317420112387,23.513624968783503,1,1,0,278.46759280368906
361.45511008989814,24.0690504261287,0,0,0,251.74379912112923
47.63720691677296,21.239589340391564,3,0,0,52.18189437295081
234.58586321381625,102.55985121383343,3,0,0,190.41922852630577
91.11881276329277,0.7828652478928277,1,0,1,87.74196097022327
172.0511376279211,16.533035764944053,2,0,0,130.77907152924536
13.95014064181429,69.93475211373287,4,0,0,56.91724760369571
203.16328486332532,32.183068695279516,1,0,0,162.382972238809
277.1890759723242,12.006339571104071,1,0,0,184.65746522501212
311.693383449408,46.78414160339846,2,0,0,231.88907247179776
333.4277208387115,35.64698865783182,0,0,0,241.03904979579875
418.9641999857177,66.44355984685699,1,0,0,314.91759571914315
111.65413910148636,127.30036719792545,2,1,0,98.43489560170084
64.63850210704163,16.159602785939395,0,0,0,43.68884408561229
426.5109000894732,48.45447162843226,0,0,0,301.9195779444159
82.5233433718617,121.15805232342171,5,0,0,100.20839902345571
487.5062402614167,113.99349565419693,5,1,0,375.3022199704487
422.0564235523253,51.25523452195648,5,0,0,315.7837807173148
252.93391991535157,90.86392438756575,1,2,0,233.03254341408606
490.8036053364025,11.421411765574923,0,0,0,337.53893093770205
53.20148090846209,92.63033722066997,1,0,0,63.85792249134648
155.0175517816753,126.4715048330164,1,0,0,108.85200077284968
320.9210854451027,69.87345986844491,3,0,0,246.46791114928516
178.2533998942235,64.80372951447386,4,0,0,157.94332730679727
464.54441323049195,24.351420561248343,4,2,0,373.52609178780466
37.48491364801969,82.39246585794794,3,0,0,73.83946043713958
276.95885687017744,76.75684650125893,1,0,0,199.14539796273135
297.47880236058165,84.75129773184757,2,1,0,225.83843031419812
328.1004212697259,3.3908272690138364,0,0,0,221.1029898714082
131.55478054924816,71.33405348537957,3,0,0,117.71797935872517
185.4603816223329,77.34152965465849,5,0,0,169.5308998424581
422.62186218416394,26.978917603664286,3,0,0,309.7276464056414
101.49667064022911,27.083271473509683,3,0,0,80.89723405289077
414.2995843508142,35.90836190642348,3,0,0,323.544071881106
283.5144343368575,92.52380692454089,4,0,0,223.02646919189255
382.28281804107064,78.81458825920832,1,2,0,297.5575486523121
358.2356463004184,109.9491439953146,3,2,0,309.14092506814524
107.71819021551511,38.435614339602765,3,0,0,94.02083329179655
286.56230453476707,118.56884778548138,3,0,0,241.42954309354982
434.5229606385207,96.6818010578366,2,0,0,316.4224268201264
218.89753721695502,51.35151710178061,2,0,0,166.1418743872401
483.4624312605418,12.38406853130927,0,1,0,352.24270420344783
228.84647455035045,33.40787612337272,1,0,0,163.60087133662216
75.67889015060292,124.37986823793054,3,1,0,87.98900458549859
197.77016663844825,40.34723886493032,0,0,0,130.45062278026336
476.0926911633159,42.88712481937838,5,0,0,369.9116141079751
163.26182042322785,24.646561042703212,0,0,0,118.90496317695943
434.70858913419613,104.8905781480395,5,1,0,362.0918583912631
441.21908743253545,35.83374993149606,5,2,0,378.17308314497615
178.34232954432073,42.933572287951236,1,0,0,127.70556250104701
46.2125407350629,53.86525409611146,2,0,0,60.891701238337276
363.656165033615,56.38467637069926,1,2,0,294.9320868138453
159.19858801192308,53.47430275395282,0,0,0,111.86480050167745
392.5471890574983,65.48668039871473,5,0,0,328.50690835449757
224.1141498889144,105.88667435013242,1,0,0,166.0053397871636
245.20703745959767,106.50705529646287,2,0,0,185.25752188327084
390.06515634052573,103.78070738923509,0,0,0,273.7816700591407
194.2698488755058,13.146229085143377,1,0,0,137.66759000952007
224.3480359348427,103.95824442572584,3,0,0,184.02036927462177
191.21428204096296,15.632730553254982,3,0,0,148.25858453173672
186.83355506225357,16.214090106793538,1,0,0,146.08908906276505
265.3435555662224,123.2221603125449,1,0,0,194.63827294774018
405.3557250280696,106.52171981172037,5,1,0,333.2527164312154
184.0753144016701,71.81336069284113,5,2,0,217.50282883301975
264.50608666617967,113.74612658212207,2,0,0,188.0684673522612
337.01002609408744,128.61740353174218,0,0,0,238.10922810919175
138.37252592030924,79.38346866213108,1,0,0,110.6174595815932
142.3737884266843,79.67679680759734,0,0,0,94.9530418593521
467.03949787661014,98.07551379079064,3,2,0,395.8349861304571
363.1496137988889,30.17806380749326,0,0,0,251.43872799692915
290.7074047305379,21.726231997443914,4,0,0,236.62983445106065
325.62142693820294,98.74549750195943,2,0,0,243.13896963905879
19.50322433619209,44.837623349233304,2,0,0,29.623047785081
310.9609679530399,17.559146319771422,0,0,0,220.1673983015109
257.20689224597993,40.93410436930747,2,1,0,204.67011507335602
275.14609149082065,46.6227928236948,0,2,0,225.95956686561098
182.91479428125444,125.47959573573979,0,0,0,123.13398227300547
45.329579367906234,90.73476244143002,3,0,0,56.441222638657294
100.70292063796583,69.0113212619654,0,0,0,71.55876977383652
475.6186330402725,125.95350802873864,2,0,0,343.901918614129
207.30628332411231,117.40816626164349,4,0,0,178.22430451643962
236.00816213627778,66.56011135984076,1,1,0,178.6310167398402
31.091345977452303,117.7383525990075,2,0,0,50.345792421482685
23.59528362427039,52.559605548145356,4,0,0,67.85811713475876
360.00481628814504,29.954686496361205,2,0,0,281.02246841787365
271.3568587399501,30.24816298687107,4,0,0,232.3459387479609
256.80946218705196,86.10101817747648,2,0,0,203.00477384273307
125.346642559221,65.13914169194602,1,0,0,93.79149901863465
373.6516121568115,85.66361011070808,3,1,0,277.262535726752
88.27710665870347,89.18987535408209,3,0,0,74.6881985723436
99.01769811220491,2.90197347670329,1,0,0,71.00419045597548
233.05252481739635,7.025147005227304,2,0,0,189.77729865268594
146.70853174541074,69.24810445686249,4,0,0,134.66415107452946
127.49417571040745,24.834612108809996,0,0,0,84.0601776568022
324.39263405389914,82.22938994457716,2,0,0,226.7763587343391
327.2310138831795,71.78414609218424,1,0,0,259.04992039141496
413.135949550965,76.14884658821586,5,0,0,332.42519815728906
211.76574065162305,39.319199378031385,3,0,0,179.2582877843547
41.17712005794437,83.17965581612657,3,1,0,54.84525723393004
140.46486053612153,107.83404274305299,2,2,0,148.30415582482655
490.1027042824244,129.74926296699084,4,0,0,371.6600609884519
300.1479947401875,108.99777020238785,1,2,0,255.6482034084329
356.31985697650504,72.47483875839316,1,2,0,311.3319835041
8.642125664580195,25.14584691839435,4,0,0,24.061793943222156
261.51183743034784,88.58796389557672,4,0,0,213.02521372962596
23.576685478242545,121.89499212253716,2,0,0,34.2902370011965
286.76895498526676,27.542650165199312,2,0,0,215.7737892389578
460.7815705698573,33.27943066845502,5,0,0,370.21550286227114
484.36746959770187,19.37111064351465,3,0,0,347.88564932525753
272.57357431751745,95.77381367143222,3,0,0,230.95879738032477
231.8113785998469,52.852995445075706,4,0,0,180.09688850832052
472.7834616530045,8.15043305522993,0,0,0,323.55853331840484
338.4368668383641,113.74349889373643,0,1,0,243.85153335120896
37.125143371512685,72.49734761133367,0,2,0,56.37770993785673
235.5341609454113,43.04225796004625,1,1,0,186.27993883457302
123.92128413983043,44.7177868879426,2,0,0,104.65207408226388
237.55313911709737,37.73265862481788,4,0,0,197.50658174531446
230.45545814314906,59.212422411043434,3,0,0,171.51350558026076
293.1616773932973,43.81541950345885,0,2,0,241.6825828075379
181.60139272287935,71.23301952917922,3,1,0,158.96681145261073
86.3138724806844,100.55724279526825,2,0,0,86.41790896318217
254.34112012202834,87.67996684776855,5,0,0,217.32990026940854
415.95042775115223,38.279396058035225,5,1,0,342.05598353223
333.6860528934631,68.7363315001713,4,1,0,291.00554979703236
172.49209363298183,109.21640078859261,0,2,0,147.31816460897667
468.08389626563434,8.866810516554311,0,0,0,326.91919336927964
456.5427477683452,10.178644708297618,5,0,0,348.04282018267327
108.6274576951289,72.30210884646795,4,0,0,119.9368800178928
24.511704634579672,83.08496669067442,3,2,0,89.97597268689444
371.9478106336273,27.483692050867532,2,0,0,290.708129917594
414.66707936783087,96.87861646989735,5,0,0,333.6327481404872
484.09296014592087,84.01423901529456,5,0,0,381.1371931260064
445.4690150737138,120.02760487071724,2,2,0,360.72634336451625
302.26471026217536,21.964046241609772,2,0,0,234.68822402068292
267.3759079101285,97.67865449654138,5,0,0,213.20362452790928
18.781320374980215,10.873601775824714,3,1,0,32.29438143272694
127.09494118816502,73.48801323732667,3,0,0,107.53522475393935
232.5093021077986,71.74636813488895,0,0,0,181.10722231052029
316.10943054136607,50.49005580407628,3,1,0,249.1149707570883
280.8396574926133,109.79424919691374,1,0,0,202.0343494291888
372.6048148924368,0.5681838221815905,4,2,1,348.4051129660233
143.48463078908523,67.6233222468077,3,2,0,166.9707863654612
284.6515407879742,28.229961478574364,2,0,0,226.59868603264624
48.6304104784421,96.65482048513627,3,2,0,81.84396254668908
209.76443417368745,5.598765419792632,0,0,0,147.19893872620716
376.3296123125275,108.10210946360509,4,0,0,296.4650538936714
348.23342244737677,108.95198947190369,4,0,0,277.5347173983441
495.3681549002286,108.27258161245537,2,0,0,371.8637808511159
142.55610736393922,19.833908475247082,4,2,0,172.80859639466374
251.60370309111968,81.95284741293584,1,2,0,221.03206450396
168.11755481812838,1.8677566938406487,4,0,1,175.84262777472836
223.09854145929148,110.23513686759598,5,0,0,202.20038869091294
429.19031428534714,93.98677515612066,2,0,0,325.35330622516534
343.6834922183009,69.04998501690285,4,2,0,302.64083539562506
441.80838971705293,94.97688630256023,3,0,0,339.8808256353237
105.73799862428379,12.262132564730388,0,0,0,85.47069633722342
437.3137533315118,68.72525818299133,5,1,0,349.0674138149068
34.58232571830029,37.86594393613791,5,2,0,97.59508411543473
444.85664381639043,126.4405302189865,3,0,0,349.6991701737097
167.89152083306033,111.42533358110722,5,1,0,167.08007497899055
160.7208785399629,95.32584045841699,1,0,0,119.85936461769107
258.4838454658386,121.38719258246515,1,0,0,202.81361775356555
470.6416429229997,45.08962959351159,0,1,0,336.98313836874564
28.651775517295658,117.11438686846355,0,1,0,13.95965185895123
179.3543326600189,42.28097017387234,0,0,0,119.59054872502752
429.0031343982512,95.26357355984989,0,0,0,313.04982653309787
201.04696633055605,95.73419853093839,4,1,0,184.40174862710057
103.58266431054817,2.3854839390321514,5,0,0,109.73017824398374
215.27311975904883,46.93776077616537,3,0,0,183.10766197480962
195.84848823837632,2.5262474131047252,1,0,0,146.94771918432605
458.1310197260182,129.62196228933232,4,0,0,350.1855604236489
382.15751599283305,15.88557903780094,0,0,0,277.2743308676719
255.03220009328314,70.56541643425422,2,0,0,190.98450279084602
494.2434305271777,102.77231103914285,2,0,0,367.68993118518614
235.31237798158205,26.16426829391602,3,0,0,180.55026685410834
33.827726256036236,63.05684685241145,1,0,0,21.587465106656676
134.82578929841753,78.96573891974961,1,1,0,103.57959840465902
220.85488770855974,20.8266180714209,3,0,0,177.26298586909755
82.66679895232946,101.2122097885,0,0,0,52.52146339644908
474.0447375304013,38.91373943461749,0,2,0,365.04093980429434
384.59020441979766,27.43299992404924,5,1,0,315.0944639448239
137.80216421174745,72.5775370368642,1,0,0,103.82213197073943
297.44824409136834,53.34077159358193,1,0,0,203.204005961796
362.11733276923815,119.63717280273431,1,0,0,240.1104258062818
470.933069808865,114.40815076576001,0,2,0,372.02305712754844
441.4094978418283,62.83558624055482,2,0,0,327.23616554482066
260.0201519384158,46.70429071432768,3,0,0,192.81152195259793
388.4530467975437,42.31733761206448,3,0,0,299.7286553419685
283.2616531446546,34.78327100059596,4,2,0,268.65947126592
278.58842557254235,70.79122098262205,4,0,0,222.73074117921576
61.79726937740499,104.64721861549066,2,0,0,75.65589872246599
67.43814071799528,40.39835906646251,1,1,0,75.22629838118941
267.1191394361164,24.712231659450595,2,0,0,199.36304500784024
138.08646476460828,61.812894803827284,4,0,0,122.84900906951125
15.413266717931972,8.97447418369665,5,0,0,33.75902696397509
362.8054059306051,91.1662707968619,4,0,0,295.9204663393956
21.080865361631655,67.38657461925136,3,0,0,38.70199131988356
299.662036346507,64.52872503647104,2,0,0,233.3336921008299
271.90092809302064,39.057899341502925,0,1,0,181.72450363395566
484.5632718360132,117.60754687912576,4,2,0,413.84242043752715
244.68550397708262,11.763217940441852,3,0,0,189.73235862510504
36.4827110070097,113.07712115531407,1,0,0,38.21124080274835
278.08554406419853,48.971676314069946,2,2,0,251.3866965901024
421.3426044549702,114.4810570767529,4,1,0,335.03249384416614
498.4403957193128,94.73898958320987,0,0,0,345.5642552946919
218.01987097609089,13.542194466064979,4,0,0,186.28613400835005
163.54787753588755,108.09971724621597,0,2,0,143.92235876749697
453.79338199123947,88.68298838093567,2,0,0,344.1799053322841
99.66485389268007,4.199248678995299,5,0,0,99.85681718194417
309.63731294129866,17.381348674257094,0,1,0,227.772206515241
205.8286399695691,82.63164725864037,0,0,0,138.5786692549094
25.335770652999866,86.13806537443705,3,0,0,40.912700398576085
176.90779478132038,97.06468626888736,5,0,0,151.59024483882553
136.28811863882393,93.63190210074765,2,1,0,112.32108181763569
344.615121202026,85.73759410709414,4,1,0,301.70849819086703
474.65129635749946,99.61105722703492,5,0,0,378.6459294138547
137.68335775242568,74.76114176600846,1,0,0,107.71329737836619
406.6756398800825,33.90288011817914,2,0,0,306.0922102508327
32.40310938451272,118.60895978499337,5,2,0,97.62354899246175
271.3698999697075,2.367824021157131,2,0,0,205.1551952194063
39.92228153639782,47.65302358329373,1,0,0,42.190915677806295
467.34633060966644,94.75313810263124,4,0,0,351.2486652242143
384.34388387590815,55.530285349457664,3,0,0,307.2613829331278
330.6852060462732,3.2284729724018604,5,2,0,306.5078663353614
412.82870890420884,8.577517405107715,4,0,0,327.42384782324416
325.52229880723075,84.32285798797751,1,1,0,260.14088939781874
484.6274766012741,125.43239792268896,4,0,0,375.310850715513
358.4091841930619,71.74227265848486,2,0,0,260.1003238668103
462.7060117432122,65.87851634308998,3,2,0,395.1919060117116
260.9802865452658,41.38227769731474,0,0,0,199.48709423565668
62.94688442602202,33.36978760258821,5,0,0,62.914395422478876
266.44797210439344,2.7280476283170128,4,1,0,224.9640557274742
67.80204989123118,35.48413279326125,0,0,0,50.48321488829566
298.2842721923205,58.38435731248281,3,0,0,229.77710954654378
243.83406496119315,25.73347179636352,0,0,0,160.90468367775486
313.17482192722696,11.355238502585799,4,1,0,250.9170981818236
9.97325562214164,93.30462274309834,1,0,0,6.0
101.44604336940523,116.30063497884873,5,0,0,116.20494991735976
248.2085637965048,121.78036905932113,2,2,0,237.96805712159616
475.4992629866218,80.33983470460862,2,0,0,362.2831930335549
194.88647497580342,6.860695737906635,5,0,0,173.30079319305895
215.06415289654916,96.31214189503055,0,0,0,154.25724244579283
358.774564058278,14.312389684045229,2,2,0,313.28194224538015
303.87741485662843,87.06725529941711,5,2,0,284.4057306156747
152.96844429867494,101.31755864722385,5,0,0,135.43419042528527
208.35411580587675,94.36241240744145,2,0,0,156.33704185810726
112.76140043433006,123.74489474894698,1,0,0,88.37621348945326
483.18062226945324,95.95901698076067,0,0,0,334.64592844282663
69.66401887089307,90.1172711376351,1,0,0,60.63427368206714
189.05920836037762,34.02661238380331,1,0,0,128.45762720788684
17.79029124890554,120.21992923666723,3,2,0,67.97397374406859
114.78084850710547,23.340703203241695,0,0,0,84.67172245844678
391.3332134981767,117.63655949150643,1,1,0,293.6278148050727
104.58173998299533,40.64613063496835,4,0,0,96.00631107902191
44.63138425183797,16.921267204096935,2,0,0,52.519936144103276
239.85432402303903,107.4687935452522,0,0,0,171.67133785671544
9.934771193586656,0.32440896810778885,3,1,1,36.81181067217278
46.95924644103492,108.17148129850798,1,1,0,53.44556259191081
404.77480543367267,34.100539465976865,4,0,0,310.72361432495234
386.87930570550515,115.01376545823076,2,0,0,282.7665909382927
457.9937161004235,89.89229369140529,2,2,0,366.22035137986273
427.98514077582104,86.60383327057671,4,1,0,330.8799114382772
343.17190380370994,47.49154321142964,0,1,0,253.09823996560254
30.904764363828104,7.722386605800228,2,0,0,41.129363110715985
392.51006590339546,107.90950276672504,2,1,0,301.844479986442
423.5278513660774,22.21749337294864,2,0,0,321.90591763861556
400.5456621571175,48.39362344631779,5,0,0,323.9707558509764
256.69712247747293,78.04610911618063,1,0,0,170.3353102221872
120.28641013149343,62.69298601288082,1,0,0,83.85937495740838
423.43833796591974,25.825882572271347,2,0,0,323.9934233221051
364.94559082136857,18.280126394696907,3,0,0,267.7842002171509
490.47678132248154,16.022015392537778,5,0,0,357.6036523917852
82.0678358891868,112.19102459489612,2,1,0,97.81328737782076
116.70396861076725,4.102741377973372,0,2,0,121.04878473533478
109.84008419134383,127.01185374798627,5,0,0,107.38666587272158
397.3071849725617,25.808729750103833,3,0,0,294.4165386100012
97.51911174280849,14.341898594280156,0,0,0,74.50167547913158
37.996615762536514,75.00631512098337,4,0,0,59.92312146278082
499.2875992598862,10.398174532290561,4,0,0,384.18312641945266
17.284519665348824,78.31892421126734,1,0,0,17.702091629075227
418.4458097786385,110.58146382576972,5,0,0,319.848265133808
185.85658656757315,6.226742790765228,1,1,0,147.06920136808108
421.5996525801186,103.98291858871073,1,2,0,350.3860600320029
279.5371431495168,51.28206732767543,5,1,0,237.44277741103252
451.30745859574824,20.733782398057297,4,0,0,352.7795898186383
463.4655282752402,22.892542434769677,5,1,0,368.5104562744572
9.503599733984117,119.4393906802494,0,0,0,13.919620606251481
42.32902711643019,14.37874775228638,3,0,0,42.65979658749005
128.92757113757347,112.68176232503542,1,2,0,134.3308858667262
336.31113109993333,70.75180072786989,4,1,0,279.3043564081753
444.69473727319547,5.07730324613708,1,0,0,315.02311283161254
232.67126589051156,60.38189894325398,2,0,0,181.90206109108914
305.4516925557614,106.26843688191909,3,2,0,272.9469938744136
98.30742713380276,94.40636239308306,0,1,0,77.99607710866583
403.45858277143424,63.54171429901332,1,0,0,285.894509643402
483.8274151199675,111.80648436050822,2,0,0,364.9013172569581
137.95647179272575,15.64741903142986,2,0,0,103.27487503914814
249.93884604227043,118.29233694100795,3,0,0,200.5453034014568
47.62747470065503,110.03735710283534,4,0,0,54.77652175040079
281.7726449491694,92.07598733544069,4,0,0,227.102798180077
253.87780371410688,106.3254064767374,1,2,0,228.19362630153728
76.4960596567634,70.69601588954657,1,1,0,67.59755681247012
223.82277549344715,87.7711157826967,4,0,0,159.10678228712672
170.3818027828488,72.87774919201125,0,0,0,108.16724403837536
263.3062832760687,46.20570896603341,0,0,0,166.44127753165972
294.8988960372556,73.95190365695308,2,0,0,223.17511759342545
9.205311410568708,33.47049322915034,3,0,0,28.05275600656738
381.6979615600299,57.236292209302086,0,0,0,266.27823840074456
357.9420744715617,36.500802943831616,1,2,0,290.22688625072163
186.3117611722285,15.975412629980571,0,2,0,169.50437117463002
31.20328810656504,41.8420413306878,3,1,0,39.59997834164906
378.6916071935999,110.75833836402018,1,0,0,283.1162280431972
477.81170443667554,49.540500183499745,3,2,0,395.55493038955285
123.87504003089703,97.24047436595298,4,0,0,107.73804694329291
165.14468379983376,22.775721050960964,3,0,0,134.40694270632906
95.9873802934984,55.17449069179341,3,0,0,88.17379480348268
290.58338105569567,14.931289013572952,3,2,0,250.2905952006609
81.6464903504902,18.02073823777366,1,0,0,70.87071865190484
181.3160020133828,80.26672938570898,3,0,0,158.27700358722728
350.0214418974602,78.97263626837145,3,0,0,269.73068294806416
282.25741158962745,27.73834795613209,5,0,0,243.70546064574384
196.29896934232795,61.675015257543826,5,0,0,198.41405554397622
213.02355289473323,112.22980170713323,2,0,0,147.8640267361189
283.2448868984986,22.646196127942773,1,2,0,243.6047239848185
7.903040304144845,2.4973692995569285,5,2,0,65.49055768510345
43.86238488453688,84.7593682862644,3,2,0,102.60813722784084
441.22274354269075,6.95476705152905,0,0,0,313.66813046597207
43.55009960018893,127.39223101441797,3,0,0,46.05838926414175
354.86778012420007,79.25063689385453,0,0,0,248.1516867091751
460.418891233981,61.1515258697164,4,2,0,401.8282681774581
138.9883841293569,55.89903020315988,4,0,0,130.98000977784727
188.39326134445955,74.49918560720108,1,0,0,145.39375927404535
286.61609589313457,11.781176773627939,1,0,0,222.90995872815617
441.44593997109945,120.90247764653445,4,0,0,348.9982427247419
471.243265693908,81.3334689117441,1,0,0,349.95837330052956
371.0838078150777,23.917204689418142,0,1,0,269.8044891553891
47.87678162307354,73.13553698940616,0,0,0,13.510414522512725
336.23130698975115,17.323345758291513,2,0,0,252.6718172626263
208.10034232696773,2.281853282580575,1,0,0,148.1142353085968
237.99699474807548,81.96720807781975,1,0,0,182.29514291386803
29.328453220862635,84.30283444311661,2,0,0,19.16957125427375
99.5757589764473,75.88055576444401,3,2,0,135.34288863380323
396.3042357291556,23.852816566803,0,0,0,281.44103407321643
229.70962235869058,78.44588160431971,3,0,0,186.93214954844723
154.3228096074187,7.346422320187575,5,0,0,150.50259970591628
195.0894416126543,79.2009862243499,2,0,0,151.85401519253924
427.9277590962117,72.02221248399044,5,1,0,344.06975383099206
375.7545136154537,85.18312800908294,5,2,0,347.45327513613046
139.79612160463597,116.4118287478112,1,1,0,120.21805134781309
63.16341090512479,110.54655368113976,3,0,0,72.3855019350392
129.7391197138155,127.48504490313003,1,0,0,98.03783349367183
460.77444327209315,126.91133428175476,2,2,0,376.6383232470289
292.8864747356289,100.40156013858784,4,0,0,235.42423186951635
269.0727033286675,124.33455088310464,1,1,0,190.4362526150138
300.21483184776844,112.74690516558456,5,2,0,271.48622646920455
186.18399154452504,94.58571848634648,5,0,0,166.31534362961472
404.5179750581588,9.799953103688177,3,0,0,290.24527996742154
264.02669340362365,6.37648547508541,3,0,0,206.98053416591426
62.79021187055379,108.88794377575013,2,0,0,50.67416588776287
68.88723679038617,63.65526152332078,3,0,0,69.54249424571745
270.74527751879606,105.89886896873972,0,0,0,192.64434592757036
468.6022579450654,40.67937518517852,1,0,0,321.25409822463394
157.63430022971838,51.69448158199167,5,0,0,150.19696105397935
435.4228785853131,91.02427373155115,0,0,0,303.3114338358698
383.22731535654526,118.99247580117212,2,1,0,273.0081482024163
127.66715923891888,11.408991682255172,5,2,0,157.97007122548598
22.988670416540014,111.9921588024988,0,0,0,19.644344651942383
55.41439624547945,103.09165423431749,0,1,0,44.46491651082157
365.6044972544829,41.020105194881104,5,0,0,289.8738993540754
103.83652033012011,46.17815983710275,1,0,0,81.88115817903423
188.77910565016992,6.039992038848252,1,2,0,172.1426538410622
253.34108717318028,2.046279445173338,4,0,0,205.22463349836548
364.1067433828306,62.01079642650478,0,0,0,245.078376135106
61.04945551326706,12.420153914650369,1,0,0,45.62917468379373
206.15137061234344,25.220235873977693,0,1,0,171.4753284122169
245.11109002563424,110.07973593846627,0,0,0,174.62533120261446
272.70939666591215,74.23369086255882,2,1,0,218.32286915755935
410.0885174906323,82.37221684459475,2,0,0,298.0901919429519
89.98070654639237,24.372313008149604,5,1,0,104.96360851255943
404.876568654178,107.72603457907454,0,0,0,283.73886042195335
347.97482170984284,112.83737041716718,2,0,0,267.89706679022726
280.15605302848485,68.03258718269564,5,0,0,244.5468465448697
351.2662958492731,118.63251034422578,1,0,0,251.06352600282773
208.9487807810699,109.82772124409561,0,0,0,147.28248934180843
73.50680505422166,95.07214296767695,2,0,0,64.17185712095085
334.55379393135684,95.42986904017172,1,0,0,250.2168928235738
264.712791809383,13.701151613612229,0,1,0,200.07336878653578
321.4905262686739,35.20868490043655,5,2,0,298.12490764588637
172.30939660910255,8.690138576297887,0,1,0,139.71697729549038
453.89895578321875,1.128557199420126,2,1,1,366.46228514970085
295.7480849449106,20.580239079908317,1,0,0,209.02323126718645
47.27422972398254,114.4633337441022,0,0,0,33.44395410340222
227.65297539869218,31.183627674686697,0,2,0,195.10753773403732
379.39624709809897,126.12001513692383,5,1,0,303.9182478452767
398.09660805747484,77.64782994295679,4,0,0,307.78158326591733
249.82554111806058,30.84360339250975,0,0,0,186.59922859637908
447.90004756149403,64.62700445294766,4,0,0,354.8189503245382
137.49587641117728,28.482326951015,4,0,0,134.0751599346639
208.24635513294197,127.9165625637086,1,0,0,161.20972140642087
449.8054707316402,110.1444479076453,3,2,0,376.9815935656265
448.64707465343156,3.411042541702783,5,0,0,347.27978858645923
344.42782056821704,123.21088409077124,4,0,0,276.99933663396075
430.19537082549897,93.73846394937534,1,0,0,296.050378017012
48.94276714333517,10.709562762766183,5,1,0,73.50089777358147
433.17251322284926,87.18290702243793,2,0,0,330.1116402985784
163.70685374236226,84.1004707355391,4,0,0,139.92891310292154
93.27409865196708,28.442536954985847,3,0,0,93.20032507043639
123.48806898931294,98.59807100098483,2,0,0,98.30051796829925
211.8944114668741,11.318411430685725,5,0,0,190.52403401025236
129.34004227921127,63.62787356006221,4,2,0,142.23802298284357
163.68095507816702,1.2900169312014298,4,0,1,173.78568756578503
71.81435060546283,125.93587355631703,3,0,0,62.24888530346463
151.60749895170426,97.70327213099822,0,0,0,94.7605340784005
288.2804881982906,20.650769900755282,3,0,0,236.05465898929188
223.71758550507664,44.41762519366679,1,1,0,174.09292376380643
176.62578681177604,20.873109115062917,1,0,0,129.1207985857631
374.49380378427145,99.6602703368109,3,0,0,300.05738165477027
447.28743583969236,7.656522305602972,3,1,0,352.91204242623553
379.6106653366865,109.25286522328284,3,1,0,294.51496146166414
169.3403475482512,122.48552404864488,3,1,0,148.92489229744803
373.4988730795891,87.96163256481898,3,0,0,294.91146546653727
80.23019032465535,27.685508500186444,4,1,0,85.76089325430694
69.507404105189,46.8117124557616,5,0,0,98.05515657139541
176.0853833328987,62.04118372516106,5,0,0,156.30533170431448
404.81267267680823,78.601220386293,2,1,0,301.30671620051663
126.94238238493942,86.92620167551937,1,0,0,106.58860710978307
36.3104374048464,72.04791299145477,1,0,0,39.44234795603484
70.19621992714576,45.67080970684125,5,1,0,78.56093136114872
430.0787594221422,115.8192464734374,5,0,0,338.62358117569244
318.7227259499074,10.580967542334571,2,0,0,229.43396099280298
130.33457586813844,60.61328705165435,3,0,0,120.78592302072809
279.8714335374498,100.82342900077249,5,0,0,249.03282812714852
266.1519131005484,7.9134464878821165,5,0,0,228.71140953485607
329.44080932812733,91.69357818546915,2,2,0,276.1094446415279
120.42783943870008,106.56251095793225,3,2,0,150.61735437835875
432.87947866122687,85.90806880851679,1,0,0,312.3087903801509
158.13743822960635,1.6817959957962791,5,0,1,164.96236333563104
348.59516871823723,23.417813527186812,0,0,0,241.69952553208438
12.98169995424637,44.4747002559536,1,0,0,17.305715434259263
189.46527929760288,30.37970463294597,1,0,0,140.30142246716284
179.0963598896101,125.14477822956556,0,0,0,104.78318330749975
274.02479214859216,84.70720883479318,2,1,0,217.06205532142585
41.004449579712265,38.60622445570414,4,1,0,65.50576319552128
396.1150299944236,120.86067482650793,3,0,0,304.3319798550418
112.80149687494642,96.27724593190429,3,0,0,83.1639965198654
340.1337183665951,36.99893753751545,1,0,0,251.90241412330175
402.59000100582614,49.2546040222542,0,0,0,284.4386422642651
283.129093339549,25.925751579514376,1,1,0,220.51204983272248
371.7371873273828,126.23961977455684,1,0,0,254.94057647783185
332.6208545464277,67.24854446570951,5,0,0,259.67871541955634
180.98724959024378,116.487369374738,2,0,0,125.28082449306412
405.3849768216148,45.0449702321902,3,2,0,345.070958151084
150.87717809333634,111.90940840267184,4,0,0,132.19590869922303
287.750394287001,7.0052902955313145,0,0,0,201.82196204206238
373.9718808750621,127.67174127815744,4,1,0,289.2480888923631
192.58317535719127,118.56446771432934,0,0,0,125.05257686857593
154.8699657706254,47.216382820965144,3,2,0,144.45514903199
232.37627503554725,100.71388149089506,2,0,0,166.3203823472908
409.891929702831,97.79353044159738,4,0,0,312.28515417292493
465.31127275710406,117.16312362338111,0,1,0,332.06988539261744
274.8162893656456,39.94314754674544,1,0,0,200.57934531944184
332.4257716352077,60.51760069083944,3,2,0,299.10815570906084
452.1204430082625,112.4499496387869,2,1,0,336.3430208922223
53.78069144940648,101.21532903757809,5,0,0,78.36194278199348
119.8788960437517,51.15067343623629,1,0,0,98.82474632432314
355.9055030945333,109.94428027857587,2,0,0,275.97775645257843
412.75350864658833,6.104025100212194,0,0,0,295.7634938733548
429.2293690236361,101.66601938518872,1,0,0,310.8450260967457
210.47805254319164,26.87956172638108,5,0,0,174.85240804670696
49.22325163447408,37.19571801709233,5,0,0,73.19841258061213
221.70183126331185,64.11792966742718,2,1,0,176.50881626416077
119.21362215249162,58.46548513909661,3,1,0,127.13918184878364
149.14224522332896,67.67411389308452,4,0,0,134.898298571119
387.2724406345654,70.82082743736309,5,0,0,307.92906133868297
42.385907582814,43.0985998340946,5,0,0,78.66281927360433
414.65270265294754,22.779576692213897,4,2,0,353.15464723237847
216.6961974829637,99.90255980734977,1,0,0,160.13325572901968
300.05164589479455,51.99689938132847,3,2,0,287.4856915002703
49.37785446166111,65.75931211967767,3,2,0,94.8510755200435
171.99274378685342,83.81057338564536,2,2,0,181.93288980290706
49.401954912348664,118.25292989986528,1,0,0,55.60607919890304
480.9641428261492,91.98186804822859,3,0,0,356.1373313970018
404.59451641649395,5.909699326749987,2,2,0,344.17510235998895
232.5182134064478,109.01284724174229,3,0,0,182.73576443830228
115.68326142021719,128.6161519665775,1,0,0,107.21822398434556
467.06027709867686,61.42305329827968,3,0,0,364.28220273164465
175.57531488485102,126.04674373909809,3,0,0,152.22514787642487
84.6872936852505,71.15273650460942,3,2,0,126.7806453405868
283.76637228470764,59.75007946335347,4,0,0,222.84535554567415
472.168189570684,43.08261941456916,0,1,0,357.7531217553752
6.895993797659674,85.48213385833405,1,0,0,6.0
122.87179741072937,29.876654668255796,4,0,0,119.1963293455404
469.53158200315175,13.641448406872561,0,1,0,334.0084167104626
89.68755359429521,3.54082333594783,5,2,0,143.0523500435363
61.05550856171083,38.00941465298429,3,2,0,116.40367093548753
287.24267182090324,51.45020818171497,3,1,0,237.4234197072389
431.6126925309408,71.76997051656221,4,0,0,336.3035165586992
241.16935975849344,38.057477274310834,2,0,0,183.61463352360454
497.30930705883975,127.92774441010346,1,0,0,359.14602271800004
341.18999127130644,37.926871871351786,0,0,0,237.81834967142018
41.66707906917163,57.32680049803313,3,0,0,65.71219689604521
496.45190518257783,13.425901519147043,1,0,0,364.78239748183495
206.90764720619427,33.881446733819836,3,0,0,164.52578305346339
147.26425425351385,6.283178172568842,3,0,0,126.09479358671027
281.15019587105337,72.73612234685264,3,0,0,246.30197501669247
155.63225795132783,97.63840880721612,1,0,0,119.5074462579749
47.7964660244754,25.44227586368883,4,1,0,84.61524342014985
5.707029824192476,47.8284219160892,1,0,0,6.039464624749123
227.54375969552984,2.1601094745308735,1,0,0,172.081496194037
419.24739400216316,109.13786724388757,5,2,0,362.3188386912536
288.2960168868879,101.39525824111703,2,0,0,213.08527610961627
499.6076129770032,8.223024013658009,2,2,0,410.20787585718256
146.989089595364,47.43278921165347,4,0,0,124.49666650867306
143.8252570562274,124.1872598004344,2,0,0,105.19537287119998
84.07598281580238,50.96351729026701,4,0,0,94.31479829334653
86.21147619134092,68.40712797412209,3,2,0,114.06146675252224
146.16736502497366,46.18157193134618,3,0,0,122.25695876786122
397.4558224103959,77.49708045667404,1,0,0,271.5470119387206
453.3496113650417,127.16039383278688,3,2,0,366.1878161977444
487.6681490053022,129.67532545255563,2,1,0,369.6224456577172
119.98337877774405,100.71294714145485,0,1,0,91.59195471032089
441.2422850789754,52.56044274265711,1,2,0,362.8477224230914
167.48626919228184,64.27618610776848,4,1,0,147.92810772727694
60.856069535857785,46.37507265459971,3,0,0,63.06266924938301
435.662338132482,128.124701887565,1,0,0,315.1447226345444
319.8722891485912,92.00883975730248,1,1,0,240.1550485422007
86.54179356012556,58.36108790635647,1,0,0,73.66589959814415
217.76647246893626,1.574985114248304,3,0,1,183.54552446603427
147.19255896414847,67.66284387077128,4,0,0,137.31129520088965
369.7133115115475,127.91066622121032,1,0,0,278.4260591841375
229.4410341590127,67.99791816649675,1,0,0,161.74837695115733
494.69357282766055,23.715469113584778,1,1,0,369.001484274654
32.098766218499584,2.872187123620731,5,1,0,70.87435025507885
180.7325567374421,46.11148855614718,3,0,0,154.47500443283732
243.54058271943882,119.3696472405589,5,1,0,216.92441983026833
254.0511096004183,129.55203406286452,2,0,0,206.4948260638695
161.3882320808902,122.89783672556034,4,0,0,161.71369237081916
365.97392330329615,94.82459912305337,1,0,0,271.16029310613237
437.9998013770425,72.55855469728519,5,0,0,348.0015398315562
469.6660544790422,76.78919902969277,1,1,0,347.8529926853172
403.5212215157655,70.06896118195492,5,0,0,309.01665899207745
426.0371976667667,91.91640963998849,1,0,0,295.08541644337123
277.5199238068978,54.45351947039582,3,0,0,207.110728222486
413.8146720812732,86.99652064424951,2,2,0,344.8961274440276
155.23443502823636,15.809574944436134,1,1,0,124.04267956181492
202.24698724406113,34.54038985299289,5,0,0,192.5066277759275
161.87194184017943,108.68039504512183,1,2,0,134.91586527395344
236.3567310467231,117.48736099664085,3,0,0,188.80659143466454
146.361910038125,70.07107088283897,4,0,0,136.01479483647284
480.9976639159512,4.112630237681212,4,0,0,376.40691585081163
159.85809086280574,120.50656420292985,2,0,0,128.53091586957188
53.53204636491522,91.26835354354724,4,1,0,78.87048426239768
265.7744971949546,53.8236300881969,1,1,0,205.38981446018374
33.2640438303623,77.78926261593453,3,0,0,49.038272121740114
59.71886732274736,55.8707284773776,1,0,0,49.180956492992756
113.59774765214192,60.49409947516663,1,0,0,106.4322522233002
234.85337369166012,115.28528253572222,2,1,0,194.37945277294938
219.45921149296882,20.9409520992245,4,0,0,185.48888982917939
400.84747169138166,13.476987612690781,4,0,0,305.10803609311336
371.0399536726361,0.354736786692047,4,2,1,341.6299215687507
216.02755552539716,40.82004882957647,5,0,0,202.08112234454143
170.18358274993682,19.163789642975562,1,2,0,140.96480488728582
161.6520481104418,28.59811436795445,3,0,0,136.2185188298007
388.12756821053443,1.4610677464990007,3,0,1,313.3480951830951
30.775841079528522,29.535403909401417,1,1,0,42.42488647007504
11.346716507749884,43.25250565120861,0,0,0,10.396385665829973
398.79447400369077,4.103774533284572,1,0,0,302.34428114713575
241.1874561145794,79.0275361586292,5,2,0,243.13382433316758
69.7861635840201,73.94404535488853,4,0,0,77.48384729353651
121.60513762427813,12.614651206290258,1,0,0,101.60503748013687
466.58945678320435,77.35127107739213,5,0,0,379.1527438845096
430.4539729343245,129.8250094191541,0,0,0,310.03148574497004
356.3435998608664,122.78096386550028,1,0,0,267.8405524858516
243.70148901697664,0.3472291377962289,4,0,1,216.867942391814
262.56019496473596,103.39918047294675,2,0,0,200.86525146565407
487.7460449655595,45.968685910743176,3,0,0,379.2629145204388
483.05636972272214,8.274678143501564,0,0,0,345.72137000542205
111.55817766398796,38.47781778310705,2,0,0,90.96868005742027
406.49676032113246,41.8257471206851,3,0,0,308.8318446315328
102.63511975267332,68.02175111017739,2,0,0,96.1826814381574
110.70105155255594,85.94088974495111,1,0,0,95.47796183589801
339.6660519114655,97.37722958709304,1,0,0,239.3850916629271
205.47554380083645,31.967395533224668,3,0,0,169.90488180542403
466.1144815177275,41.830174132304606,3,0,0,350.5514013707102
49.05981877352437,40.089621891765574,1,0,0,41.24063767778971
258.20519220069906,47.15579285571394,1,2,0,237.4352601661346
459.668157569345,129.95532016432404,5,0,0,358.33379737813937
452.53626193735505,101.13262936756536,3,1,0,344.8571674380687
82.4819606407919,126.74876048493061,3,0,0,72.48763871300706
186.48566154774596,90.10443774111744,5,1,0,175.066015182264
311.46509302311466,52.81519121414696,3,0,0,234.84049630319515
83.90046796184407,50.66674387150674,4,0,0,80.2408238749208
484.1709751626407,63.51554884675586,5,2,0,405.75801604262483
457.8009177201919,54.193071837376856,4,0,0,344.4787046419978
87.64033862206225,107.68241199205694,1,0,0,62.21627693794669
64.97195332418778,60.450261693470075,4,0,0,78.25402978258882
47.27719899009132,38.429866827409974,0,1,0,24.732297760129633
455.1746136981324,100.73183493056473,1,1,0,331.18394808447704
100.84378584875309,111.07465321958131,0,0,0,70.28267966818984
211.0610396294556,54.65576429825868,2,0,0,173.72188484945426
227.18142599774148,86.81511434771916,0,0,0,158.15001617612828
301.5104668857159,7.644589405479618,2,0,0,225.85100749073774
40.50899515497536,68.83043075629067,0,0,0,27.803064479473644
117.24551561325539,5.847547906916047,2,0,0,80.74835154888662
466.0877415248684,3.7948092642808495,2,0,0,349.3349495729374
454.6630030979419,79.68023056795607,1,0,0,333.695384553979
391.7388704658176,39.43359971134833,3,0,0,305.45202105651015
14.60361658101664,96.5298311192105,3,0,0,54.46106771091341
166.86835040557054,116.49073288223698,1,2,0,149.30272938881197
315.83957399473934,18.12085258494559,2,0,0,223.95334166189437
141.21915482787045,94.1879690152601,3,0,0,127.6369151216524
455.2454140516198,66.88759977748462,3,0,0,339.91230212576625
318.7752836070587,14.575502521150852,0,2,0,252.14719297020898
40.59382507164057,84.70703884249421,4,0,0,54.911402546063435
454.957766473673,79.23068440384147,1,0,0,322.7815660614731
479.09449579723014,67.03344276210173,4,1,0,391.50734358469
43.46764710390412,120.44125659275555,2,0,0,65.43935575073027
268.5183162563509,67.74036049352215,0,0,0,174.8222892647447
155.16531969601436,128.76696500852762,3,0,0,117.83952164249277
199.4553428582942,66.19974580025443,5,0,0,169.95769468181462
93.92735288789423,15.060764979177787,0,0,0,60.095908486931876
291.1456904961442,61.16126263975395,1,0,0,205.73726103581603
479.1997798582008,23.702739132159262,2,0,0,350.91056051930894
254.02093713444648,77.62735307826554,0,1,0,184.2873835942883
46.04271779026817,90.10718277516816,0,2,0,56.3182286335432
311.90066007131713,60.89658623192218,0,0,0,210.9238976472716
173.41038225337223,12.70138579880927,3,0,0,157.9243781393253
428.6829688476924,60.92338181586188,2,2,0,349.78270849540604
220.16568341665277,10.589047915472051,3,0,0,173.33339262241512
100.45560642641158,88.67637421584942,0,2,0,93.22590551796091
99.59728323211675,102.74786923246138,3,0,0,87.73501408869785
385.5382694569744,125.10944253951507,3,1,0,311.3927826592667
136.46586116214314,19.344273926699337,1,1,0,117.88880647950218
384.78053010881536,69.21464361932954,4,0,0,307.70967964092586
106.91421882946669,73.77985777960441,4,0,0,93.43648666552481
164.23475250714816,119.92194939152736,1,0,0,112.15385438382289
235.41605135765118,81.54596327754685,1,0,0,183.57695775202615
471.8819455982581,18.916253933891742,5,2,0,412.5296053281685
466.2070552531432,56.7256721152146,3,0,0,348.361168263525
107.40157833403246,85.11912870581257,5,1,0,128.4902412400646
182.31842541532103,91.03697616900865,3,1,0,148.46839176641308
78.9526972846173,112.19961981677456,2,0,0,58.93110276014092
257.4426142601811,23.465925579771632,4,0,0,195.96704792867178
232.98836259385996,123.7004790782148,3,0,0,189.31560749269866
450.87628041311257,7.688123562026993,2,0,0,334.6160705733162
465.35266200658094,127.88907749395726,5,2,0,395.7824833230167
194.8658585486096,111.50972207263311,4,0,0,159.3288372536914
248.41028179439976,85.83546175908226,2,0,0,211.47937164257775
448.63694332733587,95.54941503437482,2,1,0,337.75272222994164
404.3203648338054,9.449960769443535,1,0,0,305.0952136017272
6.809874115601392,5.39238217627881,0,0,0,6.0
163.42948427087333,13.229553551677519,0,2,0,146.85557452698907
213.77824975838232,11.356775906337912,0,0,0,163.65222953535093
118.7095604231997,71.15956035102657,2,1,0,114.30466091188494
103.78794986848968,28.007718324532586,3,2,0,130.64510105313153
23.703330764861434,111.82673283687444,5,0,0,62.93518989861686
323.46801390953146,57.947320998849385,0,0,0,251.0131214052464
134.942593789167,90.41636193957574,3,0,0,110.2624153171832
30.91185332349998,84.87350208612078,4,0,0,54.865761578471954
119.3347587113915,41.58089506086231,5,0,0,116.55340879318888
401.94740665388264,31.611784558344777,5,0,0,311.31671198053186
426.4871449150406,44.51931708856257,0,2,0,328.3893482767481
244.1177913706848,103.56558860047888,2,0,0,201.0494392817096
210.95498185229965,76.2159902945504,1,2,0,175.6865534888074
489.03757828338195,32.960026127492796,2,0,0,364.1737306615296
104.2795064960946,106.32003759785593,5,0,0,102.18187571042584
111.6028450130312,7.118720194339875,3,2,0,152.33093339683984
149.47425263301787,90.8938387487384,4,2,0,167.85354731230956
90.51487254913822,57.08310474741042,5,0,0,96.616782151616
192.78597111107237,95.06775018856547,2,0,0,164.60979864238158
455.8629423599281,120.56996643164548,5,0,0,365.6768071125239
309.59718111114427,97.5044327330975,1,0,0,230.7272295259541
208.9135415630705,57.45549619047971,1,2,0,197.92068987936653
467.5333433127513,19.626838596804497,4,1,0,358.07407415716807
28.98979507553205,104.82562685470639,0,0,0,27.138803609042327
109.08670806142138,59.89171849977831,2,0,0,89.61089423342816
285.1148595253707,9.790602049426873,5,0,0,240.50587019272203
309.6985484806237,93.47720171099257,2,1,0,246.37171644032128
24.580965748493504,37.94075556915666,1,0,0,14.556688191247298
204.50418516403042,6.35546983567408,3,2,0,207.30029877247128
326.331212591282,117.35763194663011,2,1,0,252.07422857233905
350.5449204696838,62.80314197220831,1,0,0,243.4841802589262
320.8792517455533,36.524936912492805,3,1,0,255.78390897339392
163.67879605865764,93.1302525250385,0,0,0,115.7181997155008
51.292461180965205,115.16730909873328,0,0,0,41.54913020797534
216.42066097757038,0.03991975438821349,1,0,1,156.47290605566587
68.73344649718746,89.42078405547998,1,2,0,95.21095300808108
474.0737109677302,99.71152022239478,0,0,0,330.0335260539381
240.20957868120098,27.290565546334086,1,1,0,193.04856361618926
162.04329130664945,63.65109808332267,4,0,0,143.1667044293121
384.32051520385556,11.607166859331656,2,0,0,282.6846360164682
251.4845533282206,97.07748472699518,4,1,0,213.7210046651988
158.46684188616277,110.16928241323582,3,1,0,145.45963489348193
406.92403248344687,14.064265452205877,1,0,0,302.6116781867694
434.2403147455554,106.13983294626851,1,0,0,305.70257343543415
338.1390423128951,100.30412216298936,3,0,0,257.1934440742117
28.24738909179531,45.09873164821665,2,0,0,47.56344793392947
285.3298256824334,89.73763889136583,0,1,0,207.15928347742908
382.8309814386544,0.006256106260527083,4,0,1,320.3388815340346
72.56899098137318,121.13369508057981,2,1,0,63.517442665322285
118.19202193537866,71.54982059008847,0,0,0,67.99909692214901
441.8350770087275,80.64405232805993,0,0,0,302.5217399854348
14.960252317271648,86.40572376008282,1,0,0,11.551149602150291
377.5999332238581,72.97797223838768,3,0,0,297.50032981091636
239.51777979463935,111.3793053801302,5,0,0,215.41711033687295
226.1522186256054,79.26123817970071,1,1,0,158.50897744425063
8.512783584969153,118.00879886126144,5,0,0,37.13781745341029
410.60212432841394,75.70311089042116,3,0,0,317.71689821695065
183.1133258151004,22.245914857473657,1,0,0,135.5082871613663
272.6789874937687,118.76313225910938,4,0,0,234.82031148207597
340.2638397361514,88.61157478677097,1,0,0,253.44774829293564
352.80164033676834,90.9010692766223,4,1,0,284.42728606382536
478.2101291189058,128.11262757430822,5,0,0,371.9520668025953
268.0132768521215,9.775552047245291,2,0,0,203.07473399040686
202.86117773234164,55.717038922372275,2,0,0,149.98250888727503
477.0832951133954,31.082401088259974,5,0,0,381.2176061244187
322.84456633763295,81.95544041277543,5,0,0,270.57214148035604
152.58442635689502,104.88551888724935,1,0,0,118.9950908078566
67.59980147476773,125.62039215601365,2,1,0,73.30067912757842
422.06447822526474,59.09749390411361,0,0,0,288.7640869712427
184.27989338310502,102.20836998353855,4,0,0,163.41766353329106
331.93251207539345,119.21670696524934,5,0,0,271.4672248954369
238.05412758611956,88.83230622966502,3,0,0,207.6586295626188
103.47024099854399,31.555231818470258,4,0,0,90.19819729421123
302.8348712671302,79.02103964401289,1,1,0,223.45613299167647
35.038119130587745,126.09376621623426,2,0,0,24.852988960478037
209.60451763624016,128.3819977520035,2,2,0,196.3939519702659
275.57439513351716,83.50677708318116,0,0,0,178.85500813522918
220.84325218869662,115.30840852335861,2,0,0,180.95886921165598
375.59272674924046,26.045417300318363,1,2,0,318.1544134851777
414.82285249992964,31.990218643788182,1,1,0,307.57944337090515
386.7653216464231,123.87538967503176,3,0,0,285.48731918575476
24.212409166842047,17.58059881432503,4,0,0,32.17418941603163
101.09374137075625,24.843836952152262,4,0,0,93.82550649465252
270.6207170855683,54.671317885606726,4,0,0,225.45473088205685
467.7369100196816,76.64595740793555,3,1,0,353.68375639221944
418.30360365079787,78.49623846587532,3,0,0,334.05031757285894
422.0545816341418,37.95688112652337,3,0,0,332.9371401125953
155.08805591103908,119.67980673354526,0,0,0,109.48133731019692
217.57670905395776,118.96298798902215,3,0,0,171.02674503538853
237.999443921389,50.96884689680842,2,0,0,177.27684437620357
82.89893375820566,56.45793002593862,5,0,0,108.90228526229103
20.378724471005874,91.32462518710854,0,0,0,8.474723995517945
473.71693523295585,86.18946653185711,2,0,0,357.1977454449221
124.15272990343583,49.698611944925105,4,0,0,116.63335102592238
123.7747073431975,53.85175269773045,1,2,0,136.99244157933936
46.27263161553597,45.245062644800065,4,0,0,54.07945845743592
464.6113372121704,30.600050903930025,3,0,0,346.56467655477763
291.9698718951871,59.557987180138156,1,2,0,249.0787374839756
335.18324427705016,89.23643714733025,4,2,0,295.7176375777062
456.230559195211,96.45567169085808,0,0,0,333.28811813275473
176.0819836058908,101.25357427327513,3,0,0,139.01439173128148
312.6461190133516,48.71516174890579,4,0,0,244.29808885257998
24.205730090799292,99.40267925704657,1,0,0,36.51469792380422
97.45240147440902,0.8471210399437856,2,0,1,111.67427558368354
416.4666735195215,62.016491903194684,4,0,0,337.0682843764753
384.5503363874762,103.2075720172498,0,0,0,254.27283779681483
178.5681322712877,81.90581368337592,1,1,0,144.05459810934445
191.52126074823516,61.628206140086,4,0,0,164.80401009690476
269.1094446090218,83.80346085882539,2,2,0,235.30401199929682
5.119297319141602,117.9029804093263,3,1,0,37.13375614575553
124.41594633882379,73.62963407932696,3,1,0,115.53004537189487
108.07474526106616,103.97220488981381,3,0,0,99.34598589402525
128.9890586411329,127.49655427927568,5,1,0,166.66798027715961
403.92339205405347,91.72386626982367,1,0,0,295.1765712682527
143.43855899048935,74.53234930557826,5,0,0,140.48293190562433
99.80305441482334,4.873173126294233,2,0,0,92.24018889619433
254.6104130925506,48.68212677309638,2,1,0,204.7507982560614
433.4942930045023,73.50755535696538,4,0,0,324.9136774471492
124.46810339956244,103.63685432178423,3,0,0,94.63943213151933
43.875440182435355,56.95362265418491,1,1,0,46.90727938799013
181.42034424558403,124.80757584942054,5,0,0,161.6394202121116
375.087653159664,35.33318784107774,5,0,0,283.09533642649245
277.59181962392336,96.79373537734114,3,0,0,232.2117015579627
409.312717939302,54.474084220936575,5,0,0,325.8896518180321
479.9981130665708,63.17850429356776,3,0,0,373.3771246507357
397.36792599205046,104.32526440250723,4,0,0,289.2082460257944
303.88252402765795,38.50798401472172,4,0,0,256.43169458014836
249.20408608592834,12.585567357368607,4,1,0,209.34192092933694
24.834197742392,67.63322599974553,0,0,0,28.862442872456807
492.23937951295045,68.74329953448733,0,2,0,385.396907685193
194.82315567464605,103.63181038929858,5,0,0,177.60153650232152
80.35296588884907,125.88149681017323,1,1,0,77.01039398992752
335.0208834212461,7.189089222685291,1,0,0,239.85909019081703
145.72270310225238,76.91963158660415,4,2,0,161.8444519109413
294.9602441108686,88.56620894092399,2,0,0,219.35678943163703
295.4501143830727,128.1541755973078,1,0,0,202.50583904276886
225.63626134692024,122.5367278559985,5,0,0,190.94626233517357
418.8787146947961,92.61859941255707,0,0,0,289.40796964204566
136.1586954699443,67.83262346178056,5,0,0,118.64887215769906
227.07313285077842,20.998109898903966,5,1,0,209.41491378790528
271.1576036525309,49.94295217657426,0,0,0,191.47482417153444
333.4942367798133,76.06590225743007,3,1,0,268.22207746031086
393.0660660002668,94.27605155744799,4,1,0,321.5354566527562
200.42960502473676,82.60194247228459,5,2,0,211.3389806789393
324.793237327815,92.83596423760636,2,0,0,235.21736686472903
79.55242176891697,55.7898255917467,4,0,0,87.69012887017915
466.6608097685269,94.59154777423117,0,0,0,303.1078609434749
194.61410917839675,18.686363282563498,2,0,0,150.8018094790128
366.11310387833703,21.136220529204763,1,0,0,272.51929681859315
15.068835531677935,21.168178957830165,3,0,0,41.65915244287102
106.56763573787946,115.81244441465088,5,0,0,106.45922445613868
246.10585944017112,9.884428230122484,0,0,0,153.5492980488548
439.73497152751156,104.19608845535186,3,0,0,308.3017636321331
265.9912992255852,30.36421674607583,5,0,0,229.50103312121394
465.2858887354701,60.89589226438259,5,0,0,361.25125036296123
244.47946380848418,119.07435741053814,4,0,0,219.52943083665963
247.77230288429521,76.17183985937588,2,0,0,176.5981634393807
64.27466030776328,27.315299210206618,4,1,0,86.25137158246622
402.3148408553488,36.931707841444926,3,2,0,356.54811120349154
127.24787917119593,119.65806110645214,0,1,0,100.6801897241338
450.30818223929595,55.52871026429718,3,0,0,325.1371825025176
455.8579890635461,76.30811279088263,0,0,0,346.7356114751596
471.9385053777041,59.79118556130054,3,2,0,404.9583497329715
262.5140921060295,49.19695144629845,4,1,0,221.0588508729951
340.16142346790394,29.02628650121225,3,1,0,278.0845326753026
390.3653606305234,89.20489506299828,1,1,0,299.2189697092255
69.85223623198047,93.37146341537566,4,0,0,83.8834006334269
302.4738115237611,35.73506190896193,3,1,0,231.6752228091639
21.977461145139277,102.57140959712795,3,0,0,40.03092057488108
251.2952112774193,111.08957603921834,2,0,0,204.9312963336865
81.64712740201257,119.68776251115194,4,0,0,90.97401134317734
95.54684835123193,20.957613809388093,2,0,0,85.41919315104941
185.69854551283774,39.51007886972463,4,0,0,155.04990692202014
219.056397524669,111.84593517548043,0,0,0,146.4922372769105
313.4703501434327,25.810226367626218,4,0,0,235.92053185957533
41.842067127065256,0.4508997016543981,4,0,1,83.15275817692478
254.3274218125351,113.20755033271249,3,0,0,199.1372799242636
95.39943947528505,42.438427427678015,1,0,0,62.46836430216896
289.11771164071223,53.884678268063496,5,1,0,257.87076856847864
320.51528306928583,58.023423343682936,4,0,0,249.76388245075566
280.5710819936627,110.27569808673971,2,0,0,204.72939142276465
370.4562776867623,43.92597879714985,1,0,0,264.2323168319692
171.12657589924615,115.99638516134263,4,0,0,147.85742670796932
383.7277628583998,80.20208794624624,1,0,0,282.1888547699748
219.21970544555586,68.54727412437896,0,0,0,146.86549917207682
244.6713266696854,42.329885926570114,1,0,0,189.00253664627564
325.81055299423036,31.682520516554156,0,0,0,234.34198605619588
14.08740007961586,81.12759756105532,1,0,0,12.512082401391138
328.7271396030229,58.096240807354896,1,0,0,237.80457848344562
311.1996487906971,118.36708129116082,2,2,0,266.26666182601787
158.37432279287356,63.91303309482647,5,0,0,148.38642217802024
47.468171025247294,66.53333917115485,2,2,0,97.5858099510568
50.01304770695537,54.1740265476801,3,2,0,89.00690092626274
461.99575475768813,102.60418960886705,1,1,0,344.01984281332767
346.1932640067894,55.229095754205154,0,1,0,247.08447081866697
67.9157938165165,35.01445996746814,1,0,0,59.92815573889744
181.57796880790863,112.06401365815627,4,0,0,159.46034374606236
298.27908198129023,77.58766877748124,0,2,0,258.5165003201726
418.6079940198711,76.89632856997022,4,0,0,316.82528320775907
26.61215971293922,79.40688693131045,3,0,0,46.60023180356404
122.13340007765439,93.44916726673668,4,0,0,126.38856379083678
445.42575019621313,40.69883861063369,3,1,0,341.0796169873567
9.53694734098916,4.39976820829037,3,0,0,27.189380436718817
104.69255588297426,105.37711091401125,3,0,0,97.21727088283062
479.71696710661814,16.757657004612867,4,1,0,374.2945334809245
308.6339140284747,93.83656583737074,3,0,0,241.05510619660026
134.52732648556568,10.700988777352737,3,0,0,122.62139181922323
38.16059172594456,48.79001946370397,2,0,0,40.31110368830578
18.95471352137497,8.193389078099973,5,0,0,48.28360860852423
126.148814420279,67.8877783516042,1,0,0,98.64617807271406
441.3354806965107,84.90765046160476,3,0,0,329.5384119303544
210.8772588772672,22.28630835316448,0,1,0,154.70711631796232
361.56501773716656,48.31159039699227,0,1,0,256.13262286956416
459.5510925130791,120.93113383559697,2,0,0,338.4097334066278
206.9800284933942,57.51058522396938,4,2,0,214.93329820284197
99.68229866351155,104.33066396695237,4,0,0,96.74173947105464
260.9733757741751,120.53401685782718,4,0,0,206.05490110546972
454.50142509462796,126.66495724704724,3,1,0,350.5585852293789
403.1653349981618,116.78186255987801,5,0,0,324.1610858846437
37.58577246476112,41.26269279066599,5,1,0,72.68285711812457
347.823536038403,125.13447520095508,4,0,0,294.3884457784585
288.08927361718213,105.6113814269861,4,0,0,226.24939112464847
454.1942722914806,108.8328258731334,1,0,0,326.45486953227623
65.62830134089714,1.97248794233852,5,0,1,107.33953695812781
269.347876036305,124.05105223137818,3,0,0,205.4757938383221
440.3340332883867,101.1517291003363,3,0,0,349.7779933954849
207.96177443716277,99.835774546027,0,0,0,146.83809129386893
243.5874842777692,10.598215020716212,0,1,0,185.99440063895395
39.878035445144356,30.23391033953306,1,1,0,44.520324212313
142.68110202221087,125.09401646792689,2,0,0,124.28381351859828
165.63079133862894,65.08801972471191,3,0,0,128.95025221548744
472.83561212871905,51.72154237084329,0,0,0,347.9129421930822
144.92034346787372,109.19230622909878,4,1,0,142.18218228090814
233.13002395847775,11.354253834812763,3,0,0,192.0884997449716
337.2956896643185,54.20246211523771,3,0,0,253.04569718409704
85.28076934189932,48.841100674870866,3,1,0,93.83337724742137
245.78898163522788,45.480680313951055,5,0,0,200.7861950273837
370.57682454057425,39.999991674899505,0,0,0,272.16444072795457
434.0933304483977,27.309744382710146,1,0,0,302.0105457298627
314.99834095790123,22.478404388767885,0,1,0,232.73933084830023
336.1814900818892,83.25279519955762,4,0,0,262.60874619788433
67.51031892936163,119.5213293571282,4,2,0,98.39069178596914
473.15936613694186,66.1507138824846,2,0,0,339.9766181135829
70.62416835481876,38.73669180506376,0,2,0,89.8986976738735
388.46310390499013,20.690825703889423,0,0,0,266.14023683558895
136.08407928026782,107.91863745683725,2,0,0,104.43681499389135
467.1286061321195,126.2939673415178,2,1,0,356.4979407782347
361.37997198789236,45.39020219082074,3,0,0,284.92531857873973
378.13778792429264,37.82355532177676,3,0,0,294.46778016494756
113.43429066464225,78.19408388674238,4,2,0,144.45207078191362
224.3047884344046,100.79276752394534,1,0,0,167.4915434131214
310.8175313216968,59.20236446145636,4,1,0,258.26932209858967
386.13694101226747,81.9095094819234,5,0,0,299.24004869032376
56.459891076632836,93.15137884302794,0,0,0,42.36899257639916
481.37083164499154,124.8769974213033,1,0,0,337.58383934691483
445.6592319245052,21.454852967610844,3,1,0,350.71147251289915
138.82255229531427,129.65972419729803,2,0,0,113.60861061953655
412.2663203010043,50.980365181359744,2,0,0,285.93371959861094
261.5703419047126,94.01601855445199,4,0,0,222.24994300034263
233.59420837319922,74.41386913648964,0,0,0,160.19174374527557
160.64488237664568,63.26692021114921,0,0,0,107.95315155699052
292.57945038263824,90.74979793510624,2,0,0,229.52980273876926
366.2951132632809,51.448000529067365,4,0,0,285.8918985867397
208.41178795656532,16.394297573784833,5,0,0,188.49091281847384
316.4635005391046,63.55613980576117,4,2,0,282.3057995659417
351.15989597187536,67.84906318870142,3,1,0,285.71059687393597
357.0052994225665,26.247279941992097,3,0,0,275.3785440062345
30.723218574934222,121.63051632272543,3,0,0,46.93122776796049
430.5751638141081,29.571834064017864,5,0,0,338.328697189324
231.83539080869872,53.1995872309327,1,0,0,185.51644056366746
134.89596043962615,20.140859289814028,4,1,0,149.85466682332952
124.67343120244239,69.65356400430274,4,0,0,96.97132004413665
244.09198585775547,39.99288905301166,5,0,0,216.6374269867321
443.9816120371348,63.60542759689092,3,0,0,325.28111920453273
192.28205293291023,29.20019913956625,2,2,0,190.71559954415233
376.11424465785393,6.990766633333047,3,1,0,280.09332326795277
52.92527183867321,101.29946464069319,1,0,0,48.188159409027506
240.64806756477557,83.34121691475559,5,2,0,234.3430862979816
495.88463949440415,44.29611624243167,2,0,0,360.30682667767
386.3667123822068,6.174249208701889,4,1,0,306.6405964629975
109.21160177810344,112.52475815062571,1,0,0,77.67958594681794
253.2135294804658,22.073350641638314,1,1,0,188.57228546838144
120.64425800604045,120.99648837658565,5,0,0,117.57852528437266
207.73265899494208,62.2173992174746,2,0,0,159.64943740331873
391.14159174880757,44.250272288102884,3,0,0,300.6081339595055
386.75628356874984,96.4287319958253,3,0,0,311.35081732477175
117.90968706168064,113.98912278977414,0,0,0,74.70848449350385
461.5005424866558,48.1927632739424,2,1,0,350.3054670103539
298.32125046858926,52.954687782124346,3,0,0,239.13357802486138
193.0625240261972,56.31056851513566,1,0,0,137.09940115315024
253.45811248652603,119.90199799222698,5,0,0,194.59617882460316
304.51027045168314,90.03331889686325,3,0,0,219.36492496644615
282.1458132636638,32.19399521593522,5,1,0,224.17734348507364
245.7704925904082,24.049960675257324,3,1,0,217.94610555545373
254.94173802425306,29.94779624522609,5,1,0,230.48627151517363
92.32389566180366,34.26330559411726,1,1,0,88.1735869499253
407.3027876308163,29.923853873420196,2,1,0,319.7405227430094
273.1713583708026,85.6058381350115,0,0,0,187.64760484109712
69.88453154382803,15.071356385475825,5,0,0,106.05765984312944
384.2477652834751,50.35660366203489,3,1,0,304.8529160083874
466.55976929678866,81.25696448614764,5,0,0,364.68135508716875
473.91691512229625,37.811796612581006,5,2,0,416.5196034765243
187.6637775435305,8.485670011215543,3,2,0,196.07424771287884
72.08085241257325,10.637109969975878,3,0,0,84.49601507123646
261.6078151833673,16.375680919609223,2,0,0,211.60883933172522
60.74156852786424,108.65959323286017,1,0,0,46.897182427439425
467.32377216374556,85.52225572864607,1,1,0,347.75882726842394
95.87191554079726,8.387913442693822,1,1,0,75.6915350218589
130.11910067582622,50.83895428968458,1,0,0,84.39423740070893
206.28508080806037,36.21607247011853,1,1,0,169.34417318030614
194.66641193676728,75.14521451174403,1,0,0,153.22490767213804
398.35813173695504,67.96477345740074,3,0,0,284.9538158845312
230.87682617272637,62.546123038062944,3,0,0,178.1170047307308
89.53028870165176,40.886608148439706,1,0,0,70.90260142650621
137.26889826560668,17.913970365718797,1,0,0,105.45818256957776
257.0111256678234,96.50892977344293,2,0,0,214.22462631819633
77.98968912593678,114.38137994954508,5,0,0,85.40910220746562
307.769559444777,122.73961820026625,2,2,0,266.10734250709
285.04491674281724,7.62046617976546,4,0,0,235.85689289136423
358.7776466092175,96.18813250655478,3,0,0,271.7029815440415
469.16378461278697,94.44544972290512,1,0,0,333.8296510228706
456.56600774507206,123.1242498389266,5,1,0,361.9983486319122
473.3074309440715,32.87889728470951,3,1,0,366.7961853139478
126.13422052673197,96.48327497837033,4,1,0,125.25470638580971
70.12482678648054,7.101417539642993,2,0,0,70.04219746837039
154.626966745742,82.06194369901048,4,0,0,141.16557037709214
448.06716051932574,45.61021712678337,0,0,0,290.04419330271617
486.1664699386267,99.95822714117178,2,0,0,341.8125925521321
430.36585077988565,112.22955723660115,3,0,0,320.88079493871214
59.45877195813408,47.42673548827711,2,0,0,65.19092115655614
473.9768590395976,68.32619205090907,4,0,0,357.5067945375182
214.56222353863907,15.262528107267988,1,2,0,198.02700756776022
9.608593927365071,54.197905479051954,5,0,0,48.16899851146228
223.98490167035584,46.904051123692,4,0,0,191.76938573887492
27.804238989356456,23.806049771987304,4,0,0,43.499703120201694
274.2195709747532,116.28222121968086,1,1,0,199.43396839853236
172.58424358134042,19.25141894522083,5,0,0,146.01415246485558
239.35029212905414,82.64611647892433,3,0,0,217.29156421876377
308.51932856784293,115.7185436523854,5,0,0,257.87718625207805
435.05654242982104,118.55591538221934,3,0,0,345.2639820259219
332.64128035360466,103.1211609792739,2,0,0,241.70761730508855
219.85418989669944,22.898347403642962,4,0,0,195.2260588584602
410.61678756683074,106.26608319780306,2,2,0,335.95584798411386
453.26315809870044,35.9534256140312,1,1,0,335.8899285551909
64.28118338393762,119.91174356622616,0,0,0,42.7976789018712
268.30682388863175,92.18126858510044,3,0,0,203.07812769987373
145.83342007250985,102.08478293115525,1,0,0,102.36311655353964
28.295292949088964,11.054218955251839,3,0,0,41.22118224056121
335.93061408142273,75.75946474766077,2,1,0,255.2437740654768
432.0715348423167,106.74847649682835,0,0,0,306.13215374448004
85.63681396631006,112.00674586042491,5,2,0,124.90905193156166
407.14476052383077,3.722121615373397,4,0,0,322.56344953543
427.4308881007861,122.0907002321655,5,0,0,333.57625025003097
457.5985191199093,5.634035329322364,3,2,0,395.34312412666816
136.31611909759596,79.88742835773049,4,0,0,124.56751861529017
452.4567672689952,90.14037858999058,2,0,0,332.8616150259275
163.72806359453395,13.954887851828275,3,0,0,151.6045664440871
278.4073166604739,6.241542529195049,5,0,0,228.06529369834612
30.001198061979654,102.03858007859479,2,0,0,31.915163936528003
26.721138742528083,50.007181223666414,4,2,0,77.35321610595972
361.5847403024404,13.924626990966077,2,2,0,307.476190661796
225.01758909900656,99.14681613039346,2,1,0,175.61932234739083
131.86472580776268,110.39119911867067,2,0,0,114.47096807976862
99.25468053233055,76.36020479864496,1,2,0,112.84292051742368
336.62697797531297,20.96078509650393,1,1,0,261.3690575600387
5.198764292543237,1.978921293893805,3,0,1,49.80538061289404
403.91612875244283,91.1043225692527,2,0,0,294.90492349065977
44.228555034314766,71.51815772729118,5,0,0,60.58739634516522
99.78735937951913,84.60362842361033,2,1,0,90.8828939979167
196.18701567304936,105.71400712594745,2,0,0,152.96476579353268
245.0050761594713,56.449611009086375,1,0,0,183.1509577359423
180.7225823279012,16.187010948370652,4,2,0,196.37506364611545
163.75252166722547,122.19782710080743,2,0,0,129.70267331936637
482.1384259762283,70.88407654209145,0,0,0,334.20239190185
322.5819422154802,79.98823548151023,3,2,0,280.0252843658192
16.599312906857165,121.34348584172766,1,0,0,23.58234546137005
217.93707467993502,121.10587532033419,4,2,0,212.78628406595354
438.12930637326525,74.37229887466256,0,1,0,323.3098560427101
154.22081227328064,38.689485213785396,2,0,0,128.59839453837802
51.80539066332218,129.6247724216561,5,0,0,86.37376036032991
380.4004619370093,88.50622169395967,5,0,0,300.1902893343433
304.9768468083602,53.09676799596735,1,0,0,219.55138796548994
287.30469137411944,72.77878437096666,2,1,0,205.3890344015223
31.520397005666922,54.05842653484385,3,0,0,35.36203612861557
74.54700984878107,115.47966979856416,1,1,0,60.2162575105369
313.1619511254913,62.724918732546996,0,0,0,225.6065401620197
107.87280152212372,107.05868887756213,5,0,0,128.41191708060768
254.51468947547005,109.22291871699052,4,2,0,249.68424972081888
274.71643458454975,107.1632039055823,4,1,0,240.63461060758843
145.33605918411502,93.88451962183768,3,2,0,153.78818758835047
474.470451993039,111.13410318498563,4,0,0,352.9385473856014
422.0197328836097,50.339845350985996,4,1,0,333.51808906547285
362.5748862782353,14.906216798454846,3,0,0,271.92142566777784
43.606963872657495,109.51904656842689,5,2,0,95.03157172781805
57.53435955796462,64.76189403935489,0,0,0,42.576835212829145
248.92676620315308,16.55888422862063,1,0,0,172.23972856578803
84.55310784953791,14.990627883661032,5,0,0,103.12287288081482
489.2414044470897,20.70151122128605,1,0,0,348.9519035063195
83.46751584356768,97.62652375672376,3,0,0,80.11110030671404
246.29657855466712,92.41136755061655,5,0,0,210.7544851643265
185.23992313654517,26.49642842403482,2,2,0,176.95716234683414
321.4962786197785,110.10004435427338,3,0,0,259.92848902642277
68.87302240026534,36.56832341867183,3,0,0,55.76422378629921
218.0066318809835,103.08812583094317,3,2,0,223.0370492339088
140.9789912395361,63.54476800554245,3,0,0,117.99109595162395
444.4370047124856,95.10132873001359,4,2,0,386.80696564337666
25.089927506674066,49.58039619956356,4,0,0,48.32170553487739
457.2951095331973,45.12827762232087,5,0,0,366.45101868889697
417.3320985837352,109.3767478647132,0,0,0,293.5216564047214
152.29750463820366,4.589293086829055,3,2,0,167.250045141813
395.6988740651668,126.71580314347595,1,2,0,332.3979950957949
20.45071236768004,84.26334257449855,2,1,0,38.698436921573496
483.5984473952298,56.222840465927476,4,0,0,382.13431380147097
265.66449658194574,81.64708904955528,1,2,0,233.89765057038733
155.1241079023954,15.956323039667765,4,2,0,167.70489056013935
184.47869023436516,66.82681918816118,5,0,0,163.02695193290597
37.870649962946196,128.0624180341737,0,0,0,34.72519165401184
494.7280094508094,30.58502692007189,2,2,0,388.46174650540473
24.449512849592764,93.89615287472543,4,0,0,53.19439983373834
329.1790259581902,56.546278858121084,2,0,0,243.46974961875432
224.15428421469687,84.81955930343396,2,2,0,197.01907981253044
474.71352800341396,26.63533972993081,5,0,0,372.9572082062748
126.76987145186361,61.16044774028831,1,2,0,126.38290229384378
268.3829778493156,127.41205280170577,4,0,0,213.1021858630051
243.76632324846273,25.387329632081244,2,0,0,180.83872002771648
352.9188898048002,82.73785362033843,5,0,0,286.15325510910975
38.66506481644815,74.8277073396834,3,1,0,54.38328864953898
100.92561936156065,73.45670621775243,2,0,0,89.16015206845691
111.20958594596067,79.96602765471023,2,0,0,102.01266826730831
370.3846236466364,65.29093657946966,4,0,0,295.12316166142614
98.62365468173634,2.2009975334955403,3,0,0,107.46446993059818
288.87842312603345,117.01258549020531,2,2,0,272.776317982427
111.54569114797208,107.50724757292402,4,0,0,104.92582858367975
431.5043502915693,22.641798519745773,4,0,0,323.0177182171136
471.3817999723711,53.725513059252975,5,0,0,366.13790370393906
261.65402259640905,100.17136749016383,2,0,0,200.16214373409977
179.39289768354325,127.40810100034697,0,0,0,146.66222126953338
120.85859863366207,123.64781603743224,0,1,0,90.93872945997272
29.641595753906664,116.91669595790265,1,2,0,66.62485268989862
137.90753771776022,20.588606648888153,0,0,0,91.21604625983747
328.84671107293235,118.88176378117063,0,2,0,265.00702155336836
269.14038099805936,114.19783868364033,4,1,0,216.85197004762418
472.3004327490591,49.00348845163064,4,0,0,349.0239491403445
201.15724493339178,51.287937289714066,5,0,0,190.24172536004127
348.4623544525553,59.7881598541709,2,2,0,305.96919980183594
247.2147600001851,85.3028320256342,2,2,0,221.5781181821719
258.7252268824848,33.90863007779205,4,0,0,221.00001492922027
137.54828572903816,2.983295827192809,2,1,0,108.7307508330318
230.20063453678983,18.359838197641494,4,0,0,189.73429666018043
238.0385735212901,57.21506798498058,0,0,0,169.5955909814604
354.7880482657223,36.660334025406236,2,2,0,312.23311041226964
470.6167995971264,99.38715293469714,0,2,0,369.9779604424969
168.0140323538396,13.86970917140528,1,0,0,130.70089853393938
25.88923194774273,119.2704793221245,5,0,0,50.04510504901636
250.66608712281666,116.39253339270844,5,1,0,224.31638959634017
274.50835941383843,118.13838620132746,2,0,0,219.54984736196127
88.37807281029805,96.14929981843247,4,0,0,76.63593391182161
381.42998010665303,13.909996292867909,5,0,0,315.46936351535
492.5399086785383,56.95788427804368,4,0,0,374.5854905712871
473.15848491918814,17.082698334710287,5,0,0,357.34064576921
102.56748921770783,128.40089505894073,1,0,0,77.19639897627789
438.30480375087654,43.29499504182753,4,0,0,349.802356590482
353.7243500237839,76.09297044570806,0,2,0,281.34676163615717
229.65404908442122,101.32109705174884,4,2,0,229.6027979709286
272.6024421907409,119.6800909493339,1,0,0,185.10657947357214
425.5520866163168,98.2212043593768,3,0,0,305.55871179934877
242.66679512099472,87.68549123961088,3,0,0,183.20355714355216
189.7376477070378,60.577631664959675,0,0,0,143.04772929200223
249.157509047863,78.70201738756812,3,0,0,197.01840687960504
291.6692529973493,12.241295150867877,4,0,0,244.5814444932884
98.59343862028268,114.90993045496413,1,2,0,123.21839136468554
450.94932648216036,70.6910501491851,5,2,0,383.4938077317273
338.7225396706588,5.217556556542551,0,1,0,262.2012724440202
318.468114082057,119.58727633578667,3,0,0,241.50160540084775
54.25063195941588,63.60925659879293,4,1,0,85.09782369513762
304.06609939543296,112.91658840293023,5,0,0,259.270317212363
64.8755278080537,111.3954340466964,5,0,0,82.3798008561756
43.95534922172253,106.04770636942493,4,0,0,60.42726972060457
266.0188933429847,7.982392508396289,2,1,0,214.06218860547128
204.37883935301502,32.11866390514715,2,0,0,159.70635229384894
296.4610837273305,113.821223420506,1,0,0,212.9554140804885
49.16497318833311,116.8688372867722,0,2,0,66.42157753800046
218.3366161093929,59.548952107944785,3,0,0,172.2806970425371
91.51942394735319,57.20539079504629,3,0,0,97.16589401671703
493.6145425324377,22.768282405199468,4,0,0,362.93873431221823
282.7693551554113,125.89340252984967,3,0,0,216.73032196327446
345.2812461657293,27.708001796675614,1,0,0,247.99447126242774
166.08204893789087,24.821781965599524,2,0,0,129.58150336286548
51.895762815775356,85.89476611939266,4,0,0,68.10327833433774
488.05607707785066,31.5697593900582,0,0,0,332.3759269309331
146.69822251467568,122.04030943187067,4,0,0,141.57953104810738
214.78505166091924,1.4179093913133267,3,0,1,199.1955619181925
326.68264124277465,0.7479241020291705,1,0,1,261.8685169639767
17.225162354625084,65.63398418662794,0,2,0,46.2909108353597
406.078269606057,63.448119788751356,4,1,0,317.798316385884
270.60620406416706,21.237322847118364,3,0,0,209.68932971546778
142.71750759906698,64.28754318613697,4,0,0,130.089556053795
35.495952719772276,53.51594367209824,0,0,0,31.05163852107236
85.43671565984852,115.74283829450793,3,1,0,90.17646902931855
448.04176013245126,1.2030096282052516,2,0,1,351.908845378829
344.58199084826606,126.91507465428379,5,1,0,284.3291676329177
128.70135221026047,81.17105935845952,0,0,0,93.42494603019493
37.47237864778962,19.73964793388583,2,1,0,47.60829138846962
346.854579631385,6.078801795451611,2,0,0,261.6500907294434
288.34182435404375,69.95373561270014,3,0,0,209.23293310850121
205.23716460682633,30.535721576336613,4,0,0,178.0572320238927
184.9876673490816,39.151519810163705,4,0,0,164.23955790994916
112.3230665849086,31.86718142848677,1,1,0,100.24753276300616
336.45757198607123,84.52240076442641,0,0,0,228.61247998089715
485.4806737579659,71.95876507509736,0,0,0,336.3010638642247
91.9790466892288,10.136675057835495,3,0,0,78.70908840440859
300.57272690767417,68.4484493127728,3,0,0,236.73880946253766
214.97160259425823,102.85466952322899,1,0,0,164.8686848996459
226.1109172636091,10.555296806642161,1,2,0,196.53864046718365
130.80290366326813,115.6660669099546,2,0,0,118.57197600573168
413.4417634524024,75.1798644282048,5,2,0,375.56272568651684
245.20152405288434,123.58118100514116,1,1,0,190.5250581346577
273.9858968381407,19.258358303908835,4,0,0,225.53978298368983
155.85665183467626,129.16344991593098,2,0,0,109.30050577292502
94.99519050514013,83.75547257605798,5,2,0,134.2940702687903
47.52564216039614,73.77424593253816,1,0,0,29.476276538331
358.4889747578334,66.9863511345711,5,0,0,280.86116363790677
102.13596943548853,3.075068502780658,4,2,0,141.52664802214943
346.5873003234549,122.15309490144516,4,0,0,280.25437568486257
198.23634079324216,83.71928147104578,2,0,0,161.51225545918066
210.80852648987747,11.91144298490786,2,0,0,165.38124190409553
237.242860565922,2.723782138288237,4,1,0,209.9759193860703
187.0157115231339,6.601873100777674,3,0,0,139.3088892792122
54.80688872518209,79.22144924619128,2,0,0,41.48142689141824
158.26774595140867,79.82200393629608,0,0,0,109.83545279848391
333.5485085434995,64.95674793158734,3,1,0,271.42338223880654
334.56327872709113,39.8795566848837,0,1,0,241.13694014832998
146.68103208379722,69.12655510990338,5,0,0,127.29250079926973
232.75080014605555,67.11923671391352,5,0,0,194.06881824613703
100.75637786590904,2.524022783953531,5,0,0,98.72078307686256
109.1341803572687,36.72099994257474,1,0,0,68.7154940020494
16.408308761270668,6.914094390729433,2,2,0,82.00186927651585
448.88954220433357,117.02011768819521,2,0,0,342.3590501449639
109.29979921207857,94.2790111620676,4,2,0,124.17186718618596
117.62926908354935,129.4949721250786,2,1,0,89.13396260443632
143.40270915934025,39.28226422968742,5,0,0,129.9715399230235
68.06699548923736,114.20316020839834,0,1,0,43.643288372026745
321.4351271747746,78.39705483122262,3,0,0,269.93895240098175
42.195761822905354,58.90630289746864,1,0,0,29.764364683673097
71.43020103154338,28.934504467522565,3,0,0,75.27518143458543
324.15457966209595,95.99098148719857,0,2,0,260.2628333452572
173.13200713831415,117.53829735755899,1,0,0,118.9061688241869
355.4341742170886,30.590091749798198,4,2,0,325.12083589454403
280.9252486117203,22.800743546569635,2,2,0,254.59365066482397
131.73048066544897,90.50884895063271,2,0,0,106.85010634156109
327.1598354922174,127.0065111543175,4,2,0,317.17376704497656
62.555471744975925,97.49416314353014,0,0,0,46.27229947486666
270.52313962461506,36.99549607619436,4,0,0,215.64929156151405
221.38831199729216,54.594205139212136,5,2,0,245.51156028187694
137.59742349463318,49.96129260958833,0,0,0,100.76247548332651
303.98247388105256,110.77235234611591,1,0,0,236.42714063506864
436.31012820843983,100.2782012533891,3,0,0,329.2318226205074
499.457826382723,76.56680651899762,3,0,0,347.02849573283726
305.8425705279951,35.74468435159742,4,0,0,230.66008789046745
205.32940779293924,121.9385086038673,2,0,0,169.08280030268213
116.4775146070198,84.93097921998906,4,0,0,105.71785547317329
132.2625642505803,126.16196403743172,2,2,0,146.0417361176568
242.330214184134,75.415214295464,4,2,0,246.0612483652525
186.80246213395108,106.75505858726983,4,0,0,162.2759242720125
457.33818869934737,105.70369932128848,3,0,0,336.6923496166127
187.3062564895762,43.85274098836697,5,0,0,168.11640068976453
189.85507261699055,125.32269398443967,2,2,0,185.37773250269345
194.8495836548186,2.8523907876833188,5,0,0,169.86748246845835
419.12700413199076,99.93241813976385,5,0,0,319.38955262707674
327.14021881921644,125.52242114932571,5,2,0,299.7231666087868
309.01358090785186,44.05806642688397,3,0,0,238.89190713627724
170.4007960800118,84.25437641282636,5,0,0,143.2942802994435
409.86256753205754,73.08902247974737,2,0,0,295.4519324010819
23.99011137107206,98.99595025794808,1,2,0,53.68253984616071
436.044600307366,112.60312981385681,5,0,0,327.0529318143914
258.81120039799515,78.39579400894124,5,0,0,219.84438014630035
202.13386625738934,106.0675962295894,1,2,0,188.01534033788292
251.09780395525442,40.59712486560318,5,1,0,217.34657488577326
335.3706876142464,29.716317631626193,1,0,0,231.61471192091278
11.318886126359192,55.98679963926922,0,0,0,11.652680881457787
436.4181689468326,88.10575794550182,3,0,0,334.57460174559503
226.13606502913944,24.34210336203407,3,0,0,182.11269870180925
174.7684272515387,88.4457849797459,1,0,0,130.94000320332384
73.43155498885827,51.23217431436875,4,0,0,85.9795302642595
222.53536030742885,103.42478560604215,3,0,0,177.82456574060402
250.67977178576754,4.788656223429429,2,0,0,183.09060476312473
204.80511377427152,86.83774291782129,3,0,0,165.53575954535214
340.93674644431405,84.4769037644958,3,0,0,258.7327652899988
213.34378173581686,122.32161189629086,2,2,0,200.36277207563177
480.9017010340538,92.73778196332916,1,0,0,354.61842103327393
301.64237132267795,103.51924653502655,1,0,0,209.30532077909925
404.70157814769493,117.5968320609119,2,0,0,301.66897249706926
59.13117203919203,87.75674937795841,3,0,0,52.066381814313715
201.65919000822333,37.7199725447967,5,0,0,170.08403744048434
171.7396122163406,113.07059394585787,3,0,0,156.99250027635983
286.89378212761295,97.18515553187676,1,0,0,213.82901606089789
431.2511924304057,55.17688852011615,5,0,0,341.86107719574807
43.7774177921933,92.36879244449507,0,0,0,15.975459789229845
40.92452503213184,112.79955403354847,1,0,0,33.96623761315289
425.9072655380115,126.8347770808653,2,0,0,296.3853046406543
110.36079258898693,123.8056955146772,5,1,0,123.23701044520105
336.03286095265776,42.292617479338396,0,0,0,225.97699326457058
273.7246755185986,54.82018278336363,0,0,0,198.23801170516285
417.2823294691786,14.239758647058267,2,0,0,310.4039678064465
66.91901036901974,32.180757312345975,5,0,0,72.29211416071091
69.24256803269259,114.71475710330354,4,0,0,81.11144543469678
280.62508833776224,46.91049041631666,1,0,0,224.128792028336
473.4574334123936,80.67184561733454,3,0,0,353.98071817853094
210.42389039352335,86.57553037991433,5,2,0,228.4572374365898
166.836339626074,101.63780576863056,1,0,0,106.03995001820535
305.31121498295346,23.764003931932024,2,2,0,270.1230623121118
465.5720572697904,39.62570749987661,3,1,0,354.1156450308792
419.2792772580887,58.283724389563474,4,0,0,322.34070936151045
497.7643873129438,47.42933796097556,2,0,0,371.11912740776836
16.17144868517666,127.77768027175968,1,0,0,16.423805509610407
60.864781632817305,108.54230441778262,0,0,0,28.406432783304048
306.6865428664779,62.35927810066318,2,0,0,244.62960172785276
411.1853374702556,114.30492139124084,2,0,0,291.5966706494018
146.19594944184945,45.19488318582858,1,0,0,102.84132406727932
123.40948857693829,102.1576821057344,4,0,0,117.06564724828011
394.55302069369446,29.077827753838974,1,1,0,295.9449163003351
32.90901765734964,100.40186587942758,1,0,0,34.281647017248446
187.84441055337962,59.338942415444684,4,2,0,198.59547257298783
255.37556518320324,13.974911728991506,4,0,0,219.40088330084652
282.3725938034101,35.524119092225696,2,0,0,218.13451797028216
365.66450261242454,52.2957011230634,0,2,0,283.44481713540387
180.64863309817582,97.40807851637683,1,0,0,111.33387591765992
308.2787506139306,9.487752915023611,0,1,0,227.96832010503886
294.7608342815234,85.74110936204315,4,0,0,250.06175673180252
276.0699698236048,93.08177332126967,4,2,0,248.40156366280883
322.03923010539506,85.0097780903477,1,2,0,261.0722665272134
133.42733967869776,98.88705296178223,2,0,0,111.77770447643563
46.90113302439134,23.161920082968976,1,0,0,44.65362145269092
64.039477659673,76.32343615819485,2,0,0,69.70489932895467
116.16827941368103,122.34884313650439,3,2,0,154.3711307787483
252.59797808377868,79.4019550745899,2,0,0,194.82921827242998
421.01916152027997,79.4737251038839,1,2,0,332.0496886740997
352.14020433375015,95.73715347472496,1,0,0,247.70450745995475
395.57509908001333,43.31655017636167,2,2,0,324.73683414344936
178.73293384341522,91.06186717180027,0,0,0,135.4453008505884
205.30360211603232,119.11039833071796,2,0,0,154.81943611605163
199.87253356535334,1.4164114932945893,3,0,1,189.34069010161136
99.97722628022825,113.1146953441525,3,0,0,78.44865413169296
35.30224578106815,28.420383063651684,0,0,0,27.503678764736847
297.5034659494773,59.27002558104878,3,2,0,260.8426188884861
494.6622582931901,110.80521412384293,1,2,0,397.07234093878094
87.5807039503801,107.10857656936177,0,1,0,68.51520499010768
28.10898585014051,115.95057215638727,0,0,0,27.01941424516913
390.8681825028468,122.25418304222839,0,0,0,271.99272789935657
130.03007330893848,58.13040438032862,5,0,0,127.55217574540633
415.6736836496995,85.3272954041309,2,1,0,324.08945193006565
353.44865018208515,50.76219726839387,2,0,0,262.97613990459564
473.10840084014825,45.593173273981556,0,0,0,334.48366593863784
207.41898169955263,56.10740337769703,3,0,0,174.8576746706093
332.6750705280639,96.59989752174788,5,1,0,279.138686576223
235.103116502569,65.18729712840187,5,0,0,187.69183730153804
317.14140516772903,105.82775767828447,1,0,0,225.92515807223398
227.55145847382997,96.87840203550026,1,0,0,150.51350472505084
98.37296197991704,2.6621999461719126,2,0,0,81.59026092357924
256.4092209216735,81.93096042380101,4,2,0,250.03655717492836
266.649179711534,56.75424603011684,0,0,0,189.34433541126725
406.24890488877975,59.361768589648406,4,2,0,364.1158469626483
369.0827493678227,106.38849700308631,1,0,0,279.2730139116148
333.57685385101485,71.18903819100798,2,0,0,252.1766344701918
61.126612298523405,115.13083704966313,2,0,0,36.01856799024792
361.7050638785389,92.66472701091975,2,2,0,311.76332596002294
252.6510523954848,71.86920113932686,2,2,0,221.79656914918147
447.5792703725488,98.08993689964349,2,0,0,338.2693640280365
460.3361123946187,4.985376620302949,0,0,0,327.7569911034405
32.302512347883805,3.520875127667006,5,1,0,73.70652625829878
411.217572375467,10.835412499710769,4,2,0,359.58625194748936
23.660208259221957,56.883492269128546,5,0,0,74.21295172184273
186.74896471903622,30.608518931502605,1,2,0,179.71344781498854
273.43848793243416,127.953968274052,1,0,0,188.69414520139256
78.30989532042808,70.49771807147769,5,0,0,100.91938515781409
374.42533722169304,86.1140469905506,2,1,0,283.82625142126483
9.135578565208593,36.24661771207057,2,0,0,32.955380876006004
88.45652897484824,41.83359811638914,5,1,0,121.32586828635351
292.4944307774705,43.61004883835027,2,2,0,262.4632665090719
358.6218432084597,90.83564166953907,5,2,0,313.64612972640373
458.73833583348846,61.5818069996101,3,0,0,341.2724260398299
354.2208427076388,67.29887482890967,1,0,0,269.30500556412665
337.53073877615867,76.96038768071489,2,0,0,270.64801536365724
200.19886744357882,99.9455153109682,4,0,0,170.67418281767618
5.6357906357667,11.748067306622158,3,2,0,59.105010415230474
64.47883307413287,100.99360858844682,0,0,0,34.89332343054519
269.60449965423936,73.22055895377338,3,1,0,210.4056145365197
339.18929349298776,86.98240783118344,3,0,0,263.1227758236868
211.63690052874892,42.58172942929906,3,0,0,177.2974866848615
366.68611070655317,53.22028878613839,4,0,0,274.2510597562076
263.3218361894285,30.051556555009633,1,0,0,200.538269765558
41.71721681918454,127.30899966426269,2,0,0,56.197943163996
100.04804422913467,64.61038642634117,4,0,0,105.09746073849138
420.7991205057517,129.4899990535577,4,1,0,349.71042979782504
363.8318095790975,63.672177147964625,5,0,0,296.02168224385576
447.90718357118504,28.567664369928753,2,0,0,333.85807756451425
63.190838314863605,65.96881157579138,5,1,0,92.72166317694735
495.1601546344616,5.147424333880114,5,1,0,406.75962264325346
108.65632340521714,117.62007418485366,3,0,0,103.13733627046055
10.831038761887795,106.41153265527734,5,0,0,38.877655507645436
498.7243548315093,94.35666769025701,0,0,0,355.8516063388656
144.131573295331,79.2774730075198,3,0,0,127.24096107757798
335.66962899371714,75.3784503771472,3,0,0,256.63226181756494
92.45774551727108,129.57466783033018,5,0,0,110.4675402651125
292.21312343857517,36.13966642259193,5,2,0,279.09146019963237
452.49731829500683,101.35896749752513,1,0,0,332.95745490877545
163.4896778770771,75.58262012777547,3,1,0,150.59232100059953
336.7757181419578,126.86447068865508,0,0,0,231.19207329072836
98.01227645521617,107.61441382877281,4,2,0,125.16918543646693
314.273722365769,129.80826468864706,5,1,0,260.4029031672579
171.54292414966753,76.48224928011803,3,2,0,177.95870010651595
109.54808800103608,26.590714480841555,4,0,0,120.45180545036898
160.02511509829938,65.4793146403154,5,1,0,157.53219894749813
93.52632891136068,92.4444474265747,1,0,0,76.58237699919476
451.448473379752,100.66685020360646,5,0,0,362.5266525979248
201.60750872697878,0.06629857207266387,0,2,1,193.08150503185541
126.41325596231184,65.65352150529823,2,1,0,108.90083647440817
226.96188130288678,30.58049539618405,2,0,0,184.07259887774555
163.6654025692153,113.73853832312248,5,2,0,192.64205186147493
373.48753063759636,19.87770772652971,1,0,0,265.76235725751303
485.7538563833197,86.63931244472835,0,0,0,339.17396465161875
221.82666006533518,34.58808474224023,5,0,0,193.35137509859683
431.211532986259,46.350478617855394,4,0,0,336.15119922021745
285.10222141201166,122.27270389838982,1,0,0,219.64442629634553
82.83165422164558,31.25825630305033,3,0,0,84.85735808115675
346.85825733026405,12.350359036980986,4,2,0,300.789564172812
259.15007607728097,9.007037187749358,5,2,0,247.85295853712958
327.0502290097912,65.59996431293008,3,0,0,255.24648786470397
445.39526922297415,83.42249269695743,3,0,0,337.28168943219595
223.0151124747428,42.548173664215334,4,0,0,178.62668466815506
451.082923492591,89.7337664331005,3,2,0,385.48754892492997
376.5811620694192,7.934383414520915,2,2,0,295.99061297915074
246.85943830960247,111.45350383997399,4,0,0,206.0743384141236
303.59495715069204,106.15373726610092,1,1,0,216.57967853970246
166.16266059691065,128.11451528097112,2,1,0,148.6175759442035
491.88066337069324,121.7456475172399,1,0,0,352.02496977411585
335.33882570994604,46.30563130946065,0,0,0,243.43929864899403
26.704191985831798,51.90579992202503,1,0,0,22.531070097376535
166.67784334526434,96.97543017217374,4,0,0,158.38664041708893
313.54064471073343,17.430760354147814,1,0,0,211.7306076546317
32.8849725106237,40.82191233182853,0,0,0,31.128328633937286
16.822674702975668,15.410321806834276,3,0,0,28.00419480922855
227.76199856626226,59.13523837946808,4,0,0,192.9490748454841
169.68163894787165,71.76055638509129,5,0,0,159.5290838865154
221.9578109764171,27.450861095157812,2,2,0,194.54431104958041
135.03318839060256,3.46211929883365,2,2,0,154.69427972289068
86.53528473677555,93.51625812756801,1,1,0,80.82705267111157
346.1259617052672,2.600671375401906,2,1,0,268.77667777692085
259.71270255256127,126.5423391606863,0,0,0,186.7932169574993
104.07633456843658,28.808943376511408,5,0,0,110.5927317424566
163.19676599869916,86.30701197511785,2,0,0,137.1098276767291
297.9449142933463,56.517724411198586,1,0,0,213.27125746482886
40.753527394876535,7.757601843823936,2,0,0,50.69284939373993
77.98923958675887,61.38386886248077,3,0,0,81.80190801336667
41.25657403315811,67.17888245858396,3,1,0,58.17412860027026
407.09707969348887,111.1088170520729,2,0,0,318.3788452047339
377.4425704399446,95.20537905422673,4,0,0,299.29446444453964
377.88990128023227,10.309321717940227,5,2,0,340.50081335997385
359.5810450206339,27.19114884619446,2,0,0,273.3875614908186
336.34578471658523,40.545398947943205,3,0,0,258.07764831740724
241.11099811219663,15.132999240426532,3,0,0,202.60590309059995
322.9276909360219,59.396879218883775,0,0,0,227.7567400004978
23.988969620047452,127.96019481212961,1,0,0,31.508244849861413
312.6248892151084,66.899662860909,0,0,0,211.06187232520517
390.0494642407542,96.44468188201202,4,0,0,287.9666499899762
252.67738839027314,88.781913700915,1,2,0,225.18421121114693
181.96909757148228,110.48848656197794,2,1,0,148.39451630881135
142.32623372648467,28.04405376052923,2,0,0,113.13160976384329
323.18701483023085,97.99741402009367,4,0,0,235.85938002427432
347.9365933218048,114.57618123974744,5,1,0,305.9079310170672
436.1289619319586,22.296276987431558,3,1,0,339.39675067183236
174.4553708181904,45.084288572440485,5,0,0,171.15613838738162
386.03729215586486,126.11322936310299,2,0,0,274.363700883341
282.8711329737223,101.50241997737302,0,0,0,200.56158133324982
442.00406288564915,36.73680822987921,3,0,0,337.27054242163194
266.2669936063323,73.3124300537833,2,0,0,203.5588760379098
261.22676505699377,52.56239597043224,3,2,0,244.09684296101386
291.04915531325,63.69547292252688,5,1,0,237.93722727169117
375.91110079550504,46.1716048807921,1,1,0,284.40211538442577
482.52178702008814,36.313032408944274,2,0,0,347.41949110751915
41.413860336804,87.71919538088443,2,0,0,38.073882885878476
31.450128183553495,101.21043596119527,3,0,0,43.94866033654515
469.08741701663257,113.61442595715482,1,0,0,335.1533235467103
267.288434631512,20.192895751364446,0,0,0,186.02442638754107
309.3769922106334,106.97121807388127,1,0,0,235.69954137020622
243.79968278939077,33.12410718201826,0,0,0,170.68944484390218
51.36043904069987,55.55373068830658,4,2,0,97.48237205402654
385.20424231723996,117.18767916040206,5,0,0,306.8016900433174
374.8761993188505,59.08546812773826,1,0,0,261.8151053936599
159.29314413894193,25.618259425761106,0,1,0,122.90528018171557
156.5884263880582,20.782925180825313,3,1,0,147.6295716141855
419.73148354823167,61.4878896647774,0,0,0,299.1069002778797
40.81684258195668,99.14741511695203,4,0,0,57.94180020412774
441.1470484365001,129.63666871665916,0,1,0,325.81121356344664
132.04753649847765,102.36312169601725,5,0,0,124.22301498893165
298.52745013896947,114.01155466257096,1,1,0,227.27848917971215
468.31711860587995,97.21820692153544,0,0,0,343.1615621041559
340.67063826064,116.40656309829377,1,0,0,245.0267100077657
210.14275717118312,9.918160630808723,4,0,0,182.60703841079086
346.3194334081805,120.89110786761391,0,0,0,250.15686332865948
175.26991997660323,51.5327999843353,0,2,0,152.9008434056087
142.24291609284714,119.8098490264578,4,0,0,135.39823920753648
498.3582225776664,9.845268869731823,5,0,0,382.3206403991718
376.6411644339949,92.98158442574766,0,0,0,269.7259173781213
324.13638880399975,95.63953732712659,1,2,0,266.39551242535083
180.8683733935628,129.59841560871044,5,1,0,175.201335657332
29.33461043174884,99.95118518967578,2,0,0,36.26979829904381
20.373153637402027,49.73458175602887,5,2,0,87.38849303497321
279.3197214471554,72.44231171041089,2,0,0,214.01451288908908
382.2061969143303,47.65162196165673,1,0,0,272.21671171057403
271.0026992697083,25.48242388963156,0,0,0,180.7988816733077
421.1886106098617,32.305302575295556,1,0,0,305.2440656771598
21.54613388114471,28.861369455661723,4,1,0,62.93417528558586
186.54227783084036,71.34599292121769,1,0,0,144.1260974253964
122.34984363121814,117.80088248914613,2,2,0,140.78982465741868
226.4001192377754,118.6544613914917,5,1,0,200.21386636565478
40.826314631090625,7.119291078357316,3,0,0,52.096995944354504
477.2951625776809,10.386922123746157,4,0,0,358.2397708302227
115.51142352933365,31.865477432404656,0,2,0,113.72518453028422
461.54234886437445,33.15772882103174,5,0,0,365.00848663504615
215.81711174315748,12.335592781102644,1,2,0,179.19152065197022
492.8344459613329,50.50023435254727,4,0,0,392.24899629478006
279.2588998128043,76.40430104986734,2,2,0,235.51639666343956
465.7622677670247,75.16108607793028,0,1,0,354.77180326020243
7.647749403640308,70.64585856361705,1,2,0,41.048286748192204
375.37820905954555,44.027350235374634,5,0,0,293.33382143542474
452.01007328574514,91.83923909115549,1,0,0,322.68753316362387
74.16168065458227,107.44291232753928,0,0,0,48.39461340898646
52.58229660741499,45.0156546420631,5,0,0,67.67181337450386
215.163440557048,11.11959670893006,3,0,0,170.1449490300401
467.1710585358029,38.522932641941345,3,2,0,388.1932422992784
273.48134729426715,17.85792509473736,4,0,0,213.76887471558285
266.0909495422574,60.756634539533515,1,0,0,202.59533064777278
74.85742855816433,20.271569671090177,4,2,0,130.3505037190789
5.3908079911433,60.169818495537044,0,1,0,6.0
406.0193449190033,28.73037600220421,5,2,0,375.3003801334246
48.34940867818792,96.03504371011239,4,2,0,105.88185264569638
318.75566027398537,3.5838713086599325,1,1,0,243.52204153131274
457.73514498501976,72.11701949815033,3,0,0,339.5390774218432
108.28269701342334,22.03347573960737,3,2,0,135.5343910982317
334.3100539372708,0.1289423810515189,0,0,1,262.0606446193471
43.95579547021718,112.99601144842492,2,0,0,68.91684280095573
303.85879619961844,87.2986124158288,4,1,0,272.01596432692514
86.14620187183536,12.862566866568043,0,0,0,47.051507795326515
369.29701245501315,86.32940779890123,3,0,0,280.4098549851847
154.10949092298455,79.5141532558878,1,0,0,116.68088856623699
234.3785493582999,61.53636931561643,1,0,0,184.73568235274828
301.7181183036727,54.503552795329824,5,0,0,248.2227990489373
89.7803382797886,115.31906917904554,2,2,0,106.97711402033431
372.1107202157223,31.869242586668665,2,0,0,277.5504908933217
154.8069686152232,51.78030741173983,3,2,0,163.40749342723578
332.874070656813,42.78500367632754,2,0,0,258.24855446749115
83.35011009618995,100.25613377476236,2,0,0,94.7236971173301
345.61824130714336,119.14048981023012,1,1,0,268.360848626085
68.45309604117855,110.47162083622996,5,0,0,92.87750603994161
215.55146565364188,103.7015109389699,4,0,0,192.07427014240713
127.36700650074403,128.2826929241108,1,0,0,101.19698852540654
375.44574846695036,90.62879155335007,5,0,0,297.4318384636266
134.7073272309029,97.6369928577594,1,0,0,99.58556113903141
441.4500666657211,127.76433016165247,3,0,0,343.07583440465567
446.45100464627336,0.9088021018926307,5,0,1,371.74232357547936
102.238451035279,82.42628893672746,5,0,0,99.32782666756394
308.8537427788235,96.06629915392764,3,1,0,260.39650504768093
48.42023265138234,119.31751698843534,5,0,0,63.21195021476187
198.81086430280644,114.89975954396456,4,2,0,194.9906437379746
358.0942561031298,109.45488856039326,0,0,0,244.8803576579472
331.41450719070855,122.95286535242148,2,2,0,287.09712918435366
314.22683135627096,69.85929442878198,5,0,0,266.5616926196701
144.85772751290958,0.8996124260274785,2,0,1,136.94481619663074
192.122349970029,1.4370718306112384,1,0,1,155.80406232378442
55.95834162664166,70.80307723032155,1,0,0,39.428674076083404
360.9162961146325,56.58539105231237,5,2,0,333.7045295926862
254.4249544116804,58.661856937508304,5,0,0,214.75970560698266
355.83898801109905,52.05261583730481,5,0,0,290.2495014248206
128.227044774452,119.30435518186064,4,1,0,127.05077252220862
165.59692317435778,46.69214565207269,5,0,0,155.58691524743995
170.43659194375675,111.30950242920082,2,0,0,138.22041390235844
17.742492824872016,117.37242319291332,1,0,0,41.552483769378206
173.81869705115867,64.93523009986413,1,0,0,133.5179414141507
402.6357638914266,58.10194485746148,5,0,0,316.7269750814876
449.1627553961206,98.93267854800808,3,1,0,349.23657690616676
261.5180662397841,92.03629599318471,0,0,0,176.0542857072968
230.47333913351403,42.70956515750677,5,0,0,190.06122287754098
20.258186256188274,13.331256370204054,4,1,0,63.3469878522402
440.2061471047644,34.430812023722446,0,1,0,322.4711935519709
11.440055645806996,17.033705755598866,0,0,0,18.1464099734359
472.6512897040548,38.31519585096988,5,0,0,355.01196041335413
247.16204310060488,34.03680352550388,4,0,0,194.4875670773889
174.25757431948966,82.90248510527276,2,2,0,176.089399708298
462.4881252471167,124.08448369912135,5,1,0,364.0429691805591
17.073541589497886,89.14668520296287,1,0,0,6.4361559016618495
292.8053229601981,120.46442304839405,4,2,0,261.7759134530824
276.7215996271721,101.93719361909764,1,0,0,199.6424193155762
113.56359859963413,94.62409086925253,5,1,0,128.88045812291583
217.29927851835424,53.82805222773438,5,1,0,213.8241570083722
327.87068294216624,42.223285372237925,3,2,0,279.5647946093536
364.9299424565541,110.0160584214795,0,2,0,284.58951897666424
5.354845059756991,117.7011202807707,3,0,0,12.321448933845645
468.7424478950526,58.74472417462116,0,0,0,336.0350530434332
86.44005933444214,1.1782027642637738,2,0,1,94.53980152377069
120.6223149400678,103.02903765784116,4,2,0,141.26166586340952
135.4193556184549,37.05894926139791,2,1,0,111.51272875764349
23.72096759325748,1.285422452199696,0,0,1,33.62885421951247
65.91080117721083,104.64851266689587,5,0,0,81.91904765285913
493.2432118573602,67.26384454619676,3,0,0,360.41455629899497
161.0322850017566,89.07739702400099,0,0,0,115.2645382437242
62.07403971782942,118.90967674878208,5,0,0,67.43065664062915
57.96067428143854,70.3525979179537,2,1,0,64.75453450192047
361.1326839966361,65.41522943526554,5,0,0,289.3189935819823
428.01148869615724,37.786075775274256,5,0,0,341.7357389391824
132.1913882566926,39.67519847719384,2,0,0,118.61308058915881
15.35020860594131,103.55046858385396,3,2,0,65.09935304128157
115.42955913045112,58.373801926171815,5,1,0,126.4832800415803
32.97526694439488,21.25840711905565,3,0,0,27.050536091009228
56.18049363187055,12.288739320064426,5,0,0,93.40230682861227
218.59651932458297,61.47961519203132,5,0,0,173.5580888862374
118.80959357650812,60.44415307030496,2,2,0,133.51977666954613
260.39320987008455,84.94957616670149,0,1,0,169.869557811916
130.47940786230924,61.23877210686829,0,1,0,93.67217055813333
470.5659640459591,18.651841537447915,4,0,0,376.58323915286394
453.44226412350093,66.01437502380676,2,0,0,344.7792804383089
285.5690219801807,117.88262250518326,4,0,0,239.24323934051432
180.43987603375615,20.727383510627615,5,0,0,161.6345535022125
193.6677066071941,89.66810332710736,2,1,0,174.96497370362636
208.86688015652598,77.20170444551844,4,0,0,178.5516907851011
365.1517644567973,97.31614447253435,1,0,0,271.16277628151863
228.56130278182476,19.578035545587056,0,0,0,185.15957371958416
429.08132352041923,122.40869379777929,0,2,0,348.6938341251347
472.32691903553047,80.72563560973062,1,2,0,376.018115818653
171.29334592257226,110.11924789984779,3,0,0,147.10680994130263
282.5437682809617,32.05887927843063,1,0,0,219.27986870986737
52.052985732119396,96.123675621735,0,0,0,42.34552435101543
104.2321786443477,101.53399156340947,2,0,0,95.02321874942623
209.66555452152926,51.66658541031983,4,2,0,224.39062664799928
107.07034437138053,49.91394887484487,0,1,0,107.35031951044044
438.8974429404152,85.51351445334741,1,2,0,344.5967156125417
83.35169674925355,12.142998628828076,2,2,0,115.55520625144266
230.5521066687805,95.63113952827617,0,1,0,175.87894503793075
304.82112402763846,5.575278779123421,1,0,0,218.89662817635886
347.472634539618,24.776739145707378,0,2,0,275.4483595088518
194.61933801462084,86.33868844137774,1,0,0,159.4468463530296
435.2040390187406,12.782076721955297,5,0,0,334.00268614822573
286.31797978357315,126.3394718919827,1,0,0,196.62537690379776
222.55635132153813,112.89150723004708,0,0,0,152.03172948627198
38.28411385575813,81.41930321287575,2,2,0,61.38696343823555
235.02128688035668,106.47746923701548,0,0,0,158.28444284998477
411.26424120378647,115.38540631664382,0,0,0,280.8311620324976
309.19780401955114,33.7318344443364,5,0,0,255.03168967998434
416.9204145959136,110.42350643341153,2,2,0,357.70611420927474
249.53577694665628,25.323191872888234,5,2,0,242.83957818449215
63.63854402176851,53.734494339346,0,1,0,61.70723925131002
11.75172368876113,72.57375206231791,5,0,0,51.05669794364013
155.09367562570264,92.80582519962422,4,0,0,118.29364570180411
350.50528339140726,3.918371303928645,4,0,0,271.2481949926593
396.1786524511384,37.76622366116457,4,2,0,341.0714096376123
151.39765313706306,79.10748276735075,1,2,0,153.50205146477535
250.34869083720733,46.457928289385436,3,2,0,239.4473138500591
213.4538576948704,100.75325723183414,5,0,0,189.65075146326325
208.20877825395678,84.7147809495931,0,2,0,174.91596505563638
119.51761303407449,30.47218898408565,3,0,0,100.26549341430223
72.5036969895819,18.970767347003303,5,0,0,73.64989747776639
102.36083632445049,81.77610916631656,4,2,0,137.65217660673252
32.38953164585632,58.5607526016185,2,0,0,33.95852878434595
103.07471720267064,21.964415343171417,4,1,0,115.3526326390223
9.55444432456283,42.428646691389055,0,0,0,13.016231139619304
315.49290831480926,39.396077281416254,3,0,0,241.29693286663237
161.60582665690302,14.057156404118764,3,0,0,138.2135892368273
486.70663215631976,71.09817250447965,5,0,0,377.61525059871667
100.88994013426745,99.27432240863203,1,1,0,77.39503839929093
176.185142303249,74.81069555088831,2,0,0,131.56452218289127
182.13137352755894,107.41787744185581,4,0,0,136.94319604847337
9.183490550917966,16.583911138006073,2,0,0,17.3207554164534
420.40793675453216,56.629541516889105,0,0,0,291.4166471406023
20.837257771440736,79.22396347555289,1,0,0,12.05242165611142
470.38901819097447,87.88020292244795,4,0,0,368.21191842601144
446.57680379134223,90.45221983504551,0,0,0,319.9672143414687
270.08334846255195,94.76550552272454,2,0,0,210.0307961853128
274.0798095810896,84.68587558548217,1,2,0,242.89271900317968
328.62007186329737,12.249651562312794,4,0,0,260.7509796069952
196.58975590776905,90.38973808829854,2,2,0,189.06055101624835
325.37503028193845,94.22174538067038,4,0,0,265.94836530377205
27.160352400801003,129.15239146337152,1,0,0,32.37747061405217
31.753575538114653,90.13711677114638,1,2,0,74.86102936794293
231.32905771167447,89.28795144770136,2,0,0,177.29862780606447
277.0630390474873,66.92572772365635,4,0,0,215.4964929354275
444.4697319662304,112.82997811606481,3,0,0,337.4772691666235
56.807013784408646,129.58851905495058,0,1,0,43.8947953679114
412.2107239609752,101.27583312566617,1,0,0,304.05409603433833
108.97343195957444,79.62504912151509,4,0,0,108.31262639360698
200.07140601246576,10.264127501103864,2,0,0,156.0898438015447
161.7182052395694,94.47608712485159,2,0,0,125.02578709097097
203.0768600683725,92.11300391565355,1,1,0,168.55445966082502
79.49527154592985,100.82385921522612,5,1,0,109.4294108280711
254.2671868297597,16.19220049193361,1,0,0,181.638323788631
401.8130819665268,84.98522501639866,5,0,0,308.57731727802206
223.559335137554,38.44410764371771,3,0,0,181.02159801430537
247.85372006960856,98.83526164236838,2,0,0,200.0286898779384
425.13995471425056,31.248614024090607,4,1,0,326.5426922489233
354.49876674582526,88.91722798665339,5,0,0,290.4676834433105
247.77493221729344,38.34908310791736,0,2,0,203.51118104082266
132.55934585364395,1.169258066266048,0,0,1,102.41916487260414
443.0387396882585,82.3365285565024,3,2,0,378.71388871183126
290.6250988368264,14.724980810659908,5,0,0,247.000203557971
114.46806700479323,85.70789146246783,5,1,0,124.4303746341103
138.21427755581513,120.32922828640187,4,0,0,133.46851807419432
402.5508790234417,126.00197144744173,0,0,0,290.3052387574529
26.85205323329045,30.670001352589637,0,1,0,14.578159033594012
496.08563257926596,105.20291959458514,4,1,0,388.7365363486671
69.52408145882193,45.96192599341724,5,0,0,97.79106949887145
399.053920071484,117.05941945723771,4,0,0,314.7494464056207
200.41378180198302,102.3736439218186,1,0,0,125.12654695669717
248.6470107272961,9.609823163949272,0,2,0,201.87969414573212
440.92203584496605,52.92780920404605,5,0,0,356.20104984499505
209.39103884666056,43.85131738125763,0,0,0,142.79095335321696
271.05940806825106,102.07353269402601,3,2,0,259.02810502001574
29.403332892539122,53.337142384910685,1,0,0,46.370216159208766
6.161999564389311,88.9964916949009,1,0,0,9.408116422419871
126.17593713585433,78.31658322675726,0,0,0,83.50481158711654
341.8886309947898,126.83303348269239,2,1,0,255.67778703678454
65.02612221277266,121.91204438420993,2,0,0,67.12498247281658
61.31216960825196,55.60093691603343,4,0,0,66.6550578216234
208.42550097777212,94.06516751334941,1,0,0,150.70375421386353
325.67933411107214,107.82981221755882,0,0,0,219.91415376178546
357.4756361627256,116.85514800207888,5,0,0,284.44266258159934
93.33308367869552,8.85745429094288,0,0,0,59.52173102932049
44.396132949161014,39.27024390555458,0,1,0,22.500597410706433
470.4965318030444,41.629905325907835,5,0,0,360.5671211716258
134.02985936824035,56.47797365858422,5,0,0,137.32501911103083
427.4065163163183,22.004417593004472,3,0,0,335.4396782739858
432.42826797909504,64.50676439350106,2,0,0,318.6834554999669
387.3986829224595,86.21786254879929,3,0,0,295.361150312668
88.57263529302219,64.65730962817331,0,2,0,101.09570237186148
411.79172233082915,86.55310237569005,0,0,0,308.34000737879404
385.7790268245854,8.63741213632704,1,0,0,270.425953759344
300.3778801025775,113.87835312196333,1,0,0,207.87216056151303
171.91500740863162,122.07899497313889,2,0,0,135.28741625540914
134.94175911193932,80.32796513542432,5,0,0,134.80089116847017
65.33515997977769,114.5808298227966,4,0,0,74.61863039938939
257.32974811593135,17.087982164267615,0,0,0,169.36365236431567
294.70413337737403,103.66835960992033,1,2,0,259.18971412116525
182.87280030531468,15.489265151437216,2,2,0,178.24344170520433
240.30273850202994,53.041330094679765,3,0,0,196.2148578665379
184.93965639778702,42.09640949257575,0,0,0,144.5207646601884
322.29799837374713,76.12693727865906,4,1,0,252.13487962526958
451.12330785929885,39.19688958113936,2,0,0,317.3747445520759
86.14052971323771,82.85077185672725,5,0,0,101.89516116560327
193.7973609020461,47.76034758975452,4,0,0,147.28784004608474
74.72995895567635,111.90274953396037,0,0,0,49.15165829279264
314.34716635187687,82.4048992285495,2,0,0,231.1504459602409
365.7909021968549,27.988778651787996,5,0,0,297.44401356591067
466.2968026357407,43.696824863651315,1,0,0,330.3557091850909
143.04160349917763,110.16471539146525,4,2,0,170.19823925749324
475.3545469033879,50.2423674983696,3,0,0,347.5414833364286
36.31502255123402,69.65387852353388,3,0,0,36.05542089031764
303.49186236547115,84.36245167380325,4,0,0,243.20309641328527
33.28069607494834,45.215254446169176,0,0,0,24.43978934224947
447.4182229421627,38.21722199854888,0,0,0,318.4814917726491
267.2554832496768,61.78313733904372,0,0,0,201.96711818562727
336.32743362758407,27.934526372062585,3,0,0,270.53308999244973
416.62909332567403,36.94737629947824,3,0,0,319.7556794918894
79.40375812956454,8.070202924164692,1,1,0,79.53425068034744
24.102823159376253,39.516135876230706,0,0,0,19.373008909407925
440.0461672268618,41.69153213726401,3,0,0,342.836345240239
160.8919475921716,125.03831161787156,3,2,0,174.445729787291
68.8445594239468,76.66474731056442,0,1,0,52.625977217821095
236.88831235810784,102.35971530405473,0,2,0,196.4430939210765
301.1615074695293,5.899042861441918,3,2,0,280.5434248757024
20.33044869414251,13.84977016908835,5,0,0,48.70313763975237
141.07335083725843,105.889804912137,4,0,0,145.63236366080184
21.235937767063525,81.06144142429265,3,1,0,35.650113524486706
213.06601765177197,24.82766397022638,1,0,0,168.86250076794184
448.07451438779094,52.62340276202597,2,0,0,326.8495170300122
491.41294368931676,70.02742499761096,5,0,0,386.54511737962923
320.3385389842956,109.66927778786743,0,0,0,214.4057438888416
85.01065842337294,7.853558920284244,1,0,0,50.66107002853344
453.39544804965635,77.57389761775711,4,0,0,362.1637164507396
260.54267248402994,93.21466980626892,2,0,0,194.36431594796753
81.10590949094446,127.12594152835972,5,2,0,138.11957108937864
461.2547013785724,104.93081017798397,3,2,0,377.2835459718824
379.947180107936,35.90955076348554,0,0,0,277.07856326526183
367.19410999796,92.24529520417445,3,0,0,276.938233339689
356.0444483782303,99.22612504050703,1,0,0,247.63119304809493
104.16821144273895,94.86561498939137,0,0,0,79.34886621342837
109.4483123952254,106.6187288337431,3,0,0,107.35903696854375
345.70503422149125,117.48489690777289,0,0,0,249.79097013279417
113.76276130464646,12.795882968614233,1,0,0,86.20034935551504
222.14248991750918,13.61930149854545,3,0,0,162.66675004671748
392.09090366900097,103.53199854018398,2,0,0,281.5495274389871
393.05649645843124,32.80842194779122,4,2,0,335.9335499883062
229.36457740030053,7.610384853510133,3,0,0,181.18005490809134
397.1340194462463,52.159793527478755,0,0,0,290.5070882697835
420.1177891180381,106.58399853739016,5,2,0,367.4974525675512
329.11399688570884,16.45345309581745,3,2,0,270.9561518543424
118.07079689266799,87.33945633458077,0,0,0,60.02577175669906
140.63583129084603,0.47006203030380056,5,0,1,147.0195488031578
160.84637192732401,14.265868137618492,1,0,0,116.1186972543995
62.81803332830624,45.610544949903286,5,0,0,83.54296997014453
140.21401208312284,10.868296533173824,4,0,0,114.70212049057501
108.7120160347034,109.96721676682468,0,0,0,64.29382132944293
230.38773115525808,112.32916540891095,3,1,0,197.3089436992901
454.67658619677115,98.22419140293815,5,0,0,368.9560334574721
56.71775679320925,31.52235208143027,1,1,0,38.564222498254836
361.5326223539608,68.02211978119738,5,0,0,284.27904676533416
345.2050871844982,23.94450831803828,2,0,0,268.0753358783378
52.39832833836204,36.5661985095044,3,0,0,66.98473775779257
461.67334042837103,67.08068798259285,4,0,0,346.355840758347
286.3937400676257,95.55179509990371,1,0,0,219.79918987777285
185.0441329621637,12.305069451173091,3,0,0,152.62355135130008
379.4865988301768,38.5705706916512,0,0,0,273.81335619080926
132.39590190880887,120.46077531434989,0,0,0,87.11962895246089
348.2873693379286,55.78603131164546,0,0,0,248.4816572101218
24.657047748262375,122.05305760821088,3,0,0,28.51270083694095
420.5069786165896,128.88207040177764,4,0,0,320.70233577011237
226.84456927555266,68.46577739448406,0,0,0,157.45367533734262
320.16299260718114,37.445721272030575,3,0,0,248.8585517170603
114.51272080430842,102.80098511443528,3,0,0,124.09128005969416
340.15148776593173,20.710395618251944,4,0,0,291.94567022349213
387.25893656717193,32.76609175736917,1,0,0,277.06810410495837
239.24052750777736,102.03438823490669,1,1,0,198.39205933025428
310.77482741058816,56.37397021516389,3,0,0,230.98809310171734
230.88133229208728,26.199931808396677,1,0,0,173.76855222326756
447.57522778263353,84.64634684380218,2,0,0,324.16458579646337
251.445244354588,95.25904197961877,4,2,0,238.23209144413306
421.69531096926534,16.259261128573982,3,0,0,343.21411428975296
401.66926884377307,36.00743379674144,1,0,0,287.24839841927803
208.1998865674365,28.76597819839032,5,2,0,213.11604608460917
118.89182346945015,49.381101739118776,1,0,0,82.12075381680836
206.01065561708663,99.24783642488838,4,0,0,167.2958857478703
413.977601008734,92.78205329566215,5,0,0,315.42346821284343
117.67810523059921,86.12810834988151,0,0,0,85.07255972187485
264.5959911995859,0.8171209629168563,1,0,1,213.81744835083728
404.01789024057,18.478630739450626,5,0,0,324.2285542716466
179.9713501885475,29.028681383268683,4,0,0,155.73576419918592
322.89377031633524,35.35425998505045,5,0,0,258.8185989153439
126.5876291541632,19.035450414357,0,1,0,92.4443712086989
59.09332545723916,53.341021691605654,5,2,0,115.14396851118136
398.2201914209639,9.77347605182337,3,0,0,302.2329751001342
53.98946858730988,97.5028847504115,0,0,0,32.38831720159407
139.33379056439438,102.40370234849364,1,1,0,111.97387177858337
428.27916388873285,74.65466964811675,3,0,0,337.769742807813
176.50229710394026,11.66163401545582,3,1,0,172.92141016441488
486.6574480095097,115.71081204107854,0,0,0,341.54082297745765
489.9684957130606,125.53265773205489,3,2,0,396.85610873664535
137.79663012451056,26.307262841832618,0,0,0,96.8803140526547
25.284220013695773,91.60317652729357,0,0,0,28.07062004447294
354.00632568166264,109.45202198352315,5,0,0,285.4937684849728
228.23831881093014,70.1796579305513,0,0,0,164.30521564714093
54.87265775999026,42.032002938477355,4,2,0,97.61583737432846
355.2237953941312,62.212632960445845,1,2,0,283.4460002634975
20.431580010401007,66.59493760197876,3,2,0,78.8762735516886
435.7473617936599,52.08281574444363,2,0,0,323.7399749921432
73.63300191108534,120.8795241723818,5,1,0,102.87875938999214
68.01937997962888,96.70480442252527,1,0,0,39.81654156654184
91.95778749444933,31.369213493145317,2,2,0,131.80516558406538
480.33184745357295,76.12243435158291,0,0,0,341.32829664747635
348.1188333256538,89.52958962105177,3,0,0,251.06585098710482
401.6789100545002,18.220334821276936,5,1,0,337.4202265686295
201.82931793771274,46.59534650941934,1,1,0,155.30725521449313
171.474800114953,117.72127660850907,2,1,0,144.71560674308628
121.06958335766912,73.7325030240762,2,0,0,95.56137939171688
242.92077401464243,28.20970698784119,2,2,0,220.992421125168
278.15522309941343,15.9620237554896,1,0,0,203.11718120697418
317.7285476081139,67.3694961517341,4,0,0,238.04834196518792
132.2736594793538,71.19914399378874,0,0,0,101.16150159734666
474.58377004698036,43.4738786760996,3,1,0,366.61612374024924
89.03045661253225,81.9540836944854,2,0,0,81.26073380363967
482.9983215093741,8.929009208520535,5,0,0,384.2835502119703
12.353780641214374,18.86816012459828,1,0,0,17.008051571940356
243.1572174493386,71.0155967314637,5,1,0,219.6202310265385
170.01707986769858,8.036040199779015,2,0,0,121.17825530474734
227.31608989547414,114.51813944884307,1,0,0,160.18506059608498
287.4789665954906,18.479028159347184,5,0,0,239.69144241247508
220.61663321629098,87.60958363098975,4,0,0,186.200730853577
210.3491908992895,50.85644742287528,2,0,0,166.48814900915983
367.6980906295867,51.9724071804923,2,2,0,322.6060091222709
344.5087561678,99.43563871944869,3,0,0,263.93477104120944
417.4692846077447,64.93007744247882,1,0,0,305.15023851940964
128.7296957135503,94.33521027370263,1,0,0,98.5989380832063
306.7166123282615,65.67485973786,4,0,0,243.05835782424307
294.67141876946266,77.07769438268424,2,0,0,220.50587020646898
188.02021638198093,98.89290162305635,3,2,0,183.2615824102625
245.59848324182704,78.9501365797658,5,0,0,208.3105417838781
160.32216093633573,80.02996422054252,0,0,0,111.19867217276365
75.21297682040768,102.59854688558728,3,0,0,73.32629318452192
110.83159927805275,123.38128605651852,5,0,0,98.55695432301407
57.22925496859454,48.97310001159378,3,0,0,61.10665026215272
343.1194397191114,75.02523043937366,5,2,0,306.3084766199434
332.06005958903,11.215510505360928,3,0,0,255.43866697186957
475.55015393203706,46.6445044739527,3,0,0,347.42953478972476
366.19081475538445,53.56639936562018,2,1,0,282.33697592544
30.762690184285066,108.58085118712663,3,1,0,49.64212944300484
442.70136109483235,66.74101227633798,5,0,0,342.858545688219
432.02420565813424,95.03862852879952,5,0,0,343.56229693109117
224.44355878248584,2.4709620033372772,1,0,0,169.01003179476984
295.00221001132115,60.38404705168103,5,1,0,252.79306832606576
488.15877457389684,117.17129647126595,1,0,0,356.90175787450266
268.4906601048423,29.160808209752062,5,0,0,221.80314600597302
453.13430504616446,4.097884089924681,3,1,0,354.05907799357476
46.10418511604229,56.34313538275194,5,0,0,68.1641167490749
99.57067501079801,91.57613668418739,1,0,0,68.49119748456596
223.17369700345233,59.08025588939104,2,0,0,164.72220382325563
294.45462012696584,59.797180756464556,0,0,0,218.33893606162766
409.0327866720861,87.07465536098154,3,2,0,360.51607797666753
494.1897469958775,33.07054507679637,5,0,0,391.25910483235845
197.48149075468763,97.74567291345707,1,0,0,141.35000207484254
28.47073988934204,19.904759017745345,1,2,0,76.14650440610856
401.57989413118577,51.4475786871784,2,0,0,303.3811015785854
304.16845594599,85.28105410121934,5,0,0,253.7279650783136
103.27871513975983,107.6879709399257,2,0,0,103.88340875846993
249.94008602760297,102.89903925145718,0,2,0,204.68851669903677
372.44357153919356,93.81912791000072,5,1,0,314.8582178005013
386.35383459897866,46.682529859730835,4,0,0,294.18894611953846
252.31111393938718,15.8995611181841,4,0,0,201.44229307620307
156.08119241378526,28.18844830008878,5,2,0,205.59351360261005
487.0025781090543,112.42839589494305,4,0,0,377.0877972463868
333.36449242346396,111.45307811724574,0,0,0,251.95879765822897
207.07757207641785,123.70291083007206,3,0,0,172.6646306972508
143.82929598130295,9.878524746420409,4,1,0,142.94834092043155
366.89597658676325,69.78518108606929,4,2,0,318.1505163822808
124.88080556891501,84.32879583755036,5,1,0,141.95083720443216
89.99644454197565,92.38545901869136,1,2,0,106.95469291379672
267.2677750362248,83.70222055135592,1,1,0,205.58389268444031
148.54375935885022,100.10148068729666,3,0,0,124.10426923482473
316.30804673718944,46.7313049176144,5,0,0,258.3692661806481
63.37964406274558,23.32626037761268,2,2,0,95.3629264798921
329.19584676082417,26.59583837955701,0,0,0,233.4794706446491
145.2317813588626,1.557229631121364,4,1,1,157.86008037598887
5.120252545083802,45.5418433738089,5,1,0,34.60266580160445
67.83334854871731,11.926726614397046,5,0,0,88.75984154728471
467.1396120283716,41.79353006272481,0,0,0,328.6384252261066
434.34054636210215,81.6673100316122,1,0,0,283.9374619522372
120.63647085793724,116.28214722628658,0,0,0,70.86419263027346
390.29409275001814,109.14870862876714,1,1,0,287.4406063956425
306.2429386211173,32.84764755448499,0,0,0,227.67885272537166
485.5978321676854,17.430808485746105,1,2,0,391.4443795211942
189.93480146935926,25.09939559357507,0,0,0,127.88726368823853
342.3230031959998,126.2282647474689,4,1,0,277.72347092774197
36.4501825998397,71.43168235911381,4,0,0,64.47042924090398
201.14243667412094,23.72528899007473,3,0,0,158.03590198947572
482.08974228814935,109.29700010928596,0,0,0,330.52504246348917
271.7955328528097,51.37486176063214,2,0,0,214.18060731095815
147.50035415074805,116.89887975671455,3,0,0,135.7625154838745
64.53412674866038,33.88802648848325,0,2,0,76.10943357932959
353.2465283898576,51.1188286445507,2,0,0,268.1390058349323
324.20374149771476,65.64320916271099,4,0,0,257.2843007939701
190.09966323386843,116.0399934315741,4,1,0,166.67199390481485
475.71596917358795,112.93846610865725,5,2,0,418.3180980940253
15.990392428985908,74.66615913950413,4,0,0,34.1116028879482
155.34330655775378,28.830816271515786,5,0,0,152.45812756696301
460.9293957182928,52.43640632592376,2,0,0,340.3746129678942
163.86304196812299,126.83229849751571,1,0,0,121.31556005528714
129.86515275830934,79.01051910406227,0,0,0,86.67248641869543
269.4391029159674,101.54270816614556,3,0,0,202.91277053125015
412.78186621066624,58.48241039698456,5,0,0,325.12631478944553
56.057646634788725,69.16094581068482,3,0,0,56.55834084597195
471.7952512746394,55.76403459023073,4,0,0,362.6645901365192
398.5610761846762,91.37972974805584,1,0,0,277.76017836211383
94.7188764980182,110.69123180529407,5,0,0,101.49530886199736
357.4439407930905,65.95726061919326,0,0,0,255.9670364221066
195.55456770559078,62.51276962270934,5,0,0,167.97905239410562
204.13586564777776,44.237240722791604,0,0,0,150.76474706980457
392.72859575723885,23.022570258230896,3,1,0,315.4662714514431
481.57847995046245,122.10220397376415,3,0,0,350.6734054908084
67.69465705936099,41.09036342833565,3,1,0,71.55881248519744
213.2119672550156,104.08989026465711,0,0,0,138.43871008004785
243.06609600173024,92.99511276737164,5,0,0,211.3837827607543
191.27434939272382,102.81928803615678,3,0,0,157.76809002422033
184.7786162395314,121.77985733837332,0,0,0,116.02182119966069
30.872990442990286,81.03819882871663,4,0,0,44.724291915629735
344.3416171784985,116.7335446396658,5,0,0,281.8395674961628
220.92613647442246,21.800651978598175,5,0,0,192.96442875623617
101.42293230874375,81.4726348743824,5,0,0,118.48404152212987
408.93658363952386,100.39582967889964,1,0,0,285.49384177442766
402.26757033505584,35.31334699674263,3,0,0,305.4735081447601
245.76385590400244,96.29799416795545,0,2,0,200.46452899526292
152.73307726814147,101.20198778511079,4,0,0,137.60296561154976
320.85589926924393,108.05443428213782,2,0,0,239.25703223505124
147.63530720981453,40.67477863747126,4,2,0,171.45897919251868
121.82392551023746,88.60885672188019,1,0,0,89.51099068838812
366.60475374303167,39.55292684326907,4,2,0,330.4407761639645
24.960993661870596,96.0752503747992,3,0,0,32.78740413744455
51.91039316212401,60.18657646894259,3,0,0,49.10518294007059
8.360146141676939,77.68076868853859,2,0,0,22.328304538571263
80.70687730533595,54.059197585973955,5,0,0,109.65438905102242
39.15005431167743,21.057780500877158,0,0,0,13.943440016859164
497.9221720510597,23.14383884869728,4,0,0,369.97350263887
147.96093512727435,10.083957944077484,2,0,0,120.92699564682013
78.8876662712774,80.34944836381604,3,0,0,87.43043730056695
124.29314770797939,110.32299173389771,5,0,0,126.49424961792162
468.38215791236667,2.708787414070523,0,2,0,361.1507293444805
262.4793103970759,8.611135271485955,0,0,0,189.06217266807963
185.58495767238915,59.470708999378346,1,1,0,151.84813475852937
437.3287716650636,95.90369570186462,5,0,0,338.58095548548494
200.52018392177106,20.50199381255367,3,0,0,170.56726914746457
170.82924212905942,35.3146715413952,0,0,0,120.27469669183746
107.6048486621191,30.16080616663493,1,1,0,76.40908837171402
192.0094278351587,51.876658427250035,1,2,0,177.52259505197247
161.7587562283784,29.249828012284247,3,0,0,130.66108663452522
340.2654598525798,45.83782821081789,0,0,0,251.93141032777328
148.3434388120099,94.71053782605274,5,0,0,128.75245418109452
290.71387447916794,79.43120229904459,0,0,0,200.86168306985377
37.61662169082649,10.553621700920075,4,0,0,57.667770589998405
99.6881325647746,82.90693661194331,0,1,0,101.13943801348748
206.66560944761764,62.02003230269775,1,0,0,170.6759267965958
468.78988068480425,121.49352471192803,2,2,0,380.90336638338374
191.73973292926922,37.609561223526924,3,0,0,160.08932796667585
333.7166899939179,94.4016345608908,2,1,0,264.3825860380463
131.26817509859208,95.01190699579409,0,0,0,83.54796888331929
67.88162010674971,28.795101531194355,5,0,0,84.00771919817522
33.97561703962481,117.41907124622169,5,0,0,72.18874653751136
156.17968177866192,63.8538160558484,1,0,0,118.71900205976617
83.04220826446944,88.25483769560931,2,0,0,90.56627254053853
91.13517176798148,18.96122265485559,3,1,0,90.91996142294964
381.5758576515403,33.514509208956,4,1,0,306.3497919121063
12.839845117712738,76.19392533183897,2,0,0,22.73710676426689
281.11601223904006,41.473544888535436,5,0,0,222.7227362779806
192.83338339376508,64.96007941422654,4,2,0,210.87142367302266
255.74224995473088,48.6206759185276,5,0,0,213.52021830302118
283.60096742122846,83.27199356372624,0,1,0,211.51196095871032
160.1170087563527,63.328897161505154,0,0,0,107.63838478030002
151.0788857912212,0.5992916765118617,3,1,1,170.7703892823155
368.0339154207783,84.45850893289992,4,0,0,299.68255003492374
436.2821091199728,54.87580241652363,4,0,0,337.28900037580803
100.3279080669713,44.42078426372897,3,0,0,81.40195276188305
53.32128646489873,12.239077796819062,5,1,0,89.33412236920402
449.40892416405285,28.64805977364389,2,0,0,341.37661008446133
178.19825450546233,29.090397905510947,3,1,0,148.04117748529748
277.90210837809303,121.59803492261477,0,0,0,194.87564797987258
182.97385653740173,56.22668671705109,4,1,0,167.6496435744378
67.27215649129539,5.468560137972105,1,0,0,64.46902553283832
296.7191642491254,18.046168691631717,5,0,0,244.08671847216812
264.9447216259667,10.274247845278568,1,1,0,211.87819160005958
105.48181179964263,76.55302072693746,0,1,0,76.50168280548606
228.67517710287754,24.260793903687475,4,0,0,180.71892200962256
399.48901448774467,64.81249323663087,4,2,0,363.27593579492606
297.2609210384062,48.108068173096825,3,0,0,219.61926038400765
52.97407689816245,104.50392902874592,2,0,0,45.03236301861461
276.27064112842186,41.66365284449709,3,0,0,223.6791465235738
352.8554581483455,59.57451271158508,1,0,0,251.4985620906142
397.3881858614719,93.76712131771735,4,0,0,304.2935136834086
316.41320142396205,56.33565690098311,2,0,0,235.97279977532978
80.56579144768794,103.11801968171457,3,0,0,59.066197429038915
356.5357669621295,86.01896631076643,2,0,0,276.15769226025157
340.2842138103506,53.36878481307308,5,0,0,277.7835798318824
17.091307055613445,65.51765033922715,5,0,0,40.761487618328125
208.81509545717037,125.73644925948516,1,0,0,139.15215924162314
169.81037224637478,86.009494546091,2,0,0,121.97793408689199
336.3589718055535,117.64937937640224,5,2,0,295.08113704851104
111.98722709390576,23.238605451238367,4,0,0,109.89515309768143
297.48160187225795,62.82070031186975,5,2,0,284.122191676753
457.0369510980153,118.12601707985658,2,0,0,342.5237467373964
399.91217424326084,41.939567987384294,2,0,0,303.2842289626192
461.12157942718255,125.79634575903471,3,0,0,352.75106040231674
489.36045363168154,12.620073761575467,2,0,0,373.67149244131826
10.281712868050569,117.34725213575479,2,2,0,68.4148527927675
313.2569318068514,57.87757586856163,1,0,0,236.94808743487198
209.35550189065867,9.586741468350887,2,0,0,164.31137064629615
430.6279727158853,114.33780703619136,3,0,0,332.05933621279513
129.6482774945202,32.75222761318475,3,0,0,109.42098456569268
490.60959711196267,2.8925163143792765,4,1,0,382.1236633009512
308.7854449241549,17.654923723994997,5,0,0,269.4589293886003
397.8010141032713,85.68491644696901,1,0,0,282.98668040368744
47.37177864727032,127.11549358796533,0,2,0,63.76243265383617
95.8116529556382,14.490078145857185,4,0,0,93.17310081437805
380.4098181519306,60.053246256219055,2,0,0,277.9808281128652
15.883328409465186,23.482751623179226,5,0,0,43.03082991153827
409.3546030174225,96.85474943320698,1,0,0,298.33687630873385
11.904764252496168,15.34765696903584,4,0,0,39.67865973688564
330.2738253353303,31.179427302515645,3,0,0,262.9342976734468
185.7214905147439,25.532775794379276,1,2,0,193.99021765648217
307.68995209600354,71.82757144770713,1,1,0,230.07784444408713
349.5355464596113,113.5139319600822,2,0,0,260.54091526826255
174.52523349722057,66.44172615033442,1,0,0,113.852739940202
58.4414118148636,7.571648860291262,5,0,0,65.62199295946125
39.474704535391496,73.24056097758806,5,0,0,62.54859672746705
296.5233311684612,103.67772991134122,1,0,0,220.68282752886591
262.7244000983852,17.18030564956195,0,1,0,198.87496270270168
372.3894995149606,9.452457864796923,2,0,0,282.8168981639318
257.3190774519489,24.41501108248398,1,2,0,236.15419531434006
214.11066606528516,96.99122196681157,1,0,0,173.68813104976667
202.05315322693428,76.91845453916021,0,0,0,140.43518753792034
18.091216785845397,70.27730501502735,0,2,0,41.55113551062155
171.1008148398453,32.432386302129885,3,0,0,148.27103560762848
488.12997797462464,43.190757382091725,2,2,0,403.3667524541234
437.410010232409,125.56505168263449,0,0,0,309.9824914592709
168.04214318193775,31.28127947482014,1,0,0,124.20702360924766
295.95872550785424,117.2139050231615,0,1,0,213.3745461295573
424.4118890400695,75.46909557950576,4,0,0,328.00474385455345
223.430796691284,16.028540628262213,3,0,0,185.5264719420169
13.889142556324725,60.75060916015884,3,0,0,25.38974335639017
41.88267860022684,123.31133325691387,5,0,0,58.35565046851754
257.64439706760976,54.41352775785662,2,0,0,201.66297201430584
484.8724909595598,112.2402534226171,3,2,0,392.2305325425835
348.13872339833955,33.335730304722,2,1,0,270.50545500269783
40.10351476209192,74.21987973404849,4,0,0,57.99227030569555
98.73363351697208,109.70076756625659,5,0,0,105.69802641177537
386.8049558923408,119.68949735206041,1,0,0,274.4548695624775
421.51268117834115,63.15703772966909,4,2,0,377.94351673107724
310.7588201633525,83.15945327890577,2,0,0,237.3441460693078
323.9894689667592,0.3874170017030232,2,0,1,256.4687825742551
19.027037939775397,32.91902997674065,2,0,0,30.809282546688017
415.1224784928467,36.232573487102954,1,2,0,352.7176576553713
395.19622804456066,12.154091515076004,5,0,0,315.76765814545735
133.22239633115683,36.36035173640697,5,0,0,143.83950555393085
355.79497638292594,41.745864297558086,2,0,0,255.21960967078525
111.35303018037406,125.93958514386513,4,0,0,99.74179644190973
24.96342972049893,86.91830947290889,5,0,0,34.357639485066336
104.56258858223676,55.380660324124754,1,0,0,98.79075897309077
93.42129399337826,128.4470798904162,4,0,0,79.42773464543416
172.18525838374939,19.920201630499456,1,0,0,130.31036660932062
212.13250110185174,61.88665521096299,2,0,0,179.77933369727782
256.7267512913654,84.11808691637641,5,0,0,225.95935144943363
240.99316837662244,7.225482482930012,1,0,0,180.6994587183485
138.98392995281824,93.20985155080544,0,0,0,109.65441610900811
19.43948094416686,12.982755879858686,4,0,0,36.50649662868188
304.5253030073896,18.236700117958,0,0,0,219.61821152952
200.89369077444042,20.75963662007093,0,0,0,140.79347940832665
152.8427179068371,120.75567746521732,2,0,0,121.08976405452503
434.1358162011036,88.82062086796181,2,0,0,322.5641069247091
374.6379373600891,85.20557514340354,0,0,0,275.0281931035515
429.5939464443589,72.21415454044897,1,0,0,324.5416431685081
250.01648338266818,38.06477983036336,2,0,0,188.47908973270742
69.81096980275485,80.71566159791568,4,0,0,68.28010049223863
349.6296108800298,53.319463585523174,0,0,0,239.42115298373227
107.00652106890175,18.904099512039934,4,2,0,157.86416861214195
223.4086862003998,89.6476477426053,5,0,0,207.02723710888193
37.175390529699804,16.845681830889955,4,0,0,45.21992319118958
413.5276591993763,24.78691553275252,4,0,0,335.6509592144155
67.34061731851278,106.30091054018877,0,0,0,41.12962066806336
452.0332659894083,85.81522249627002,3,0,0,346.6637527520067
432.7941481194708,82.0288500477735,5,1,0,344.0900814130332
234.9684683974268,54.36636196455413,2,0,0,199.7259253641675
373.4622611304754,51.51646737111825,4,0,0,287.28915132289563
311.6253115399859,89.73413919410216,0,2,0,246.52251852697788
402.5224429571837,96.20072001917595,3,0,0,301.6247689289872
218.74352488902647,66.32771630736038,0,0,0,178.04908965466257
393.9751997009533,126.0050017653084,2,0,0,294.8451305622489
233.91612444724825,124.24094265945335,0,0,0,155.86333075220458
470.77806498218297,53.61583370165862,1,1,0,341.41850221713617
245.75418990844807,106.68089305680996,5,0,0,193.74443060546793
233.99653960719613,70.62481940779399,1,1,0,186.23521918208834
393.6105714739388,66.52826538243268,4,1,0,304.3878704032788
411.6809574216148,7.1453279792247395,0,0,0,300.5492511689731
279.47211158897954,74.61671236088033,0,0,0,204.38520179143327
93.99991768006232,117.0751309732114,4,0,0,94.25271197679703
236.54032432400186,101.41740039536197,4,2,0,242.8947314748193
484.1958889402908,102.22122881090407,5,0,0,386.1156379428301
377.72816555439664,20.790775014924098,3,0,0,289.64384098123145
406.52548892017046,46.59842812736327,0,2,0,316.0458261709024
21.248621915523863,30.316639164530653,2,0,0,33.12083326295808
236.59043400390914,41.06898671923267,2,0,0,185.0742958729445
325.0774611604899,75.3401146541843,2,0,0,248.28953754175865
415.86617839589695,47.42189573813223,4,0,0,323.06388821517515
29.390458523471878,72.89071627035459,4,0,0,52.4905936811079
426.9572483927272,57.005162275695014,4,1,0,341.900935439381
276.4584636872463,37.260022598464595,2,0,0,221.80597131772637
102.67041543514966,12.40244644667062,3,0,0,82.60633169440855
162.0413321426015,115.93899945482174,5,0,0,141.36782057438228
144.55512811702258,1.4785375806043266,1,1,1,136.91508396721036
267.7752219727955,0.2148234584562514,0,1,1,209.17790853342686
30.584411556010252,107.48370616926098,1,0,0,30.686850368275334
83.47539845746215,129.5854222423527,0,0,0,48.90541700265531
407.2830564710123,94.52336760277531,4,1,0,316.6955000859484
70.63897541967148,1.9855989481750158,2,0,1,100.80727010337978
120.53115338177285,29.469729466906735,1,0,0,90.2168205904521
229.41844977405788,126.33695103405496,4,0,0,180.20126015869968
260.97483961609856,105.11855278259853,0,0,0,183.18412934163715
382.9871874090085,73.68397969461243,5,0,0,315.67168567112844
226.42955119976295,30.791892227246667,5,1,0,215.68239889482987
395.9829874125917,1.8681267704773674,1,0,1,291.5677584004778
311.0814219875014,2.711991442863171,1,0,0,219.88349647163182
60.98437101479212,79.55751225892946,1,0,0,52.25215281463058
82.3840620044551,2.8381439258150056,1,0,0,65.04768783256625
221.33169409763656,129.17191845029845,1,0,0,149.03408087036826
201.4602495790746,23.839898354185955,4,0,0,158.06532497046257
373.0544134704608,92.39195704300604,0,0,0,253.72409817194045
292.46488419968915,20.157763783613746,0,0,0,190.50781089543872
197.12587509611342,70.21214474270289,3,0,0,156.62143650900438
89.52634030794088,10.479467500608283,2,2,0,124.34553406882203
117.2843656511201,99.68119518932161,5,0,0,112.79637487893646
289.8730041421842,76.03974231422785,1,1,0,230.55653871179035
214.60220842539727,11.201670142183954,5,0,0,187.75118108636462
259.88911688603264,110.31620459600072,0,0,0,181.80070236971312
89.48533047460566,71.11241992097126,2,0,0,62.57445979284273
333.1385949105601,119.80700030173134,2,0,0,260.08500838908697
427.00667672370366,119.16103857815465,4,0,0,331.2643239347407
132.6800558595158,119.66601263325572,1,0,0,86.45747602740687
248.29954178675416,10.112076026060837,3,0,0,200.30695646810304
487.88602786534636,15.724509028088047,2,0,0,353.4996188176486
169.95466157261018,128.40175526310574,4,0,0,149.31989020178452
299.5479407372618,63.38810678183178,1,0,0,220.8068126093297
49.64687159912096,30.967826867789196,0,0,0,45.98647169693439
304.9774262273244,100.05638350482553,3,1,0,235.73267523652254
49.36772778578587,34.35707875762266,1,0,0,47.1947471992843
479.8215404852919,94.53803944242351,4,0,0,379.45223495965354
359.25301277579416,108.84715112046894,5,2,0,348.2747429025933
395.1390951271747,101.95423904838648,4,0,0,317.1677537760678
353.53165858196024,35.6262150657316,4,0,0,281.60441714957824
296.91587285785056,52.21041463030082,4,2,0,276.86287132765756
227.70682663732515,53.72263042032593,4,0,0,203.50314559311175
429.8948229817259,63.865479353581335,3,0,0,322.4772362317433
478.6336554338162,21.758470700217686,2,0,0,359.42217380982026
252.02290558752026,58.82110655386451,2,0,0,212.04544553694774
466.10984933185466,66.40178876701236,0,2,0,364.03434691251107
293.74979044431615,69.12216955553681,2,0,0,203.62722330205048
271.5001725137344,106.58705589797957,4,0,0,212.69986012568526
229.96895281290156,67.25348480233437,2,0,0,179.3720341981775
108.59744195740933,30.001909926777774,5,0,0,105.12446391013705
6.841232104939299,86.20673597174434,5,0,0,37.70417922423389
124.54558229375033,103.65083873126127,2,2,0,135.6591160694272
257.31296994376476,41.51831663697403,4,2,0,251.48122839546807
193.0801763685775,83.88977077228867,3,0,0,149.3781965467066
227.00018786130371,19.101939472981645,4,0,0,183.78154446744765
490.42086868420455,44.450419595148325,2,0,0,373.24286142557014
178.38482348131717,118.19911084145244,2,0,0,135.9810401071219
228.83055498325342,118.47006121113421,0,0,0,168.05952034024332
71.09019791964569,74.79219523659827,4,1,0,88.10675908348306
28.739077556308885,91.30568991246388,0,0,0,20.078347945370098
388.82770972328484,111.02200397677238,0,1,0,290.10989272613415
287.4881716606294,124.61191409064146,1,0,0,193.37066666993616
381.54887899172803,63.68523723767003,5,2,0,345.3187201357095
79.18208544884305,73.00484576138446,0,0,0,60.868097812236066
288.055241735432,54.033403664217936,5,1,0,255.96910424520482
130.5530247989809,9.357651817335737,2,0,0,103.17583967671116
117.89059936550986,54.9644514183464,2,2,0,133.6216243472932
10.705376956227703,102.78155411980003,1,1,0,6.0
69.51865816669059,104.63511473889872,1,1,0,59.24342232734566
158.0877151923492,116.00902489712897,4,0,0,141.9715960753813
62.854986492514826,6.69067167287598,1,0,0,64.80417902050954
492.9999280034141,68.5300966454824,3,0,0,386.2119593982347
157.77316101935557,13.965183431819915,2,0,0,122.68725904121433
69.51035361765244,26.096483811546634,2,1,0,80.33241630117121
103.54574484983908,117.02814530947884,5,0,0,107.76625372841974
295.91309802903083,64.58286359586046,1,0,0,201.53620642304577
36.701544313070315,98.61083971655977,5,0,0,67.35246997424123
431.9048944198727,8.369933770728506,1,0,0,328.5556103372171
480.94234122238794,54.18744551023076,2,0,0,350.4557782692337
127.13997323035353,87.6512364863639,1,0,0,88.78055132484504
227.79715795247537,17.34284256616773,4,0,0,190.2043135133669
15.95655325960105,42.356324283738815,1,0,0,17.35832528991993
322.1515612399746,8.391214653104822,1,0,0,258.0914788815534
209.8933987360315,84.67419231303636,4,2,0,222.0128052530533
138.67894072027008,126.21586367755542,4,2,0,163.85552785817217
107.3843697552212,107.51591384856786,4,0,0,78.54276398800116
328.7414234410864,126.70100518498353,5,0,0,266.76308307324183
211.02743036099565,109.92862336279154,2,0,0,180.0305787457756
93.93134806980645,111.17545480560723,1,2,0,110.22490858415748
346.1089953359779,75.03303539827454,4,0,0,280.50887714396265
284.71078010316336,67.37280048371728,4,0,0,233.2999493365727
430.0426671901006,52.81305463561758,2,2,0,349.5795712480524
63.150569943863985,106.3523363559644,3,2,0,117.39871441656659
393.9049679625058,23.668789596143196,1,1,0,295.9507188967462
338.39080947454323,7.309239057145116,3,1,0,263.1022682995039
61.93041372990842,123.22619694900776,3,2,0,101.50931156089403
348.93626128650175,0.49116407645201754,4,2,1,341.95586913733894
223.56590799551606,126.98781184386074,5,0,0,180.49616456104783
472.76746885014234,94.75093808358956,2,2,0,386.55060961581916
75.09761855586017,42.704859560717594,1,1,0,69.87279654136461
323.2025284537903,90.71657960122033,1,0,0,221.4819827529291
194.08012250415825,106.32377043406656,1,0,0,151.09864365094433
478.6232619424845,31.897067278236666,5,0,0,376.15977974891877
168.33757316868684,100.21643882634565,3,0,0,148.33327462714288
481.2820251984411,104.56805125107122,0,1,0,358.97119253648145
451.2354962948708,32.416101916294906,2,0,0,332.4191334883391
138.83970147877488,5.450426069137859,0,2,0,129.00406166505735
402.7531795290817,26.535896992552697,3,0,0,293.0755970043248
497.8240798927354,26.084033155621277,4,0,0,374.40618669587815
130.06818607478476,8.481259042812814,0,2,0,127.91136810662218
221.20469881504323,94.38096000517547,0,0,0,147.4723019355724
262.48946460054606,49.39674017959307,2,1,0,213.93774828161582
150.99091222291284,114.97020176900159,3,0,0,120.05098798565122
12.556095624784732,32.78224373647418,2,2,0,43.39775228370798
113.9639758777757,58.920181462990556,4,0,0,104.04374144878025
144.55875774917044,83.07226576047917,5,0,0,139.69952819835083
224.58185215250265,114.07044345733114,5,2,0,219.19335909135748
89.69572681463393,68.20074321051872,5,0,0,91.32027139838779
437.26090656237795,48.55820161560977,1,2,0,346.183202667615
353.93101070201135,112.71196020136115,5,1,0,290.34375126864654
47.17423639203268,40.33203520938937,5,0,0,71.98040089710686
326.795763314266,10.325080952234938,3,0,0,258.02045226856694
328.5599558207821,57.8554739763312,5,0,0,263.65479520734016
478.3294809535957,102.06212984473895,5,0,0,364.2938936089845
6.495331321299817,4.001508127958001,4,0,0,34.61556116022659
127.72656265387457,76.16469184864697,4,0,0,123.61944797513539
464.2567822907812,77.2803263085407,0,2,0,378.2346348437832
466.4062881221501,120.71042924555961,2,0,0,353.94350925293617
361.6902775884655,37.24042622885283,0,0,0,243.98115408494215
384.0528439185323,36.248759717390506,0,0,0,269.82719882661155
50.284064175175324,57.26287467415816,1,0,0,46.80008849760756
259.3685382152256,46.39893719129697,2,1,0,198.83194221286976
119.6335806880547,95.72496214961248,1,0,0,88.4908981896213
94.70293158874054,83.42777002710145,5,2,0,144.91476154883756
406.10013306604964,98.65973492781463,4,0,0,317.7086600817288
71.84387765687097,106.60543285582959,5,0,0,86.72888121048692
236.98256031321068,119.98754725543921,1,1,0,177.59986433907795
469.59622859508636,56.021775132004194,4,1,0,356.26926086950454
96.98686750484455,128.01066063130145,0,1,0,74.64940256843367
489.1067447504261,28.035905742474856,5,0,0,380.4307797433483
497.17255295172424,92.86747105315271,1,0,0,344.9294831401652
280.03049156778945,69.4212112499346,5,0,0,234.1003204833925
89.22065638769317,106.19707730903484,2,0,0,80.90768413654442
161.47191953074335,61.98016767883538,1,0,0,114.95225271573057
215.1239521748849,101.91202259711606,4,1,0,193.2832053422409
158.11549105732036,120.92193290419814,3,0,0,135.69228787981444
143.9146120388753,95.19825459821135,5,0,0,134.8459992295594
486.25370606209697,100.89225720838216,5,0,0,375.4941722088824
80.9155895707941,8.732806064561295,2,0,0,68.52711947262398
367.99731481484685,26.64449609019648,4,0,0,280.8570081155944
5.203093272391561,126.65948626546718,5,1,0,51.774558750113414
300.11042135417654,90.11431049236127,3,2,0,261.8352023069391
458.39178695725593,72.9883722504306,5,0,0,352.5409454593317
147.5273765761434,47.70692854153851,2,0,0,123.01236144867714
96.835357752571,5.770570156899328,3,1,0,96.77573226191006
327.5814984648214,47.98766803533755,0,0,0,231.78927000833153
357.7376966127046,64.85867352764487,0,0,0,237.1161932884421
345.57510688123074,27.489736220295274,5,0,0,275.22563816045414
163.06185561058015,22.507782865598227,1,0,0,137.42941749385224
129.84018906886877,66.0941516764772,1,1,0,91.82462418493806
478.17980598121187,76.16755063158071,1,2,0,396.48534450379674
462.0332565936151,31.18932945108823,1,0,0,335.6920463104261
231.37172189694604,76.3606316793077,5,0,0,194.52433215736036
423.8659637464148,117.04419530365834,3,0,0,318.95971538892985
228.90012142897655,61.512523542775995,2,0,0,187.05117736427405
215.07256394589265,111.46072204633359,2,2,0,181.71847455452192
82.59765906165086,120.5452877893314,1,0,0,78.24308938000814
216.07099796352654,12.011223761821142,0,0,0,154.91150026304248
271.02138460690446,12.455505355383607,4,0,0,229.2194001129329
16.139642077199802,61.885743775388185,1,0,0,6.0
224.83593756182617,76.45331776130135,1,0,0,163.86052586975367
391.77132810562415,55.3648503804538,5,0,0,291.5893027791183
341.62279790526355,42.43860015427539,0,1,0,260.923753477058
319.4027094876478,83.32923509640027,4,0,0,245.41635703724083
455.22993707641524,0.2705966054896347,3,0,1,351.96214101338063
13.925844863488855,125.84952651228652,3,2,0,50.02014322994918
280.7385551651559,30.17028146444288,4,2,0,266.9677168957519
394.73767996280503,119.22283991579093,4,0,0,308.0853761592064
272.9610144371273,14.17191678948578,3,0,0,207.54753052967808
165.3282985272877,30.951333665794436,1,1,0,135.27025746985854
72.44402972052904,30.533581141375052,1,0,0,51.31757187662935
444.3437205490147,129.499877546084,5,1,0,342.82079807192883
238.02738423186346,0.5980709443649745,0,0,1,182.74514794596138
439.6670225079222,83.15296720945446,4,1,0,362.9556580635092
294.9968006044183,113.05925553791087,1,0,0,224.17803300130646
338.7250977244254,87.39557502321577,1,1,0,259.39841201810304
403.10927141733276,47.155396368202744,0,0,0,286.7439432069743
331.2819945770665,124.58021715138153,4,0,0,259.3761358011378
202.03714613607417,116.15769809657533,0,0,0,149.23824656166124
259.24852504468225,56.41413963243731,0,0,0,188.08687295621277
402.5075347145605,74.53270403945125,3,2,0,340.97494340625786
189.95689670462718,125.77749441468129,0,0,0,135.87894520805708
197.12012110040604,127.73284705044111,4,0,0,153.49087096270443
52.36660744871057,58.47702584333379,1,0,0,39.8419888557238
457.7192954347651,110.15550365860152,1,0,0,319.5580140058551
50.06297589799366,39.257429504011725,3,0,0,46.0289593953387
325.86354283703514,48.33567348098641,4,0,0,263.0537853773659
209.53126700738486,21.426844788729415,1,0,0,143.72293963261532
205.78159817644396,27.193997060974937,0,2,0,188.17040016521545
341.37815910347854,85.39352929371665,2,1,0,273.66082223004173
38.211397651789966,66.40161034092051,2,2,0,76.81741224282023
298.88436256096014,30.047141881328372,2,0,0,219.92755187723773
387.1557340563156,52.37825012701484,2,2,0,332.9656087611525
414.96531515386414,48.513849782278626,0,0,0,297.8880166163489
89.41254274991877,128.35682658959345,1,0,0,81.0713527459636
449.222429788696,110.96355883747931,3,0,0,328.9646055144414
329.7923154644839,50.435623339897155,0,0,0,230.4514380652589
441.51812640623797,118.8091552564843,1,1,0,325.89276996263254
245.21395496954815,44.54260091166225,4,0,0,203.77702544872818
273.306505823115,86.82719665553172,1,1,0,214.74622033042453
459.9239471291922,125.66449956867463,1,0,0,333.09267994437363
450.45522396056253,50.736252318511795,1,0,0,337.18701754087664
226.839632317656,88.38504546364139,0,0,0,156.7493873720411
140.83425265966247,38.470095438142316,1,0,0,97.17132063677627
199.61936510931076,34.620601027736704,1,2,0,178.11677052843328
196.9433426222261,74.64036663610175,4,0,0,160.7081354268635
146.999103116483,127.30439774431836,4,0,0,128.46074735993
137.94690414481846,58.90740033362209,2,0,0,109.35158167371527
431.22615355746115,121.89280614115549,5,0,0,338.35394236247487
39.581650738907534,118.86725763181902,0,0,0,30.02733623117366
340.4175351392991,32.98913960484932,1,1,0,252.34487177386225
90.54592547094389,52.236522920962564,2,0,0,87.75398002783413
175.5304172300613,83.6293222042438,2,0,0,120.86006795466481
35.46380189674424,67.34596497348092,0,0,0,6.0
138.63695024345373,12.474608882212662,5,0,0,142.87316008352258
385.36843020303485,129.1807439165306,2,0,0,294.72936744900693
443.082585650893,97.84502015746641,2,1,0,347.3153900604507
114.65594019167169,56.90022496921253,0,0,0,86.66414766945714
234.4561804331663,80.36191145661788,3,0,0,187.12123493229032
237.81040372891715,11.384466244609916,2,1,0,188.94030982924002
437.41977635106844,64.3892149796493,4,0,0,323.1476859255643
382.5855311735237,121.00821405627342,2,0,0,285.7894104331723
258.9732230921847,116.55812454714717,0,0,0,169.87343362348892
337.0198642335278,43.85950991280893,0,2,0,296.09140502691497
424.4407516851366,69.07782229677404,5,0,0,326.316799774411
9.721782242644746,90.65985813139409,3,0,0,27.783536827661763
204.43056536977406,44.201204698027695,3,0,0,179.46162640866137
454.08536780215394,8.434298352212004,5,0,0,353.2365921485358
371.4549502677559,65.70741537331462,5,0,0,294.96996594666774
273.70648029536693,78.21264565703373,4,0,0,198.72351716006676
267.17404088239107,0.7594080157963323,4,0,1,223.60543129598923
177.1461983141967,12.424798560008982,2,1,0,153.4982080150025
262.65766415254967,26.947783667239797,3,2,0,258.06092627114896
329.4146837344094,45.24679730882144,4,0,0,253.30765120912116
212.08970402225256,70.33665896797545,2,2,0,201.88103825845258
358.5058074641261,38.19957943875649,1,0,0,284.6390046149203
431.309952493891,35.90389587284549,2,0,0,323.95529979658613
81.56899985150628,113.01541469570064,4,0,0,95.16279079560334
228.51577629462508,18.856583304185413,2,0,0,168.81058562585812
206.96994518611515,64.40981731240683,1,0,0,167.26779220073334
345.2950780046154,123.86721320169768,4,0,0,266.3069051118648
128.68439530267503,81.25172238508596,2,1,0,106.42399883303625
321.92420290137676,93.236712386277,4,0,0,269.35501950222255
439.35717465708655,56.06080888077892,5,0,0,340.4020309388899
211.97514189784323,2.591181725563544,5,2,0,221.5964374731521
455.95277148971394,83.9969478877367,2,0,0,350.8846836700364
496.61605077207184,82.15015658565613,0,0,0,342.32541786827414
57.51556472423628,14.355592740233302,4,0,0,67.26794506316085
120.36132805250503,60.080762771202096,4,2,0,144.26903795715296
475.43797698363613,118.99276280653456,5,0,0,368.6447203273343
479.3722048082864,26.661028156356767,5,0,0,374.7335574058864
53.365101316445454,59.942838102434344,4,0,0,78.53036362839782
12.424257686682658,59.943414076067654,4,0,0,52.350682648688604
84.74451151192902,105.39899085919299,5,2,0,133.22221293200698
498.0263277742129,107.1948631428278,2,0,0,359.40875191909896
94.09981022229,98.70502455624094,3,1,0,103.12573381720908
253.76106532740147,47.50904069447559,2,0,0,193.57284466680318
424.96677458310296,9.364800252407614,1,0,0,307.5176259659689
15.098797290662137,45.432787039121834,0,2,0,37.37156608203713
304.2220462179374,88.37285616527416,2,0,0,214.59120488924393
142.12759719046403,91.35705468357993,2,1,0,123.55508292991212
431.8557836376671,125.45002723197348,4,0,0,324.01424787779035
145.3132688857192,58.9733600876821,1,1,0,114.0016658710517
344.9440815395449,82.21662578223774,4,1,0,294.6339076761114
338.7387180614615,70.09481319392911,5,2,0,310.47827070894607
114.6393066855218,19.58041281472086,4,2,0,155.68569558437503
22.22560393483331,59.95632137717769,3,0,0,39.95394853579419
207.57853902377164,70.82857010956926,0,0,0,151.78055681600338
148.1506102231055,123.59744878549361,3,2,0,157.2265695561627
405.44398605878575,47.65007707316429,4,0,0,325.3719580607139
401.1802732853959,127.4128834040371,0,0,0,285.98352964765115
231.22685633534962,70.49900962313097,2,0,0,175.23934067390164
305.22355153499336,31.521001629397478,1,0,0,225.44461809700036
304.10846041352795,24.91637031205501,3,0,0,229.82761319623526
414.44328347167357,18.420339243830128,1,1,0,306.10506106230036
215.37619499098275,58.88127317454889,4,0,0,180.33281238578732
141.34610649630199,2.85043587256002,0,0,0,95.0425221444516
136.192284479571,57.8558868309325,5,0,0,146.16421121014452
270.41517824469105,128.49260998027302,2,2,0,237.5446560684826
227.32836035244523,87.11388344389466,0,0,0,179.20975622354234
222.85978163754342,98.77219575605261,5,2,0,229.9181913988752
50.11298284940508,15.470700793374132,1,0,0,40.4649038357478
360.70885164164685,61.503111993711805,1,2,0,293.2781618858792
110.79966055104579,37.20900313334281,2,1,0,105.41320884905485
102.49204695331707,116.23267863857382,5,2,0,152.39506365310223
209.31536853730975,23.56802136180863,5,1,0,169.9105974472266
117.7502791008117,59.635332527776455,2,0,0,97.56179405451839
294.0098423174676,76.4462033849329,0,2,0,225.6434993701894
188.8743529705634,66.82534190520924,3,0,0,163.75950386973437
227.21130268343111,107.93165863615296,0,0,0,169.38162506256387
270.89881419399427,30.088912271553248,1,0,0,198.7914563177734
105.7500836284934,49.06084435507986,0,0,0,76.52266715913169
82.09705331843725,102.97095855461383,4,1,0,82.88297120120478
440.80884192243434,68.64928352578463,0,0,0,306.23360706221024
219.69323290155342,52.27526013423445,0,0,0,149.56795560602322
208.9863367681069,3.827526916828096,5,0,0,179.47872272903837
22.628014385056535,97.94010512202922,4,0,0,52.622283239850624
251.49826978075964,126.38367013567884,1,0,0,196.2635324067924
279.31401219744504,80.6373112335063,2,0,0,217.05800030299662
281.62623112255994,111.3503586895433,0,2,0,231.88432812209945
354.98042881482775,67.19384661534039,3,2,0,301.4589499948767
92.85350832055083,30.118525505037397,5,0,0,102.35836964864869
129.8504514441563,1.877473550568911,5,0,1,148.32784242981813
406.3115802890543,84.9417747866986,2,0,0,299.21933268252457
473.84945533748004,64.10415027227181,3,0,0,350.1503744015338
72.28670994682372,101.6727591213882,0,2,0,92.56321233469882
251.33652948008302,90.30871426658959,3,0,0,205.43573940933925
111.01724510609549,128.4338078668534,5,0,0,102.55771099177122
34.73621833571631,66.34063584356517,2,0,0,35.466060811820554
166.12415237243704,55.53272265749122,3,0,0,145.86522279353898
76.1253744661853,37.27615962710834,3,0,0,84.23278936531895
356.4168713499519,61.99196793286568,2,0,0,266.5694810794483
269.194079767365,113.47329215597988,2,0,0,207.7073592638754
76.19806314020389,5.517164352926365,2,0,0,70.45971138303952
9.574586260729612,127.12700614720454,5,2,0,87.3473088425334
405.0377392669853,129.12993526001375,2,1,0,299.32610403906864
92.21623105130253,77.71677921642723,4,2,0,132.30225954283753
305.07723789927917,43.10074648040218,0,1,0,216.3489115734603
171.77634697298905,28.996365881863095,5,1,0,176.04662028374537
294.8155394659426,35.94375143903424,2,0,0,212.97996418789518
161.2485453562504,6.513705445646341,1,0,0,124.69890333410152
48.03508254266581,61.76442460283665,3,0,0,47.55561061569735
115.36025423608802,7.452155212372759,2,0,0,102.60258476110066
98.08899040714242,93.40164792087027,2,0,0,87.59288798918693
216.8695794576237,48.35082921927103,0,0,0,155.2413780430711
330.8504727959479,25.917415127131214,2,0,0,265.58992856292065
135.584007098447,70.83096251868498,5,0,0,125.38360542955348
10.974617973805886,126.58870994159179,4,0,0,44.88142587531941
261.87399531105467,90.36703637239438,1,1,0,211.6003447980325
304.85094723269117,63.927090513540826,1,2,0,266.72612151353877
481.6208945308958,100.99885890308582,2,1,0,357.2715509336665
296.7880475311572,95.87194134686852,0,1,0,216.38606503902298
238.23041689218022,115.92560993751317,5,0,0,198.70897378147077
288.8338048193634,26.606963187213175,5,0,0,237.2069844905491
464.31081178170336,111.65408491363516,2,1,0,343.57827743782826
415.0471820728149,39.13339131542085,3,0,0,311.3052952548109
164.87447301508496,122.32986061726263,5,0,0,165.59062396438648
122.44091001028295,36.53846936307557,5,1,0,128.55573781765943
135.00363812120645,120.4903106111479,5,2,0,168.24921776053665
254.68841465903046,125.29279288033041,1,0,0,180.4511730743345
373.304478358146,18.913876469411854,5,2,0,335.3741117236763
254.09350755556625,126.68498482416179,3,0,0,208.40016028642356
38.559215934915734,11.143985895806697,4,0,0,60.42331135611986
363.17244671779054,28.413812259627854,1,0,0,276.32165851950424
403.9552136921222,57.74194151346459,1,2,0,317.45658621353726
148.30144323426123,129.1676575425223,4,0,0,126.6760613413162
333.74224094525846,63.513196651499314,3,1,0,262.4666512648189
216.1629910219247,71.55322761320316,2,0,0,180.70990126913694
445.1140810850842,90.27524343807431,0,0,0,316.887242688341
423.3866512895662,125.87816257548369,3,0,0,307.7076183794595
265.08883916327295,101.83568201615178,4,0,0,225.75166368193567
347.29524517772927,29.14002057508082,5,0,0,282.13591876067784
442.25810200594145,39.388820986366106,5,0,0,356.19507110609806
250.37991998874637,12.691671149108172,4,1,0,228.79072626362208
160.05911654196686,83.77880734141618,5,1,0,149.18451424707092
378.06473826524274,23.496239850098803,4,0,0,309.918327575121
113.93279611842243,33.46263550231754,1,0,0,86.95534146124955
197.3229182629908,115.45477517344902,2,0,0,149.96148688238793
433.5349823678629,42.47823779316198,1,0,0,314.6166629127438
363.589058433311,73.66407338604171,1,0,0,253.1185939542954
204.88644759751213,51.68358114259301,1,0,0,151.64637269133686
111.29852869213691,9.624067362768766,4,2,0,141.17944017124822
181.20435346195708,47.172297886571656,3,2,0,177.06559433041568
145.63155386757933,53.04886639467101,0,0,0,96.98121947792343
92.1641975322077,116.44114324849737,0,1,0,84.30016331624401
372.94979221500006,42.17858497402414,2,0,0,276.0595765273169
129.7745939908349,49.30134556906882,2,0,0,97.17901974550726
229.8128977330431,101.77657992740349,4,2,0,231.0543032260229
196.000426183874,98.66436465750773,0,0,0,145.2531303841001
491.12830242463724,103.77708596430381,3,0,0,368.2607885315263
198.59066085336917,123.99019620988052,4,0,0,157.87450279084078
44.59132898439363,103.42247479132195,2,1,0,31.957656564879855
49.463747523181596,52.98906641832582,4,2,0,91.60798788921606
297.4230920697671,106.79610719675195,2,0,0,233.8340375917157
301.68495811044147,66.12770217169198,0,1,0,230.61967864105083
212.2857002889142,36.10282422741349,4,2,0,207.48430620594633
218.7626276944547,39.37921885703161,1,0,0,159.49741429472294
31.69662850623125,29.099510513241782,5,0,0,64.65431576025672
260.6905226426848,18.84908451656794,2,0,0,197.17076289717878
254.84604031327407,23.983753540974543,1,0,0,195.5182031296696
79.02691268568755,8.213146493996518,2,0,0,69.30867575736619
56.400496124909154,115.49861244121023,1,2,0,87.3464938062004
66.16838284674779,121.03101525438602,0,1,0,52.802099843423655
55.00898201317297,76.28015102420642,0,0,0,31.7745375070071
306.80555679069613,109.26364235912905,3,1,0,257.65990591954574
102.25891293944471,23.864243344909127,3,1,0,89.2650446738213
129.4579253327944,117.21759727950807,3,0,0,107.58479902641616
90.91821135496266,65.82700275196608,4,0,0,92.12847320810198
479.12847570200904,8.731449038722161,2,0,0,360.33627218758187
428.0356442601585,18.370656784240825,4,0,0,323.0328465418088
119.09494448900283,40.16693990228623,3,0,0,106.80861622596795
167.14531549145238,5.662485446117687,2,0,0,119.90625317313194
108.8969569409736,40.20813914226767,4,1,0,118.63188469169917
248.47859993310774,7.790956305455933,0,0,0,191.8100826107884
14.70721357475553,30.683588675067273,2,0,0,7.145446097897984
337.32716440391386,34.53706826133741,3,2,0,289.1668173667655
263.9632841597326,129.2679669276832,0,1,0,202.85944505667763
449.8262695090461,30.62106758927638,2,1,0,367.41725477796564
86.374378742565,31.094238362015442,4,0,0,95.06273110945514
403.03407680026015,89.28256588659005,5,0,0,313.92969993801887
397.0207021610243,111.71647220713875,5,0,0,314.91270920695297
67.95468866235902,50.31720363827125,3,0,0,58.52633501310381
202.28681595134316,113.83034259229002,4,0,0,178.83688035614898
89.22555736653587,44.21846269720842,0,0,0,72.39769153066229
131.08664772648672,25.61206434995251,0,2,0,141.18826872873177
135.30685654111946,42.85304716260406,0,0,0,92.5400407138648
280.3370150427575,79.21632861063901,2,0,0,205.01722535154772
208.64841122143042,47.72861071056959,3,0,0,182.33592554451818
474.12773798312116,87.47619451860754,5,0,0,383.1058066272841
67.55322026376754,30.80166432492271,0,0,0,38.79375766313598
486.9776067508484,91.12907621858935,4,1,0,378.1688147972887
119.16612690606065,45.16698722230067,3,0,0,112.82296566125767
387.57259850901727,59.26288830825148,5,0,0,307.31053261848416
172.7901134555466,72.50686825757647,4,0,0,151.05429158947746
75.82529073157038,89.20925041417918,4,1,0,78.10179867139028
429.6551466968888,31.03277994033538,0,2,0,329.1850877228593
157.8861451220493,108.67291986340535,3,0,0,132.22612031842138
331.13342509228687,93.83955746818117,1,0,0,234.65225453539853
285.38962411788015,30.43272947311993,2,0,0,205.51935381814243
238.5193731484828,126.74669313837835,1,2,0,208.73932023554175
250.43063896102686,86.42360883395959,2,0,0,183.27669077431875
367.4577674756823,58.81549524067173,3,2,0,317.2345680001915
48.44759249110308,20.478552321957125,5,2,0,115.1307524818641
335.749427669163,69.31873030005708,0,0,0,234.28820383881202
448.42699019229644,21.420865287525366,3,0,0,334.30195080081944
33.605157524832755,55.83391823071969,1,0,0,40.58457183059099
74.62340292066504,53.132627956137455,4,0,0,88.0770535215645
359.73280866750554,93.59215376516983,2,1,0,284.51110715696984
221.4544158810857,25.009813559152473,2,0,0,148.03439599695332
204.75656730277575,106.84327613320995,1,0,0,147.69930029272012
72.79848409939675,42.39720251210155,0,0,0,46.24150594062902
255.8511701553051,57.71852150594076,3,0,0,194.77057106312486
67.63992904220673,100.40432682199953,1,0,0,64.42814751931998
240.9271258737175,81.30101196275692,3,0,0,186.7750857113705
382.98957298602005,40.043295734251856,0,0,0,257.8320672607657
132.84085715414594,50.20638019096453,4,0,0,124.78552967858202
242.989153248965,39.75228581864932,3,0,0,193.0532290551008
496.04790485143366,77.32012174603042,0,2,0,377.8496162437607
344.89195956024844,43.24118931688916,1,2,0,295.81403815965894
421.4716017960733,94.34070032180831,5,0,0,338.2873102418842
210.34956524747014,75.3723306158844,4,1,0,191.03096848191655
385.0911569472984,18.941859527176167,4,0,0,304.98474960687287
25.05204060595431,40.33492042838471,4,0,0,56.290144466290876
65.84103535841126,28.788167448320248,2,0,0,59.477374073200394
105.51994349543075,50.740717631693094,5,0,0,99.31065886175462
203.96620268453367,67.0779312072172,0,1,0,151.11116113292852
423.64371477125275,65.87917144693428,3,0,0,305.74200989903386
176.4016951400256,98.08807795322757,1,0,0,122.16033020186134
329.03749079015415,24.592342268222215,4,0,0,275.63344023210743
356.1105759277243,123.04146780866809,4,2,0,306.26691215822984
295.160265273729,44.56986389468192,4,0,0,226.58287757437412
181.8347742442174,39.032350099098004,0,0,0,134.38055833472254
290.6414041482044,89.07321516342857,1,2,0,256.1275437747792
174.4214684309244,104.71716172879813,0,0,0,108.12423961405085
46.517500583245976,49.201329425774944,1,2,0,78.27493746704484
496.4379692020771,97.09010673621702,3,2,0,403.0912647630572
67.9553145480929,114.88567429768712,2,0,0,65.34365149841449
40.812449998848386,99.68447647690446,1,0,0,33.28472948857581
439.87272085754216,4.445543124208289,5,2,0,370.2079669095716
154.40815714198308,107.55795847760446,0,0,0,104.66177673029796
326.89700216638624,100.68252459906776,0,0,0,236.38291383063884
167.85783618280527,87.00773095991418,0,2,0,171.98122778651629
198.76986404326323,98.80291448142745,2,0,0,158.2167846751499
134.74592114831427,127.32530145815205,1,0,0,98.79643472169059
174.80678286754005,56.04467541638546,1,2,0,155.97619556536716
208.29669829033884,8.739020544097716,1,0,0,152.80689730285636
361.60595420070973,59.91569605160316,1,1,0,268.0452724556736
258.210416146222,6.036375200836232,4,0,0,213.81818775313735
472.0647824927036,38.25255305149995,4,1,0,370.4855736468347
25.73079495019388,76.29437293357867,5,0,0,58.479131461581396
254.01881970285393,40.25097608040032,0,0,0,176.0700538359267
294.1912704717005,89.10138196824002,4,0,0,251.84648009337013
460.49750810676557,106.85822259914374,1,0,0,337.51146149026545
29.333469192606653,54.657093306339796,1,0,0,21.545728281720216
288.88229454293196,117.01793366809046,4,0,0,241.72690994979013
427.54681462133874,10.379061075552027,3,2,0,348.9936566927452
124.7542254190221,109.21471134605848,5,0,0,116.36968147005233
438.764712519349,107.71450890710886,0,0,0,302.50738785297534
14.426487590774451,41.85920652247944,2,0,0,36.53881695309953
367.5650414211962,38.832974326199945,5,2,0,329.8489099283572
466.89104447848325,39.66234754995664,0,0,0,323.91197408911603
330.3128425118308,105.48118260477342,0,1,0,243.6389412282229
222.31947577032173,108.11495338932536,0,0,0,161.81000753155652
27.216103153995423,42.86391964759679,5,0,0,69.51399946180847
460.4563375947012,77.03674516778004,5,0,0,347.555077048538
237.7966302323295,18.061319827259084,4,0,0,208.02625994499147
19.353388446294264,60.94123597653287,0,0,0,6.0
346.46143030773715,129.84307061121999,1,1,0,268.9175856663533
243.5094405202478,20.649089201812092,0,0,0,182.35855422587062
66.55093213399331,123.18314319480767,1,0,0,65.11275537258571
111.06454560857848,107.15311385545101,4,0,0,112.31804493970617
36.9228868256439,126.38790462301509,4,0,0,45.2772887801011
289.27530215574393,23.34523887936929,0,0,0,210.91804623236118
312.9045922297446,27.757403757637352,5,0,0,247.26627495148256
255.34243768594496,2.1927336255316288,1,0,0,178.99344071114936
409.46555583629436,94.21123567902872,1,0,0,292.12812257887003
431.19936654746675,83.73231014670414,1,0,0,308.28066410365307
309.73407635814766,23.14850698221517,1,0,0,228.00214763104128
11.31445745517812,102.84884552046935,2,0,0,16.128071268611965
349.13867959512913,38.8954157971243,4,0,0,278.218092563233
211.90961237557403,17.549424012982573,1,0,0,144.43238726336682
284.95095419706155,54.93314645251526,2,0,0,215.8911717251793
326.29489799934777,11.82608029549129,2,0,0,242.27369502832994
178.367124091903,34.22167531552206,4,0,0,163.83066737129323
458.96376006003817,48.273336595555,3,1,0,364.6046638589267
71.31755904114169,110.74234268683948,0,0,0,48.81217678156059
337.3983446041135,103.03133636811879,4,0,0,249.3281562675922
7.157992078507312,57.55805714758037,3,0,0,13.38425246173415
462.7022971755645,94.19475750781038,5,0,0,372.7270838654729
60.68954595285529,73.92445270327065,0,0,0,41.54946925335297
51.967693923049445,44.30944116014885,0,0,0,52.42547002778983
169.83877836086089,94.36366465438702,0,0,0,127.95643304549576
189.9153115893449,88.85489008062913,2,1,0,159.75440804805845
111.07853579982492,80.48227748516825,1,0,0,86.76532606971188
294.63522215892675,80.33421773562257,0,0,0,197.6377896845113
224.24247853077196,88.78765900250698,1,0,0,159.8069827968684
21.91691657533827,49.99091664352997,0,0,0,19.217255743594098
163.2277708163738,112.97985595880131,2,2,0,162.5138310946792
406.16429221871937,21.100019914539907,5,0,0,326.9187301062583
346.40225975662497,114.90511022109003,0,0,0,253.78238755266827
363.81107252204083,44.49663959415927,4,1,0,292.99090819403256
350.5678774213442,16.254110029120927,3,0,0,265.17578331949164
158.93164558460148,78.00356234828689,0,2,0,140.1202751289876
54.33364142800406,48.87826697915268,3,0,0,67.46713244512645
139.87125609638252,106.01496452345751,3,0,0,127.11415394084969
416.73372359165387,56.00211090873975,2,0,0,328.24869310664735
490.3330449026202,86.91312832307428,5,0,0,383.70917978215
249.45427229707286,40.073538635627315,3,0,0,196.81562443621817
9.801675686905899,27.22880875329421,2,2,0,61.52476134165378
74.32218200644337,50.4463740233471,5,0,0,85.87112146132156
164.42988478155155,78.88501849831636,0,0,0,108.10031300789146
291.3997475535101,85.40307609747573,1,0,0,213.69296297947844
42.17135467363042,75.16686648874239,2,0,0,48.28831982906463
471.9618628613914,128.44724342113415,3,0,0,359.46638114766506
185.71641827577835,89.84172424437149,3,0,0,156.6905410532839
456.7291878727874,121.09755158759931,0,0,0,331.9720742686755
391.3582923647258,15.331315336372686,2,2,0,331.33759042738166
378.94144989521266,7.978480875752252,0,0,0,269.923487438354
305.3261919922048,40.42931126155398,2,1,0,227.53409645204377
315.2579894406631,17.75656198893511,1,0,0,231.9479594528964
320.81160143204283,68.3629086696748,4,0,0,253.71759233001885
316.21708657766317,67.46756295802624,0,0,0,213.11753226977373
279.0954745421888,74.75613163771352,3,1,0,232.11640020475613
493.27493914903,96.87962450803946,0,0,0,352.8578492836295
367.48383087571955,126.27286102760159,2,0,0,277.6289840269736
389.58846225429795,114.17362988708904,0,0,0,280.0039749896335
436.86909346641875,15.387741144825608,1,0,0,316.6934064625528
111.74168254929533,44.00677954018544,2,1,0,100.05593188436453
46.483058752055086,33.256993256245444,5,0,0,84.74195587326518
244.03274611630633,22.986256511373064,3,0,0,195.1925272298834
259.4699443315402,70.81423396525199,3,0,0,181.87201879848743
415.4449810752093,71.92437226425497,2,0,0,285.8058855190585
224.67287174475618,29.541827625447972,5,1,0,214.43710890496533
287.5722476444348,92.54664253986911,1,2,0,229.68621382246687
265.90011456416187,95.27885889203569,0,0,0,182.79517266065307
23.910377959908573,2.7273993284113307,4,0,0,34.73567473320483
309.5313738154724,51.448501483901154,3,0,0,237.3695809968983
414.88142645825485,115.71828335621073,1,0,0,303.5324671234954
82.96277129752289,67.64141907169898,1,0,0,59.780046502387094
299.19420829366493,45.191614187069256,1,0,0,211.0554392794669
298.8372195009751,32.977899707366916,0,0,0,217.5074487928165
86.27155720789757,31.636087589376697,1,1,0,100.784489325619
66.11446899671432,12.969844400604826,1,0,0,58.732863323552195
490.12571177335997,106.23943448210197,2,0,0,352.1448810056801
199.89098897825357,11.265462701242258,2,1,0,172.33976529726442
117.573755718147,37.99831956203605,1,0,0,105.89048487043155
89.8056495049156,5.937846013625917,1,2,0,116.1623100476498
335.46284822370137,101.58025406408106,2,0,0,237.30389537793488
306.675422177003,5.10687868948276,0,1,0,230.2328028737526
323.55830087877166,40.0791435028671,2,1,0,247.6627478211586
48.562983618168865,74.52865811126632,2,0,0,49.152397325383156
447.29961883172626,53.2429768381477,2,0,0,326.7735698877924
197.6868664204789,36.69523874238306,2,0,0,160.62841169220252
160.1178561830272,35.77457941558041,4,0,0,138.64782902508983
233.8689163876309,103.71273978081241,3,0,0,199.44442981412323
198.082702545076,126.61715236134187,0,0,0,139.79635010203455
432.4706165538772,45.24533915834314,5,0,0,339.26207148575674
464.9841827229566,5.088916769172148,0,0,0,333.3700971691119
155.20934214255507,4.753551128184094,1,0,0,119.9744247458307
432.6482246926776,98.69774397739334,4,0,0,339.6025062877036
391.85394911886823,71.8080768091865,1,0,0,282.60365723750675
465.74979781065707,101.86704546425295,0,1,0,349.7750281884314
126.64640453201447,90.67461133751472,0,0,0,98.3098383549506
290.59477930988464,117.97582540450155,5,0,0,241.01525246917353
140.8995694465201,115.15715783606106,5,2,0,178.86261402436944
412.92677278976527,102.48256143075307,1,0,0,296.3106764673694
7.635474332676807,61.77459080547869,3,1,0,41.12215198083276
284.5854856287661,40.056432988500816,1,0,0,215.5117304032508
172.9056984795994,65.91348236780318,3,0,0,145.89852974078298
164.728435003521,65.26930895157706,3,0,0,130.49772117849207
324.2286303131339,79.3358213556139,2,2,0,268.5263391673959
426.484802410427,24.19268381177753,0,2,0,339.6895414653221
306.55171873969647,85.23058445784854,2,0,0,224.27464589497995
427.3206244301276,59.35812014675605,0,0,0,311.1270111020951
135.97557038110983,80.6266281523117,2,0,0,96.80387666250003
262.1534181086657,31.148626979540936,3,0,0,218.50462916361695
228.01558683820264,56.47133620405614,2,0,0,175.81087298222062
10.764225254032628,27.326157878827637,4,2,0,64.7097803990307
280.62201085466637,113.78967037838422,2,0,0,208.42403272295255
332.4545404523566,63.434935855399885,5,0,0,268.84160919218493
297.99763018743965,29.247584024595575,5,0,0,250.69850309242986
369.45854989779366,5.357130446401017,2,0,0,264.1670185946261
287.81306658427314,87.84602640496044,2,0,0,208.93032849032298
38.04137615112467,27.903812818668243,4,0,0,52.73439486095176
62.64053442193216,128.6456850014412,0,0,0,43.940298024667484
300.25491588425643,69.38104854397231,2,1,0,241.79309689756712
141.11470002695188,37.56700951224417,0,0,0,102.03347407456819
44.42433887220909,85.49806639304194,5,0,0,63.85300570218383
217.65335800703065,35.77859004695112,1,0,0,162.96571729702976
279.3896860514094,106.63565820826705,3,0,0,220.3056046341907
167.72926423305523,40.070686620892445,1,0,0,123.3315529285037
361.6146826017601,128.4722052114682,4,0,0,285.1037843048775
323.6664510101161,78.66882210788816,4,1,0,246.90662385569308
169.7450887403776,109.77344936254623,0,0,0,128.22142656163035
378.6619018097375,9.46601104519489,0,0,0,272.2223059385076
326.1040460538525,45.27892426020446,2,0,0,258.07293091496086
320.53546246536155,95.87332120159945,1,1,0,235.16177931502853
278.9467118895987,85.15767225427575,0,0,0,202.04706104134294
10.637885703833634,25.25160578638851,5,2,0,62.36424656724889
349.7710558210601,46.30638096626228,0,0,0,231.00653723629242
191.14068659903245,34.247642973380316,5,0,0,168.79030649095512
471.5918065285345,79.73812206903959,0,1,0,336.680333867502
409.90246168321664,44.79386982964075,3,0,0,320.36897211841625
295.9087624179995,40.177051460045476,0,0,0,219.4818694153042
129.83008100053837,26.95913745672442,3,0,0,124.79744920073337
105.84010967244495,53.17352571890428,4,0,0,108.89168554320636
173.4904946503868,25.415336725551967,2,1,0,151.6329638699982
240.90113207210916,125.1340463590922,1,0,0,165.71257278040915
151.55242746927883,20.08523549438944,0,0,0,119.57550117678018
259.890100219279,118.72961294464092,3,0,0,216.31886467398624
86.85836062902703,55.70150276035566,0,0,0,48.89231930379564
488.96784234862247,49.12257890302387,0,2,0,385.36619483199223
58.42265470767197,30.071574117630348,3,2,0,93.91909579069143
466.31234912891415,82.64832346777749,0,0,0,345.8081953608053
457.22111564433396,89.11864195140873,1,2,0,357.1692061228395
265.0534385006515,60.78422509281427,5,0,0,223.92986820273342
363.83058455886174,7.241896440145137,5,0,0,294.4953112206276
220.84390749643097,119.40631958951148,5,0,0,191.40962211732855
316.8671158835069,127.44278727392953,5,0,0,279.00610713113093
173.58508902345375,56.03564397753855,4,1,0,175.55012927452142
154.07371479379546,79.77590496321253,2,0,0,108.41949261370326
291.2237441539093,58.538821411687074,0,0,0,209.95381852129702
251.57418872107027,41.84435461519568,3,2,0,235.07963015403183
291.8705027292406,10.051443071514992,1,0,0,220.7348650603836
146.8969877370764,59.28880495164885,0,0,0,105.60805559205524
186.64412674941266,106.3899923267287,4,0,0,153.23532896115418
46.52949051131011,2.2140899414404647,4,2,0,88.30689658044449
30.87680427474183,75.67399881342891,3,2,0,75.77823188691609
130.46127918814307,114.50037413446955,0,0,0,91.00546982789885
41.75219536862015,28.28142590186654,5,1,0,76.21730740028428
56.36848077419665,23.823262409578085,0,1,0,43.654509646719184
407.39956066999883,100.3959613412526,0,0,0,302.9299246193514
24.242480023261205,33.161236045508126,4,0,0,50.72962950442974
331.17668299769764,24.9579547828843,0,0,0,241.6373917470696
139.91608566362325,49.13860257400056,5,0,0,133.51572195500756
436.4151119505226,51.025261595128335,0,2,0,334.7199861654859
245.07118086586226,113.63313819215358,0,1,0,189.9414890502854
156.26034736727374,80.39765135137799,0,0,0,101.36024196214603
261.2312731662701,52.77498932414662,5,1,0,211.1932201397206
194.06921942740806,69.4704353571497,5,0,0,178.0806444355617
284.3290270115659,124.01548033228565,3,0,0,215.50232418608266
61.693769821542375,14.717907959286398,4,0,0,69.34018988862118
498.5102988922128,27.003017824209888,2,1,0,381.5355243074064
215.6501594598752,125.12873185625219,3,2,0,201.45023082343508
177.3741666551475,124.45223030853654,5,0,0,146.78543196598974
356.55387491655114,23.031504764420443,0,2,0,298.65990095602615
185.1302062151896,18.864146226288767,2,1,0,153.55536852847942
417.47078098923504,54.741067464020574,1,0,0,313.20135805383137
229.8640085584105,6.463378023435984,2,0,0,182.29214332891652
361.1814145663903,85.13745919706821,3,1,0,291.45240939530214
58.18934213873384,10.074482816026485,4,0,0,71.34574484835801
423.8289968497803,7.543851522256494,3,0,0,322.23686956911354
369.18040345516437,63.0743017071504,4,0,0,299.60852875559885
109.79980533867301,124.5122626943132,4,2,0,149.6359927513322
76.91657482416439,55.48347168821074,5,2,0,120.99284636294719
161.56471261918406,46.34255062587164,4,0,0,147.2826869728001
488.15494008579265,129.73437301529717,1,2,0,382.20586690337467
132.13162941069402,69.15596490129384,2,0,0,104.8559310265676
230.78296842858347,48.78138289573231,3,0,0,189.62107067188478
19.860011730081474,50.161905734408236,3,1,0,38.90889009609247
201.6276271352851,25.344734484356362,4,0,0,172.45390014493395
287.80340763938585,66.58899746818007,5,0,0,242.57626916999246
476.7966831914427,57.05115366184076,1,0,0,340.70835572013925
260.7843422453319,35.20338852516374,1,0,0,197.76021947091493
410.4581264579555,20.87021125822877,0,0,0,285.7799566562546
275.8281830716058,40.46105292678198,1,0,0,210.38592181495503
25.18858165058146,66.1288325994048,4,1,0,56.75643877797471
160.92909621893816,7.583325397024217,4,0,0,143.9526219248631
289.8970063763961,19.986723715914277,2,0,0,210.94438706518184
475.54401313590654,123.1954447059824,4,1,0,371.36651266792245
430.26952807686047,70.57119563407407,2,2,0,355.8733746150439
118.03602901852959,8.248409475804923,1,0,0,99.73933715991744
113.95436585948593,90.10140864004448,0,0,0,77.54321686664498
104.58061872138087,8.034373110274515,5,1,0,128.0079937500092
461.63695366973906,96.05364951602849,3,0,0,340.66078479503045
427.06974578535176,97.49515382360349,4,0,0,333.26846373156957
388.56729896520966,84.64026684740284,1,0,0,276.921815464636
199.40388154099264,95.18659080051546,4,0,0,183.4532038080824
254.66844862788957,11.435551531697506,2,0,0,206.43903972529316
234.84421367360065,94.48147180618479,1,0,0,175.5437469251352
130.43206324188947,17.769481564104783,3,0,0,108.85404276580222
254.98888284363963,44.135767945339694,2,0,0,180.73938536358398
20.09579118711346,122.55688295508227,1,1,0,33.789882599218174
70.24613488124228,65.37381209568821,5,1,0,96.45334439881194
443.86185010362846,125.7654361707918,5,0,0,357.0376854413349
377.0814846805545,11.559919655275882,3,0,0,274.5779036166002
214.3198624842481,62.08235794321341,5,1,0,197.55828226103267
260.9894293305192,8.112301635993184,2,0,0,202.48870440303375
188.14944855018882,81.92733411190703,3,2,0,182.29364047861768
371.6860342445329,10.23191017790713,1,0,0,270.6153422951935
393.1726537198794,22.79781433024905,2,0,0,285.3910970377473
382.82616915056377,33.647940309006465,5,0,0,298.80205432275574
362.6928037930525,97.33670071638282,0,1,0,260.2430030782554
106.22964765293393,21.31507544634972,4,0,0,101.39074848884667
172.295139724037,110.06216692809882,5,1,0,177.76871252398706
237.57349031691908,17.147512048004113,0,0,0,164.80299214598554
168.74253075668952,4.5817783791203235,3,0,0,133.0997128249287
378.6953990783728,51.35590446605682,1,0,0,281.830412314483
168.02999450372758,127.32741345626836,4,0,0,156.65860652750425
73.42488295874189,14.34448961254104,1,0,0,66.40436017174582
202.52502376391053,13.223397725151775,3,0,0,176.8822460532158
490.0576442272783,97.6516464034311,1,0,0,354.85337975557474
116.81129940212007,40.58102021916349,2,0,0,98.25549020041205
308.0185361768984,93.2466102393432,2,1,0,234.4899754932554
219.3216596706546,26.00137662763724,5,1,0,212.40645713328811
40.157160986416685,59.80935924576118,5,0,0,63.516755438236416
246.49891996903943,34.48768410735932,5,0,0,207.26708132503248
352.57134268091465,58.698667934281296,5,0,0,281.3368165446136
259.04388803477025,99.9826220360895,3,0,0,210.1836713790752
436.6925015545576,99.06129226209602,1,0,0,316.2054352079179
148.02382324550342,67.05039739758408,5,0,0,142.1929203299223
47.693339795462634,120.68833968373663,3,2,0,88.345072561769
468.59997777071305,34.29193331827562,4,1,0,366.791751284288
192.2071930164684,31.2404756455003,5,0,0,170.34307511225464
290.3207479695485,79.79483215280638,1,1,0,233.92642729245907
397.041547434447,80.76861444818257,2,0,0,278.4535370543255
165.5352636184124,6.050205143446618,0,0,0,120.8821431877895
359.5014463979175,79.01110261029669,2,1,0,286.95918797569834
72.03233065982488,48.676700455371865,1,0,0,41.499597644239046
149.19040486672512,97.16752829167268,1,1,0,120.86756680124648
76.63176488757736,105.05373639088548,1,0,0,70.1320075827217
406.5591264086721,71.77999654111476,1,0,0,287.4061941671685
115.21137143725876,0.22165409529446123,5,0,1,137.74254287234675
360.1147599255791,82.72755532166347,4,1,0,283.610853592257
471.932706636598,97.35456635657147,0,0,0,333.42673633555984
266.2472434890941,32.367824610096854,5,0,0,235.4375314947259
272.3144501690404,60.403980148302544,2,2,0,257.88246577489224
233.21161620841696,125.54446104353248,4,1,0,204.71709454504304
166.31562097985315,38.75502194123345,3,1,0,136.48857373803915
240.44924030783397,29.0099226354263,1,0,0,174.13463392838204
303.38972847204593,27.411122762141318,2,0,0,212.23893180106393
493.0658282244764,72.64410846601952,3,0,0,367.0005900895412
469.193456862521,123.47232317004084,0,0,0,339.87766666757454
431.76571435509527,79.12971679604611,2,1,0,315.9098547588265
445.1196151739049,39.432005630895794,4,1,0,350.1384167139148
236.58534572956125,83.01407114876903,5,2,0,231.65573003043363
330.43494195284507,81.22949868771236,3,0,0,270.9913970019978
448.058027853426,77.60026764485505,2,0,0,334.2644333640498
199.51062867071977,20.72540689547926,5,1,0,193.48439661817216
481.07242678100704,82.49368391484924,5,1,0,387.2138971847962
210.81410072424558,55.921378826884954,5,2,0,227.6588079997729
302.53591936964176,2.4169676209943383,4,0,0,252.0805344336602
356.3533330698241,70.16938332917437,1,2,0,295.08825134379504
475.5430464725895,128.6046768783943,2,0,0,345.2967684484439
126.0850556558717,45.46614680971786,5,0,0,116.58402772548973
374.33483422812793,125.52269838142557,1,0,0,287.26493960057155
262.8037151413207,12.506746416137291,5,1,0,237.89461267383297
137.93578460721733,95.21851506274982,3,0,0,98.95761860232085
389.42038569921334,14.862899306168593,3,0,0,294.28336429653933
278.35002868605403,35.56430456218564,3,0,0,221.8271256336637
332.18204122158954,74.20930859187617,1,0,0,256.73174625742877
164.836028946061,77.06136021697736,1,0,0,113.63076310746163
243.23060615466449,100.77747124044227,5,0,0,211.5293492375743
310.5903542390932,79.9904829395671,4,0,0,244.44267927847636
205.43085306357278,77.1699115694729,2,0,0,148.6376321986048
103.19440722461215,118.60590130858797,4,0,0,113.75197967887631
481.01204369607547,58.78089778719043,1,0,0,338.0603805820508
258.1764323210956,29.284551230357156,2,0,0,205.37924248099077
368.2905832924118,21.032516053071934,3,0,0,267.21856245511043
208.46836081024878,51.99929758523497,4,0,0,171.54401658082057
180.7902231927296,92.65785817518045,4,0,0,161.56493318275972
206.54632774122686,5.530653040887117,4,2,0,217.0484034631591
207.55233867389666,16.776940246222797,1,0,0,157.6394707695146
274.36915739126704,13.794749813473125,2,2,0,252.94111541199277
274.01758564077477,76.08251989668965,3,0,0,212.42676598047473
251.09113886202147,31.572404569064616,1,0,0,196.97229120219086
71.71896353413186,21.613725679181545,3,0,0,75.434704835193
250.5573618577629,77.0601935665929,0,0,0,183.47728031749557
88.70643070822248,98.9702890088093,0,0,0,65.88863367637796
67.43721421640376,43.18013913884637,3,1,0,82.62566383845568
466.659630083878,75.1665987379575,0,2,0,356.3964861371905
304.4502565081136,12.756173715929824,2,2,0,256.83118401926924
331.4475787716692,121.5748339594841,2,1,0,252.49235250281205
203.88786681501506,43.79650409092047,1,0,0,155.74969728969234
454.9455414978578,129.67574011255516,3,0,0,337.4405089288112
320.7755923419344,127.21640826047167,1,2,0,266.96514707742296
385.7390854141758,101.24704841365549,2,1,0,295.03264282976
187.43842216871835,2.6087224029056735,2,0,0,159.4703160727086
480.2058810054671,70.65173964996723,2,0,0,358.793926236763
411.12833862836595,11.288734657201495,4,0,0,305.85648795354405
427.7044891921991,116.3679433749971,0,0,0,303.34625689431465
90.23616237574836,102.65271284416238,1,2,0,104.16531445061158
139.12678789625366,126.40424895743878,1,0,0,103.35220420209858
146.38516684337065,79.0897839094734,2,2,0,153.73650638596374
139.10006550720124,67.88246458296393,4,2,0,173.12085519431602
428.42704024162254,67.46660127277039,1,0,0,302.29753905543566
20.782973628253096,50.23828867906484,5,0,0,52.50528462355557
42.66949454548328,60.929708739788325,1,0,0,39.935363779216814
140.58786096180233,82.60363580759554,4,2,0,162.04611299403805
103.93712245147461,121.28318898231603,2,0,0,82.02247720810927
119.77050887200994,77.46496397328403,4,0,0,106.54585696994887
399.9818786803835,111.42507250125773,0,0,0,278.5543972192664
283.7476639765632,112.16138846932509,1,1,0,223.1310929471411
7.856477340019157,67.4482478602737,0,0,0,6.0
217.51476902357666,45.17105339469081,1,0,0,159.84758665405977
206.90303879092767,83.14460353317054,0,0,0,135.63646501643302
61.402908375049044,57.96405444892956,1,0,0,46.2740906148735
339.6901853577213,10.587312751851277,5,0,0,277.84551102656195
352.5381082478481,49.115183056216374,2,1,0,257.24542367611576
361.8421434307884,129.22937794641223,5,0,0,300.82202000798344
365.59311805150304,6.3065431034173365,3,0,0,274.32997879304924
5.026149331486916,90.56669854712047,4,2,0,84.21475815925427
477.19079790412746,109.35453165926212,1,0,0,347.82042470307675
408.03333969205823,84.33436745179924,4,0,0,300.3099022234299
452.4709398116962,74.0672700512277,1,1,0,338.08900230606616
12.743431177179897,91.98207420723848,3,0,0,27.733147060168008
467.260103913941,55.81455584895524,2,0,0,346.8405154117631
405.8453217006118,11.877025850153979,2,0,0,315.42967259313286
419.4234757645558,125.10832805943963,4,0,0,331.20837969740717
51.17725543737441,56.19910009794549,5,0,0,70.09358942766973
370.6951243147058,86.50060083184228,3,0,0,270.69526312385005
480.15876137283504,69.07035679560838,4,0,0,375.59059800063073
340.88093400198954,7.107499357082093,2,0,0,259.6094356825155
287.4278952891802,123.85705812903001,0,0,0,213.31139809048398
473.0866904857535,103.02983939486204,4,0,0,361.45777717196387
224.25387525854583,19.38272628102134,1,0,0,168.15283472536018
301.650315323687,127.61435391747469,2,0,0,225.11326101882457
240.78745527971125,95.79717838232203,1,0,0,177.94924825453373
466.75887957334805,61.401814555680154,3,0,0,337.4461553947415
42.661939748926095,79.47810735274452,5,0,0,68.97873222015136
253.05425190854734,13.875768661897677,5,2,0,254.06808586098256
345.04145848579196,72.85349630202943,2,0,0,253.4240079215023
396.99373651900726,9.575939362217722,2,1,0,309.0907788043742
293.5942304848475,70.83118342550925,5,0,0,251.0960425747583
454.9142833401197,71.8504395391621,4,0,0,362.51744689850153
471.2857662075165,113.6770420708967,5,0,0,359.49183886002163
36.83801548082384,94.25747503539822,5,0,0,68.02776832862007
204.1734170729803,32.4418109879656,4,0,0,184.96350912566083
16.612215751971448,115.49539848442139,1,0,0,15.769113520409071
168.06124540034924,74.52154643024075,4,1,0,168.9857395597622
270.74976789544803,78.82933221462439,0,1,0,193.5843199772352
455.8434906024247,21.967577998883183,2,0,0,336.79925439829935
424.04438962037443,111.51056747598481,5,0,0,319.78215550935965
68.11236470263293,121.02546495215071,3,0,0,52.873979448221455
51.05003549674338,100.74878443433806,2,0,0,36.45494462268901
296.6873326845502,122.2978188438508,5,0,0,258.19495469932156
268.3983963670974,39.29898753590496,1,0,0,189.67739045031206
136.8569325078618,111.94549188716024,5,1,0,134.64743497918363
450.22927685414845,63.556108572286526,4,0,0,350.28314721154004
464.046372683469,21.30923638266604,2,1,0,344.27015814873596
204.29266197838052,86.94407787434216,4,1,0,192.85149724984439
445.6997657711925,88.93563519176425,5,0,0,367.38440301526344
195.05470266017144,37.30018678836972,1,0,0,124.89070632413092
369.7243317557016,3.574133111584108,4,2,0,330.4642361064603
240.59139768612346,25.980143681123234,3,0,0,172.88488206680216
65.67866247105559,51.97108119760527,5,0,0,70.12024936949426
464.32742961232566,21.783178437782908,1,2,0,375.25937038689136
229.77781372188062,25.223893271148544,2,0,0,168.10282477987175
368.5710849595898,50.880786369695045,2,0,0,276.91610698775605
186.7510381434896,125.03225986011284,3,0,0,153.70380647016609
14.346034895236157,99.35165700299429,0,1,0,6.0
54.76252755245878,41.56729215945334,4,1,0,82.37261766024157
250.62864234751257,123.70852895941127,5,0,0,215.6053146987656
346.5323567775494,83.93408299363524,2,0,0,259.3605155623084
170.69398665674314,59.20845380321822,5,1,0,159.65742723721485
349.2667872929369,60.87902586416912,3,0,0,271.6482910501519
350.82461676881826,53.396780818600945,4,2,0,300.7958525582221
353.44827412727625,30.28896683097216,1,0,0,247.6206527520152
248.79831774015167,50.262184987781744,5,2,0,250.51069158527304
457.8686443101445,68.62652992564104,3,0,0,354.0727654615836
247.1522764004047,68.64355559492873,1,0,0,177.36625696259367
227.8812707808359,99.02579728762734,1,0,0,172.17046574925175
103.69350541026036,46.643721430455834,1,0,0,82.24003922321859
157.28926824138657,93.18374380951381,4,2,0,179.55645996471546
25.955573796560156,75.151939039929,0,0,0,12.09553116880539
318.59997034000423,125.03990258848847,5,0,0,259.55087231404013
128.02519324391096,50.08704038441775,1,0,0,97.22661282950125
155.55685097030522,117.15814035390274,2,0,0,137.69032377019943
386.55318822383896,106.68353114877763,4,0,0,291.72060888238445
166.97448566491965,82.8963569966294,4,0,0,134.03023115727063
124.88696654650538,85.08688067647523,1,2,0,158.35001194890856
88.68358582118435,11.004491498833389,2,0,0,79.78090594690478
388.55490908006817,123.52919872714621,3,1,0,309.81061320727457
69.2045977050633,13.901688254446709,4,0,0,83.42981134216095
229.608111323925,73.22033013665592,1,0,0,176.22328087661927
255.93040745821122,42.90920405839008,5,2,0,260.7477490909277
345.25800677942874,55.88075717768073,1,0,0,257.8996492405838
318.47532375483274,79.32379140878622,5,0,0,270.9492930330448
406.30673310786153,118.15067912470181,5,0,0,324.3112742267912
27.151959793487883,59.483726064399185,0,0,0,28.816111847674872
151.73815876580161,128.40484218983735,0,0,0,124.13716679129249
143.66638879381298,77.06556849569498,3,1,0,133.77481051482224
77.27836826809357,20.872012543482683,3,2,0,116.47650601011352
148.14323565893935,24.701208328062798,5,1,0,144.35340201541243
158.3338305007372,93.09443462660263,3,0,0,131.8816135938642
263.33280865410177,6.551713251639628,3,0,0,210.657659035582
333.53371706849674,62.44440490888949,1,2,0,275.13245952167404
193.64475423784796,19.26848427445716,1,0,0,144.72272313209746
361.1377645001237,56.31842257311985,1,0,0,265.19272678688066
171.4018425968921,97.48926486932353,2,0,0,149.0751406876043
148.69042027080638,59.645680671386444,5,0,0,133.18381122731978
272.88808764922703,21.248644167520506,3,1,0,227.00835287135158
16.73959835136635,32.75029814636351,2,0,0,20.778705966442327
44.495616198830184,47.78014652478371,4,0,0,67.10299708535533
211.8949240753309,9.042953853233913,5,1,0,202.1823825063673
471.74179213891944,75.96389269054585,4,0,0,376.89135766500095
362.1483310224947,78.97939286614653,1,0,0,259.002923392832
48.622651902776084,8.079750527233768,4,0,0,64.4319063931226
423.92741632653247,52.30047175264106,1,0,0,313.6794227517491
367.48888145104956,53.82008877501424,5,0,0,301.3316490507686
307.41853022281333,43.39654391183816,5,1,0,239.61112377379652
411.04501550154276,72.50616624304455,3,1,0,314.56240265456955
205.03437463276376,44.97447370781453,2,0,0,164.26119460199774
114.6430201726571,54.13320633211478,1,0,0,86.236322139621
258.45157760883586,103.67806116740873,0,1,0,198.73946808602244
276.67666901876953,21.074216205926188,0,0,0,204.67984490536412
271.47155414490646,80.48491038944472,3,0,0,211.3055652079989
284.71152678265213,65.72727221980992,2,0,0,220.78025132774687
474.6089345283945,39.659312872315375,1,0,0,355.3233485703681
451.6115834326345,94.5795053437534,3,0,0,349.5511780005809
438.479933096675,71.65448674034924,2,0,0,316.97942275955154
401.70132139977045,62.056998504890394,0,0,0,281.8876728503518
471.99691309631623,86.79701092025601,1,2,0,376.6216174748685
53.75484763130461,104.2977400375769,2,0,0,43.92756450645219
136.23601441564105,126.4469427043649,4,0,0,134.59654814307027
250.0526930990195,81.81554788892855,1,0,0,177.90318343876507
424.0345740960856,113.67719810204979,4,0,0,327.2057043407759
255.05702720375257,0.14190033298440263,5,0,1,243.68681907358885
375.2771959740864,68.93064005436585,5,0,0,296.8426114210285
73.78515309821353,27.904181340125753,5,0,0,85.05416387608528
129.9448374233973,12.245019420807832,3,1,0,125.36821952599138
367.2291670436478,69.15623221837097,2,1,0,278.9403640033368
86.5433343994234,97.08744579938222,5,0,0,110.88291106357286
178.92118765418874,53.59542792166936,2,0,0,132.4583050288937
136.10879761771787,87.11396841477654,2,0,0,89.8234825215068
178.18153864012686,63.66350299932349,2,0,0,147.76217262425507
355.6204042935953,56.82116257472538,1,0,0,255.0080496901547
187.0843546656865,37.73336325666188,4,1,0,162.59086839698503
279.8553446909304,49.73715688513059,4,0,0,229.8001753345097
54.46627914193277,45.473432003275626,3,1,0,72.8213055424975
403.48375815114076,84.0043339219346,5,0,0,313.95511462011603
188.0948696958218,15.08240646628814,3,0,0,165.05485306941344
326.0244087215045,12.04272792941478,2,0,0,252.29176986246836
364.06785282260716,85.80168924709984,0,0,0,274.7602321546263
108.78215644529169,71.0187490842545,0,0,0,72.65969803425187
442.91411755190825,55.92601257654549,2,0,0,328.4516775476376
310.0310045454417,19.81757497302746,5,0,0,256.94540086023824
217.21894516698333,53.4335245430105,4,0,0,179.18849440698688
95.25591587121868,102.66512923160151,3,0,0,92.46844028191198
471.43896426109734,115.65076065260341,1,0,0,344.2862647393494
378.7587610451544,91.33495409534862,0,2,0,307.66904312923117
107.97215855295819,7.788582864514507,3,0,0,94.87720355963187
172.16683348849114,87.15327095814541,0,0,0,119.64563151818618
405.78875775359626,31.328126641018294,4,0,0,310.13526770862575
349.3604432915928,40.98266159343266,4,0,0,268.64997218766564
384.06322489428356,25.463517034797988,2,2,0,320.92791127546565
223.39454559540155,100.8482527806266,2,0,0,185.7390563895847
359.6557500078726,84.31827594284627,0,1,0,281.2260900977796
196.31439281763727,79.53855709789352,0,0,0,150.39958957720137
109.57514388440724,86.83643925700589,3,2,0,130.77225563243465
318.1751322464732,30.78039398250744,2,1,0,251.66325679720129
488.12689317140314,57.80377386229701,4,0,0,354.93793872372567
158.74748084068816,82.3229838013686,5,2,0,182.6620115644656
233.1799481452071,82.75722359037906,3,2,0,218.70062676365964
338.6306786795775,102.94074215816697,3,0,0,277.5024546415497
273.0456096506315,37.32351566945437,1,0,0,202.28176100198715
422.49675887597937,100.14369582058691,5,0,0,334.68950071621236
382.06263970241037,57.22398248020164,4,2,0,333.8753683553723
33.857115911866735,87.12244996766152,3,0,0,42.88137752220182
499.21851079226815,59.24351940848728,5,0,0,393.17355181784495
377.4392145911363,123.31932207282263,1,0,0,267.66606046446066
432.63214156558604,23.309294416413778,5,0,0,346.33620721169353
327.3428674871965,87.75066151570643,2,0,0,258.3513637625381
428.8611383831473,74.94955009986066,4,0,0,332.5392749987412
60.62957258971116,22.4550353232068,2,0,0,54.368364398487806
177.1302286018612,8.58082365551683,1,2,0,167.55521985084067
438.8283670842239,103.88877056631627,4,0,0,349.3673694403959
104.81932957711166,20.46867337401447,0,0,0,75.24307228055767
43.729838797111256,24.245868762150877,0,0,0,25.38411498036796
395.1188752728834,127.19644911857512,0,0,0,286.18532344400876
418.5656470434316,93.243910691962,5,1,0,334.06187964834487
85.5128480040008,32.56328940815892,3,0,0,79.86116214122491
427.90126147744417,76.82336481970816,5,1,0,349.1104152802599
344.95005882059894,69.43453899232674,5,2,0,308.23088652642707
262.440928192209,109.78152477680018,5,0,0,205.1747195846287
415.9738454267856,94.81169721824116,5,2,0,369.6735863449072
212.52837841288806,108.12374631411416,0,0,0,130.29347667303293
101.02700833058162,27.495856437057117,3,0,0,84.57412547176008
146.00207492225374,83.22849656771068,3,0,0,131.6639625339179
255.05618905519083,5.2313115943894415,1,0,0,191.01245633232315
268.008742373222,8.962279596298613,0,0,0,187.7612674183077
403.76250908841064,92.75851425159765,4,0,0,305.74937864728855
396.71959820790556,3.1746133437110755,5,0,0,312.1582216347417
292.7764458162646,75.3694511570662,3,0,0,233.45410564918063
391.48881426591083,109.2526627977889,1,0,0,282.35374760093794
99.92786185536714,49.39243509434372,3,0,0,81.02088643433378
29.781940911180698,5.829256789188663,4,0,0,41.90320568287598
437.44874220417654,92.80016845173449,4,0,0,333.67574696638286
42.39947441257094,120.85923882033961,0,0,0,33.23187384329637
127.11077272327866,93.23228096757482,3,0,0,112.26630440306417
349.18288006407033,75.19814159036079,4,0,0,264.06394913448236
207.67672912551802,29.903747884277806,2,0,0,173.11884513197086
438.77541510817684,1.9988311257846092,4,0,1,349.8377140737314
152.49999835782342,90.30737410227692,4,0,0,140.41647623256534
10.876316601332851,30.033402859758088,3,0,0,20.751128598120943
153.82454207756834,111.56114803370647,5,0,0,166.9194144904126
291.1471493464917,60.62733544823947,4,0,0,246.2407883943272
191.0894958246302,68.9826257084193,1,0,0,135.1169812953317
269.7620141005838,98.01175075462767,5,0,0,227.21639060271335
438.9160688233343,101.32597901443461,4,1,0,338.3600612712935
456.68010184403244,83.54460830047385,2,0,0,333.5585486485587
136.6571620037855,121.99613600365659,4,2,0,165.07039535890024
233.75953426860085,127.69879672165452,0,2,0,208.61215596459536
276.8262875445183,123.09510776870019,3,2,0,241.86131193996704
474.8106661596823,107.14329409471266,2,0,0,342.8234522348826
499.3155729863704,91.73127863175269,1,0,0,368.13393983257197
121.52658817655569,86.23236152461678,4,0,0,126.49869040971954
364.85503631617865,13.487522999669407,4,0,0,279.3865877532362
192.12537580543162,35.29296508648462,1,0,0,151.42960915168322
9.013557458675546,0.7394690588190145,4,0,1,42.0421787657877
9.579998605771666,17.863283130418942,0,1,0,13.084842460418255
232.98017374331658,57.09983203199449,5,2,0,226.15692103296183
246.72578193714563,19.049751602579537,5,0,0,206.50775227118
16.171999803854114,117.21624390797854,2,0,0,42.99897985947566
345.02907130327975,104.74089409358666,4,2,0,307.85582419145436
150.5316773545018,9.30954857163737,1,0,0,110.92027139972797
282.14708526029494,32.35878301074459,1,2,0,237.27967878664887
153.9549412168823,106.47934499949615,2,2,0,156.3757134456288
87.73148586030706,104.39599645278355,0,0,0,54.65153752363339
206.55100060644327,122.90857151531254,2,0,0,161.43193937849477
119.97531557129787,129.68120901025682,4,1,0,122.19511221195559
269.7264835749882,126.91510822134585,5,0,0,222.27849562475208
103.42012249180758,53.31793814378739,0,0,0,68.09501951912732
256.6609584390904,32.54269769426419,0,0,0,182.81796668253156
82.90236486008943,98.59332475551813,1,0,0,59.15538927289033
337.1324811954636,38.905476056724005,0,1,0,244.81465174058405
378.19915379850494,104.83204681707286,4,0,0,291.70314118080864
59.64514595371722,69.41411495173017,4,0,0,51.04759062360107
236.5621939584829,103.21054578054401,4,1,0,212.52590337540457
40.08149182416242,35.86438436321136,5,0,0,47.798952133455366
301.1003105432912,66.0435510219967,3,0,0,218.226848012547
135.88012747517445,73.32309316828366,0,0,0,103.97341640191688
266.1741061351604,122.60404880361718,0,0,0,177.91142248401718
261.1431996452241,34.65768498795425,4,0,0,194.44802761355868
462.55540136593123,121.76947110703631,1,0,0,345.7460750070608
276.7961951715178,104.63165901054306,5,0,0,225.64337620469922
293.58424746056625,95.01622703127039,0,0,0,218.16853203984812
203.81829725336823,102.29313499406626,3,0,0,157.23430018196694
474.7944035754943,78.7052559644074,0,0,0,320.35765737125195
389.7070251726068,31.73040136012316,2,0,0,286.59251619301307
146.27561869990657,24.634345949180855,3,0,0,113.98133352008114
422.8837449592349,112.62438666055075,1,2,0,345.3444561331469
219.03619829161954,94.26812233745832,3,0,0,182.29919264660649
415.190236049129,27.716556758923375,3,0,0,323.0428253907979
412.3295938052835,79.9621375636722,0,2,0,324.25161500041094
98.49074244761292,58.1810425838491,3,0,0,103.5459105221436
352.06486003487055,20.62517209520221,4,0,0,268.967260498013
148.8682698067329,69.14142421643136,5,0,0,142.29039978494544
152.25887164637078,36.597482020634246,3,0,0,127.83162426156976
151.69229805588748,12.511736140484302,0,0,0,124.83055119449459
364.1562825421744,60.704578810903406,4,1,0,305.721662798495
118.76389068730536,76.71411177216304,1,0,0,91.32274145770042
5.448388446814661,6.097833349549566,2,0,0,20.03192995802536
359.0422424739034,52.27205742342959,3,1,0,297.86178048338274
89.73644819838701,33.49604957876909,4,1,0,94.37909154284168
56.71878567737815,3.9845767919402144,4,0,0,50.53920761895279
122.57047969405977,16.336131449495753,1,0,0,85.01147211136974
193.05075854973848,18.074440646389082,1,0,0,139.7406429971821
240.57363209923435,23.77365225533625,2,0,0,196.46353056453984
27.062170152752255,104.43908428692976,2,0,0,42.82467445239953
485.43379965054345,57.1339426421581,0,0,0,342.264409899949
359.45121144268126,19.121178995150295,2,0,0,272.32948949023285
164.9810623355464,13.038605700625602,2,0,0,124.47708668639166
162.75514235627168,38.732259634775076,4,2,0,198.48275210469188
227.0285619373874,103.7420174315788,3,1,0,201.77320700533224
314.9911872677013,47.37978023215365,3,0,0,244.42867545691016
77.45466796153904,20.78665683821195,5,0,0,90.01143537034868
98.5202578136514,52.53510360100079,2,0,0,90.25727604941693
430.4201185026077,72.19050244731747,5,0,0,339.311394997052
131.8461873250909,3.8459438729418007,5,0,0,112.67547365873854
193.1965239977129,81.5934341872225,0,0,0,150.17338765117913
436.27956622030797,51.36309789192261,0,1,0,327.4797956440084
333.2581755529122,1.2643637670552699,3,0,1,278.18910229583787
174.14738027413574,87.60562186302951,1,0,0,126.3511123311193
343.4312751336873,92.61039262314426,4,0,0,271.31043084632387
14.743191613799787,81.74917251262877,2,0,0,6.0
369.1431167056258,44.45092828779489,4,0,0,279.4051003268278
246.07294005553854,68.84863102857494,2,0,0,204.00243081218238
407.5251629058083,50.3305017973466,2,1,0,315.7202472862969
477.54563774320184,91.08082492076028,5,0,0,355.5527455348879
463.26533199981134,75.86542421037953,3,0,0,341.1613331505814
455.0861965103937,10.633884797568468,4,2,0,368.7097118792082
258.52412818727413,83.60216256846967,4,0,0,204.26349174793393
183.27034649877433,89.34099386391419,1,0,0,135.0808317139012
235.19248574168302,48.19128347991092,1,0,0,187.63266884885195
346.49852164011355,113.85215152476157,4,0,0,280.45318227481687
442.57889955123744,109.59186612984514,1,2,0,352.8893211934881
107.45821998505917,22.771648106965923,1,0,0,80.77566179696247
459.505613438543,117.5546201031629,2,2,0,367.5521049242499
408.5142148250951,57.31340829436008,3,0,0,319.77585271222193
489.53372751322615,94.08745484245814,2,0,0,370.83910108869463
440.72462777443513,105.83261090574068,5,0,0,335.0553124222801
143.5689781974938,65.66461473905969,1,0,0,93.05691884195743
57.44817611530361,51.883252118206045,2,1,0,61.08500553004956
60.55933063583637,119.00867791996278,2,2,0,91.38455362971337
149.15554269624667,30.010961881605017,0,0,0,107.61425395488862
309.02094337234695,33.406110103488786,2,0,0,217.46013367476377
403.1385614181004,47.01064082174682,2,0,0,292.52783898342204
450.12890195587454,111.73055113617352,3,1,0,347.59642320866175
313.75792526277024,122.04247434769987,4,0,0,243.266972665541
7.7874998102865955,28.608802918132042,0,0,0,13.217807151358166
97.22680437667408,112.3031191920619,0,0,0,85.4474801499483
54.364470907417136,33.56638473091401,0,0,0,33.527157087729606
184.84561540665996,126.18336207748544,5,0,0,174.48204892443638
253.16874184870423,77.6630259576057,0,1,0,184.49278579434775
26.48160339638762,0.9212407681597112,3,0,1,49.92135274043966
177.49659801884937,4.436887529253125,4,1,0,156.68154806993493
93.69393893953468,19.172989004612102,5,0,0,109.05455707058843
325.2997322981426,24.384510516438375,3,0,0,245.44872520498305
234.8148228155483,99.79048596745756,0,0,0,161.73712675199985
250.18223523228485,28.959563934203487,4,1,0,204.10473548591307
216.70743507656323,125.98841060648178,3,0,0,180.2753161563138
478.22975669085065,82.69456743638197,4,2,0,406.4973860908707
111.2938869351738,90.02727620295731,5,1,0,136.65563924663385
260.7488086227178,28.316147507076977,3,0,0,211.02469244094874
369.32859734084127,116.05182083236102,4,1,0,302.21871732728414
280.63798450160846,86.81589446659108,3,0,0,224.9469249971521
464.8653384298165,112.3727311644423,0,1,0,334.83681590163036
192.09433604243566,124.3425426400595,0,2,0,172.5870432308052
234.51952385772313,16.333327024247534,0,1,0,182.92391838183215
48.818546031290566,12.556339934962937,5,0,0,63.0782040739961
306.4545599707046,104.44301745665264,3,1,0,262.23599949175747
147.66492438181248,112.59638768224214,4,0,0,138.77591912499463
84.35297456020658,75.88898471413813,4,0,0,106.53374206288994
274.5429899877315,47.58007120756768,1,0,0,190.4159539049025
268.49358037305575,84.84185268977909,2,2,0,229.3446674465583
42.55646240590354,39.73632943701945,0,0,0,33.387965751837264
350.616649479764,30.99013997995086,0,0,0,248.60615877426204
313.7672343721722,63.45887723854451,0,0,0,217.369225513752
98.56355495951611,28.09999758882936,1,1,0,74.35001097311905
237.3702567662517,62.88146908097248,1,0,0,172.345720546952
361.55984365688715,124.35884571026435,1,1,0,273.37284212960304
267.0706915679319,109.17192463026076,0,0,0,176.7440251822722
200.76709271086725,122.4120195350029,4,1,0,175.82453571406887
164.5575367500671,104.82276673015662,0,0,0,119.60017882404951
307.1449639888065,46.117621673015975,1,0,0,231.0974836960088
469.85880566356906,105.56588101170269,1,0,0,336.2889226493419
337.5136960363543,119.97904666191782,2,0,0,245.43549780609357
41.999222299976175,123.11465241881707,3,0,0,52.283461663633815
233.0390618736562,88.81572058904962,2,2,0,213.03727404934875
445.9579450977606,27.47766369596471,2,1,0,325.00839161564056
51.75890077153801,5.164789937409811,0,0,0,32.48110912479805
494.49347750808397,19.13602966082025,3,2,0,401.34618422231034
474.78934985448353,125.5210993262129,3,1,0,365.9504700895001
43.74586796128855,60.07258714506003,0,0,0,24.27598779599571
467.0395936225297,111.14818192816747,4,0,0,353.5390254244416
184.7506321784338,60.455739962577844,5,0,0,164.7726190572534
423.13103770255196,85.90628584977912,0,0,0,304.42623620043423
212.09975216806941,3.138301025903374,4,1,0,188.3527680299811
223.22328078774535,32.48244255351768,4,0,0,210.35343404926653
318.9503300338836,56.7150064055366,3,0,0,235.3573881147518
388.36632254161174,81.98203613004121,0,1,0,291.3461088227915
21.725629719383075,22.297754446913206,0,2,0,50.63302251617142
298.6122177859315,99.3916903551637,3,0,0,219.837087742873
97.43283207819864,47.37261179771085,2,0,0,79.77055581593808
176.24501134228547,106.26658500040497,0,0,0,110.78698361723492
177.24448974683216,12.735981751358748,5,1,0,170.85757844556665
237.18486840947105,88.36835639870834,5,2,0,236.67971591992992
170.3975238787058,38.132683316846325,1,0,0,121.3142223065541
58.14375363308054,103.39981263594034,1,0,0,38.70152778229479
77.08622557009846,52.282155515513374,0,0,0,63.56413284617466
21.551802852743347,86.49545219426363,4,1,0,51.57571926588448
237.77329723773337,121.45968492274154,5,0,0,205.72547235664052
477.4516089522293,2.6814621617893666,5,2,0,410.6164726604501
62.259235705817694,1.445181703468572,3,0,1,84.52032469224176
473.4009240365256,100.13630278297275,5,1,0,376.2264337675672
368.0139497923863,84.03109669605016,4,0,0,302.23307221428064
320.56190745241076,38.08736366557625,1,0,0,253.60588604223872
324.4124888851636,64.27157136065411,1,0,0,249.22814625257578
414.23018595615963,5.451636527852937,3,0,0,314.19079322348375
57.92533286801158,25.017928696961302,1,0,0,47.66105142187165
254.85339016494316,55.18452868853177,2,0,0,204.1313284467807
350.06011343907545,108.4257741087927,1,0,0,247.48257467049103
295.47612031141404,62.35673377181102,5,0,0,259.96421024906897
417.22564015653086,76.22712558837723,4,0,0,330.4350194187977
40.77449596061899,113.58799295919145,4,1,0,64.06441283837854
346.89701455208717,40.146458766549884,2,1,0,270.80562280229657
269.3437265404353,91.09091174326727,4,0,0,224.56694037177675
192.684627670072,112.01674362817293,4,0,0,160.96497968901906
173.43611620584528,26.340041090502975,4,1,0,169.53478706035875
312.3121532232255,46.342161469218226,0,0,0,231.91109968675906
446.04271044891107,127.37532260561616,2,0,0,326.88992692145666
250.60708342005205,127.81841342350744,2,0,0,187.0182615758822
413.2379662180755,29.019890938211926,1,0,0,297.9486893027992
204.06740901276393,8.637959056041655,5,0,0,169.63612448853988
55.68525908262239,35.21980947030688,2,1,0,47.699059613244486
35.44533954702608,51.705154449479345,3,0,0,42.720868115551134
30.4105138052204,57.33072812105128,2,2,0,63.22665817736053
193.17432026904663,80.44481995295507,3,2,0,209.89480799211003
171.93268666374183,116.93535881710103,4,1,0,155.05837190507646
360.3788266931719,42.94524154793112,5,0,0,294.486418053976
372.6966432845086,110.49798961489711,3,0,0,279.026112397246
30.172714572701214,12.152259720461497,5,0,0,73.33850530012046
114.45601513006241,5.443710866517914,5,0,0,115.0473301670924
140.75961582865534,65.52587380604996,0,2,0,124.16681057349638
276.0679321506907,7.756089032978636,5,0,0,236.90376828164358
76.53503583394038,51.02367416044992,4,1,0,94.15971705416294
71.30090360300018,116.58115519300047,3,0,0,82.75765631370783
472.1755001579392,31.392794706971536,5,1,0,376.9133069933281
403.08043911240156,91.77685076623742,4,0,0,314.29825953421994
94.4241765351293,39.30750101070869,0,0,0,53.08583137250012
206.25106491321802,5.8396071814776285,4,2,0,217.90836953706983
181.03288963249494,72.36977558334021,4,0,0,157.15234172870808
396.5470166623766,108.53095376977772,2,0,0,293.197758195675
257.5553936566704,53.23089828454052,1,0,0,186.94018876512442
68.28561981176617,80.24819743955132,3,0,0,67.26110250141092
370.8010712623407,117.00306769550437,1,0,0,276.5831122136358
201.45954922133487,102.6602866558084,0,0,0,133.87643926483145
135.1475025779128,25.20393192106651,0,0,0,102.08967966662624
190.87181790025647,95.33991471745075,4,1,0,158.08494676821954
251.3894989854137,65.24609327081976,1,0,0,167.40239045208767
174.84218062641966,96.97568502519101,3,1,0,166.7145630760825
124.74335743292012,64.28702156788836,3,0,0,100.44820551210313
202.25850425797026,16.634561334079372,4,1,0,181.52285749835647
14.49059082119963,74.08822806960109,3,0,0,29.416608665878716
387.38643381767537,63.977419011654185,2,0,0,290.9468109580255
89.61772231595496,67.32982537338744,1,0,0,70.92216126772183
26.73278374716544,114.25731897396314,0,0,0,28.2572893132012
328.5808529880142,116.32881607181268,3,2,0,276.67664433499255
388.09838376771773,58.959823879543386,3,1,0,310.59018039931783
407.84542013845737,59.24516536641149,3,0,0,309.02915354002505
249.287045416997,66.97430465344009,4,2,0,226.9769932056811
106.65725142154272,67.5466061834534,0,0,0,70.51836142275434
369.9277002386642,123.55032874328464,1,0,0,253.89042752962484
351.3579731913969,84.42206075907416,3,1,0,263.5583389751419
126.90401338107075,36.06940933543272,2,0,0,100.04958228671346
452.18683915208254,69.09978360401868,5,0,0,365.8677457201499
56.66387175100035,81.53906577803777,4,0,0,71.6116283034604
491.4306785977062,83.17032373181539,1,0,0,365.78664801300823
430.822666433845,76.08304941096375,3,0,0,326.39367743070403
345.50982951214223,23.105700100799858,1,0,0,265.03719849759403
469.6811946985173,4.367114580335972,4,2,0,409.3590198420709
362.5440283202353,43.91959680769107,5,0,0,283.3634508525553
99.27621352987273,55.57788009283296,2,0,0,85.11633309888869
223.8672883658418,8.034551144891259,3,1,0,182.12211578624812
40.3939970441595,105.94575394258,2,0,0,41.61004760063781
197.88042403261713,44.730066876335584,4,0,0,183.40420950605082
372.09349476991827,118.77225700320561,2,2,0,307.2797139820468
196.28945871075462,20.07331401949447,4,2,0,192.68183785611768
168.49561685672637,7.401544401850746,5,0,0,144.85805931815628
299.7010826426044,62.70109357022183,2,2,0,258.3944972770586
436.74124185445305,24.586813787341864,1,2,0,385.1963484784552
28.553680310325653,121.86190582512195,1,0,0,40.610939793968306
195.80786517636903,1.339441798986064,4,0,1,159.16075634916993
83.32916719855504,53.64055775767454,1,0,0,65.69834651324791
349.2003541122755,120.47721027487188,5,0,0,276.8337371162196
57.333657413411764,49.97436687486989,2,0,0,63.74772119397953
334.079840497221,12.104206478059897,2,1,0,248.61003453534352
146.65953104496413,39.37634257203232,3,0,0,115.79643387457398
103.46382279992622,64.74135119847635,4,0,0,96.68991053762538
468.49451612336776,24.069719354633303,1,0,0,331.67665413788586
14.169665489248155,60.65302166862405,5,0,0,51.86601877195585
221.69974958533663,108.72461545215887,4,0,0,182.28298066600817
15.705361268587922,113.4403361255597,1,0,0,27.31536264598049
244.37855881164288,6.403895512395175,3,0,0,186.80941961797777
253.018452008237,20.917436546834555,2,1,0,209.79308901860486
164.22292334039977,35.787717649684545,2,0,0,119.908621366423
70.42007987488672,77.33256061538823,5,0,0,91.2410745103903
191.31183117856528,46.92931864302073,0,0,0,130.54467957810027
337.7701552666202,109.7253187479898,4,2,0,311.250710663111
392.28592527900724,93.16734287678189,1,0,0,262.1394294423231
267.72154818213045,13.059283004756066,0,0,0,181.93061116934203
296.968025247679,81.19247532657185,4,1,0,257.93941342307943
104.30510370670308,14.691641295107194,1,0,0,79.01054187796525
147.22851494768648,33.15463705273981,3,0,0,110.21469356147749
85.13832697591742,23.123182359449647,4,0,0,82.53475156121418
128.4011982522826,22.498053396091642,1,0,0,101.28840094230225
116.31895621163822,80.1314182209917,2,0,0,89.20929044178834
262.1271492636626,73.268639932041,4,0,0,224.2804016541366
283.53093411641106,22.883659862404492,1,0,0,217.10538995192485
472.74897330664476,128.72246470439615,5,1,0,384.7145873595564
101.80747031525391,54.83877520787819,2,0,0,95.54166028641458
322.62947652994046,12.619012660141761,2,0,0,237.50182926236295
409.5433381488238,15.673972204164967,0,2,0,338.47352461057244
282.319524572611,75.90618278445731,1,0,0,216.16504592820914
131.22680798803248,127.27902243985146,0,0,0,91.4707920185563
134.9623638599001,74.35364321049572,5,0,0,116.6294812496398
24.430261270144957,123.37539196016283,0,0,0,6.0
156.19489214149843,57.73727059854348,3,1,0,149.7622519045514
373.57882110667316,56.65934347476156,0,2,0,285.20311980392
28.521289817519637,65.00095671106469,0,1,0,20.840956939204705
113.55116483989117,90.66530956022218,3,0,0,106.04749840938494
354.58508677323204,47.790075638673244,3,1,0,269.1975000217589
392.4125235973239,112.30518424826441,4,0,0,327.7060903458597
230.38261298065456,3.8065800198590107,0,0,0,164.76005867634532
350.5467975469312,57.1693453536975,2,0,0,275.1476352002087
197.03632348417156,66.42894049738932,3,2,0,206.0677472518008
84.15705628694312,78.9141909742025,1,0,0,43.76328206009088
202.08399929383873,35.889348607562226,4,2,0,214.14762484521424
292.0840710005557,55.572396228158595,4,0,0,234.83176649741986
474.2863745171807,62.98990752782736,0,1,0,343.2281633809644
39.03172128389527,89.29829722881772,5,0,0,63.32320718253298
256.1600764532555,100.56074401565581,2,0,0,204.71130608292415
167.81529021430856,95.91755255469234,5,2,0,205.26617632042036
256.61428866696383,44.40579679764609,5,0,0,206.41040399688143
16.86784645138318,129.92856798895525,3,0,0,34.20243923035066
159.94755057728275,110.32649053233332,1,2,0,168.72147082518774
410.8347330258675,33.80303850884596,0,1,0,297.1342859907419
279.20115825804555,25.36375473746758,2,0,0,213.30999918266093
228.0383339439781,40.82276257584076,0,0,0,162.92380392233918
146.3349104990931,58.804830889953834,0,0,0,122.32816493035136
152.53104878172118,110.6039191815498,4,0,0,143.2042117636444
194.63520962733932,101.18709429328948,5,0,0,192.02514217812248
418.6075014324574,110.66199605576388,1,0,0,318.3800294039089
483.7705373700928,35.3544249383427,1,0,0,346.6417104747878
222.1344137684354,77.1499589187387,1,0,0,166.7077947119248
199.7096551801421,36.82237809605868,1,0,0,166.64092005221727
424.0426340308321,14.173010893534109,3,0,0,310.6486527059932
216.3181337149703,88.94570665170849,3,0,0,181.14516454004095
278.24899528634734,18.58968165540704,1,0,0,210.55163032856518
119.31612397637849,86.80070902184129,2,0,0,96.13553625136542
373.03375521064225,84.23535963770318,3,1,0,290.4941010169448
268.334217544037,105.33229777512221,3,2,0,244.82350354815605
405.4721023689691,18.14209859326337,2,0,0,306.93762353709485
391.4627013641915,101.8524193061454,1,0,0,296.7832922495744
111.42736029366414,129.90594837301083,0,1,0,94.30573453471453
359.2395975260924,110.63551831616728,3,2,0,299.86096389217755
401.0269319359288,97.73556992259661,0,0,0,296.63052191037224
176.32308418728556,86.08149611031199,0,0,0,135.19969978000702
90.44151088662589,54.83159300910582,2,0,0,76.03065266378388
6.302917011896149,94.9650218259083,1,0,0,6.0
228.19730828110835,94.14314456825892,5,2,0,224.9068266192273
179.45420211172657,82.09477674934747,0,1,0,145.34258892154665
279.6803677435774,103.5161891787177,1,0,0,187.70700319166045
98.08034083144895,58.33930549548851,4,1,0,116.92301390083928
430.5344460949052,15.762852577210783,5,0,0,335.84470047778905
132.58883173591428,72.67880458920087,5,0,0,132.15626660366664
117.08265451838673,34.45565873247454,5,0,0,87.85416306908724
242.95345795975618,49.976302665789525,1,0,0,162.73651601619676
251.93125675341577,2.263937512359383,2,0,0,186.1194961102006
111.46718824862096,49.76277642932484,2,0,0,84.8711866972169
139.5710597293283,105.1441437976091,4,1,0,143.14656634354776
89.00409338184625,70.55390770197313,2,0,0,79.95523150244135
360.63778826996753,1.2740685014162356,1,0,1,297.17442150734763
386.19407047077055,61.07969663118015,5,0,0,313.2275568178525
233.8526062423449,37.88871419390296,1,0,0,166.42169656621007
358.47307622908363,62.081585201632244,5,0,0,300.049937450878
369.2880190090355,52.610053788224015,1,0,0,263.70632455797204
73.44638620051525,121.1572985424596,2,0,0,61.56011411588394
483.2581222930957,5.353048865192055,1,1,0,357.34248696931115
411.41081381273335,88.8664414666512,3,1,0,335.58036276056885
106.21931329193264,110.6334575192264,5,0,0,120.43779491385118
97.15169269430477,124.70101600456181,5,0,0,113.75658398194074
67.20226706189345,23.092709450758466,4,0,0,93.88150811785792
73.4973884582496,69.0696242556052,3,0,0,82.44611749872085
375.3400905192046,5.666645051237548,1,2,0,297.0898619417473
237.47885719105366,64.89385817916151,2,0,0,186.87703976457712
392.55241550623424,16.30955164032765,4,0,0,320.50424618092626
374.3961727033517,108.92656771083274,3,1,0,281.21562563931184
304.2832931850847,14.80310033869743,1,0,0,221.84987533501686
344.7514702564464,66.72748685024439,2,0,0,248.14331666225
14.086083567675187,67.74248896905799,1,0,0,18.29934678130394
159.32993516848586,126.3145647311087,5,0,0,158.68530970289564
320.72197873340804,85.14749022505546,3,0,0,260.0766119758068
9.625751975690878,37.41923809998425,3,0,0,26.73696724488125
21.323587122883737,31.303910291958,4,2,0,85.80443443676185
426.6845513228397,16.672266733858436,2,0,0,302.0525257644942
343.59230653757555,98.34691412637774,0,0,0,226.79967937640035
136.35801789457025,89.79836530370402,1,2,0,149.5290765429645
345.54160585876093,79.28402655005377,2,0,0,231.07351404168824
397.26605122393534,5.309257583498485,0,1,0,283.23716186907205
156.8631701395001,99.16775263125828,2,0,0,131.21910588668507
22.83850186209779,83.4453850293023,1,0,0,25.306888504693738
466.7256667204286,125.30555285436348,1,0,0,311.1273503395243
175.86401995633707,76.33627688398558,4,1,0,166.6702312540858
57.708472825929654,39.51374786602206,3,0,0,54.58379443114958
248.46915133960795,49.597671784611634,3,0,0,198.07732841735395
385.39155885374623,22.859291699170225,3,0,0,288.02510453193815
114.71542073569178,93.97884368618007,4,0,0,103.54590349715463
138.39757481601487,92.00381580282429,3,0,0,103.09573339953451
125.14391846529867,26.08450201209791,2,0,0,99.505627110353
495.8781611516807,20.603612013696218,3,0,0,382.7573420678521
102.71484819661856,10.010641316285296,3,0,0,90.30087416396157
289.8825073982314,118.55684667862862,5,1,0,246.2282316319373
463.0059976201973,30.299078380330645,1,0,0,327.68718383838836
77.71380159450072,44.74125847773451,4,0,0,72.08174527619369
485.57282794451163,36.46558608907378,4,0,0,362.5772481249286
474.00123102583416,53.77119833940284,3,0,0,358.18331052674563
442.86313359383996,92.82634391972283,5,1,0,379.74249487990926
111.20547805835112,113.17743238441697,0,2,0,123.27783522461941
318.85725272543675,23.737837438710223,1,0,0,237.8560528303843
381.64127911581386,89.23360468635147,3,0,0,308.91730814238514
493.0838244572327,45.83307849152307,0,0,0,352.2705252843578
94.30979193027837,127.46853187864807,2,1,0,99.64326906812988
384.18282026205173,38.85949070692999,5,2,0,345.11319785659515
172.70657911392092,0.9350842810217952,5,0,1,179.9787272866664
91.93510045616115,67.03319662257988,1,2,0,95.4188098836525
213.5815859008582,19.595040955871905,5,2,0,219.97373992285492
397.9487765135651,5.784275486391883,4,0,0,304.64770552929366
235.10065283350582,90.7750001532021,0,0,0,160.41871991542533
271.073934600509,95.19370672609935,3,0,0,206.88336926974674
497.60390804906,59.89087170514533,0,0,0,364.1289119006974
202.55910328092588,87.99511717835504,4,0,0,168.46602268693684
309.62337358107374,69.9711282721274,2,0,0,231.65754544093113
185.79587979960908,81.87414400385111,0,0,0,151.5326945541297
199.42889493270894,77.57151651443496,3,2,0,205.3524594328534
349.342172955477,86.556959327227,0,2,0,282.6661211709498
469.2540531669673,25.951984327512264,5,0,0,376.7636601329106
273.4676804936991,34.931860604771025,2,1,0,210.41400441892404
385.357964829646,57.195209435999956,0,0,0,268.19545796614733
49.15724661439709,57.99664122449423,2,0,0,45.844271925672786
109.52322852880384,100.67352250629756,2,0,0,93.95650976148433
253.55516225516857,47.761175699839164,1,0,0,190.38053680607217
14.905803196243522,21.12567028769371,1,0,0,9.178814381821327
130.1632144874666,32.690576163839864,3,2,0,153.14281382341747
261.11363846335826,27.915355309949692,3,0,0,211.35559478256434
12.405793136868851,95.11580250328285,3,0,0,26.14773098592469
135.95041168189064,61.144149901377666,2,0,0,108.87524976075748
259.4452556405554,92.12199073622784,2,2,0,223.30526905732404
288.7088777507166,54.108558498491504,1,0,0,197.4142727046112
463.24708806237624,115.66562832550767,5,0,0,352.673849624449
324.4460835090509,127.8576400039555,2,2,0,285.90649757256836
210.2942222523469,87.07952613133952,1,1,0,169.3501516751904
465.52383268086857,112.29563244070845,0,2,0,381.95295674733563
393.51707677695816,66.03132473236815,3,0,0,299.7212486612845
104.00441595081006,121.50070924600803,3,2,0,131.48027125383106
69.76696886766578,108.10624313746764,4,1,0,90.08156996601161
339.52675969265283,128.9312143295851,5,1,0,275.06331348560394
282.14216696060697,81.00218559261147,1,0,0,214.48982055392096
395.88843882741406,101.29687623486971,4,0,0,311.68942420311555
370.7084997889498,70.57285819716775,3,0,0,274.75034602562494
314.4797092594699,33.685613555284974,4,0,0,254.13073428228563
493.25917495630165,46.118172246868504,0,0,0,355.00910922873345
269.12691640465226,116.2207039150711,4,1,0,215.7888212180397
60.98734946835132,7.273233057820674,0,0,0,52.565633455683866
414.9954145839142,76.89238518967306,3,0,0,310.48575891741694
129.66741436112596,48.422924225534125,2,0,0,78.2970062083456
389.7645633312396,50.27002994072224,1,0,0,291.0755992597344
478.7680125200254,114.99425683378975,4,0,0,378.838502820778
349.9137794123489,110.99690869100945,5,0,0,272.8860495642374
300.03492967015154,77.84950882442092,0,1,0,205.7502646282163
232.8911569591451,35.47945016256341,5,1,0,221.34448429141298
185.38288366772463,61.80932500106312,3,0,0,146.9022535618708
179.73735173105894,53.07814119259808,5,2,0,210.9773671388604
320.0044893262473,45.970343796324386,5,0,0,245.75786518110777
376.8801928841842,13.362125212448534,3,2,0,336.27948241241086
340.8659493947851,70.60480527299164,2,2,0,300.67142905471354
103.21300009081355,39.238068723682865,5,0,0,113.72130754717998
249.52365417102814,85.90503258057869,5,0,0,194.0960230313869
396.8618357306162,41.496511657319,5,0,0,312.8761070265671
240.47351870358284,56.05125410752422,3,0,0,200.41362743914817
270.6285234690695,6.8068486452729795,5,0,0,211.84891056867284
386.712343844557,129.02994908771208,3,0,0,289.8722927965711
332.3263266012203,65.98934982577286,2,0,0,252.55132980958155
207.62573583678434,3.150887241342466,3,0,0,157.7285860603053
448.22929204113836,70.35998563894873,5,0,0,364.1016678120615
85.4706989884219,113.14601990973446,0,0,0,70.25572487854532
497.78064205221074,100.43177745460633,5,0,0,389.5542898039258
63.83202634573742,91.11786893682904,4,1,0,86.764132772735
12.400235696598257,18.130405097874537,4,0,0,32.68884195887514
445.5593560686385,85.50582026837141,0,0,0,319.8198586167312
126.25198664114826,99.61878914159384,4,0,0,112.53957380371536
366.20131558612684,74.41447831551456,5,0,0,292.72401505623446
406.4526105913743,116.0573705876457,3,0,0,304.0760452833935
430.19826356089783,36.0086716320351,5,0,0,352.58909264642324
495.8391466537625,31.478810966102575,4,2,0,425.6676316429006
150.54965646979954,113.04406684254398,4,0,0,126.03933721022086
356.57045425399326,81.30177158888881,3,0,0,285.33541267213053
62.122929849009964,0.1881386677299124,4,1,1,92.46931837731428
206.37059922164045,45.90708310643683,3,1,0,192.9491940849374
424.74598818973226,111.52127815590768,2,2,0,364.3592528353233
186.99073279925864,3.5515365134266275,5,0,0,187.72840936533336
297.59221336512894,0.42223067399615455,2,0,1,245.1015976106985
254.36785464369387,36.56370776826687,4,1,0,214.82938399327554
324.7460079004623,118.82000481120613,2,0,0,240.9076066708045
486.582722746909,117.19208559110213,4,0,0,375.6467935472267
32.58908561819405,67.43905295419603,2,0,0,28.277902736286485
289.1109511633067,71.92079324815094,4,0,0,211.1916205402668
432.19924572889096,43.16104147123455,1,1,0,317.6848414493643
243.2844423154716,31.685766063615283,5,0,0,208.0985457987139
43.87095704107855,105.97884104757537,0,2,0,71.96747320574042
282.4669794463016,13.818331864953386,5,0,0,238.96347577132585
169.37657595779112,63.356068214222645,2,0,0,135.22738213608272
81.69618374227827,82.47164373462098,3,0,0,89.79313222700529
425.2720840753191,13.478437748233798,0,2,0,328.33845970795926
263.1917589306052,67.548922411405,4,0,0,208.5341975272053
466.971824127638,75.07776742861762,0,0,0,348.6097410815751
403.9781697785192,96.52448786595743,3,0,0,278.1071371581009
348.0210379179653,30.528686389179274,3,0,0,277.3331955161238
7.487624165829407,38.13257542779858,5,0,0,46.35607035869963
216.77261103593372,74.03774906229435,4,0,0,181.80350883320156
102.755709417756,127.80643329760984,5,2,0,152.59897792698482
455.84496596918956,28.274113766614875,2,0,0,342.6393512710061
91.41907241479834,128.1674975260503,2,0,0,65.79741533730873
146.5997255713463,92.86452929708257,1,0,0,101.9168693098657
260.8342000285771,107.39066905190302,5,0,0,215.79212177205653
135.36499140404922,11.653364870724099,3,0,0,98.06044506583248
108.88301525316498,39.05462436598219,1,0,0,83.9808326448154
301.55416592586243,7.505716354627536,3,0,0,240.1993809483648
49.02011376373681,48.30110935041278,1,1,0,61.29402374998128
33.79304056685774,127.56765578960675,5,0,0,60.55563824182179
189.26142111710536,13.685498086824001,2,0,0,141.25016590598898
361.72890498139185,73.10846170825593,3,0,0,278.9540934757192
279.62934534560424,0.7891809657956017,5,0,1,250.6768662609072
214.32385189105554,92.64876608572816,5,1,0,203.35315668188204
285.04702429116827,25.63505000836534,2,0,0,215.20123204861127
185.89848490337042,16.84598982621918,0,0,0,139.2275585525035
468.3924360388959,43.81231558090239,2,0,0,342.6771656275214
32.177921000833294,100.2357587320676,3,0,0,55.925864964429614
338.32878211976845,13.859701220457405,0,0,0,240.4182172141397
446.1849190897365,29.8790694538304,1,0,0,316.77307337312476
402.9229308239504,1.1003748102502398,4,0,1,328.21796978080226
96.10031223661613,125.89393215043035,3,1,0,104.97889944048579
151.48354274524274,76.9789279985523,4,0,0,124.29303694644688
359.9387296600168,93.58695273001092,4,2,0,317.7084978972557
46.713926794478944,84.67981225028188,0,0,0,42.59739320804314
406.8715414171291,18.767392653057666,1,2,0,335.05540704692675
360.85893757937123,77.34219206921924,2,0,0,258.76664933917823
366.15529137149457,17.084027368364076,0,0,0,261.2637232702991
54.619478282457735,52.16073901520663,1,0,0,33.67688344801728
360.29146968403427,73.9652076702881,2,0,0,270.4022656037326
341.5099719838851,72.65454483328027,2,0,0,267.88449204205534
416.30663295681603,15.479545377756324,1,0,0,301.72410680883985
25.589998346952402,4.476676054047884,2,0,0,22.276322065251946
16.439780891557135,103.7704608035958,3,0,0,31.485646434184883
189.63851443988756,94.3699168094807,3,0,0,157.21268636652536
78.65020050533067,10.636457593415948,0,0,0,65.34673718375743
281.40031639725987,16.564017444201948,2,0,0,222.78367227875023
459.0877062458407,116.03589093065064,2,0,0,328.6587802520142
198.78246651533777,99.98675721083139,1,2,0,180.60024143343026
423.25043674993907,129.50083850816765,3,0,0,323.90803167422564
5.119232886343904,33.01836839665282,4,0,0,26.970654770809332
88.41474851229619,63.41438855294594,0,0,0,66.89585964690393
20.05965212877238,30.739744888106237,5,0,0,38.027474801167486
167.43285435495898,80.96401800205027,3,0,0,142.14053531332576
454.5538498697689,15.003851081871337,1,2,0,373.30742973539134
52.99130118149893,16.5416124565943,0,2,0,73.89117816485734
305.1728394881812,9.345425882665943,4,0,0,245.79777987932135
228.49048986412487,90.16619069434171,5,1,0,213.88618143723573
469.54176512107716,64.22943506631688,0,0,0,327.4443094050815
65.64697555586145,80.3050581261019,3,0,0,73.53735416854995
109.95378599860332,114.30913605661667,4,1,0,115.13939175044722
19.62327446268917,96.24270301819662,5,0,0,41.678903908433114
219.79794856753,60.023979361669824,1,0,0,170.47230431110182
142.52728528450388,127.96627849124944,0,0,0,113.21582073779327
435.6034372757088,59.31329314845652,3,0,0,339.51147678050216
304.44570253288873,14.618587520359315,1,0,0,230.2231487865396
308.97491529797236,129.0451171428531,4,0,0,251.49576493229483
268.2957949562447,2.966694901930149,0,0,0,192.65178713168928
50.46591692845449,71.48486273340778,2,0,0,49.178620226345636
225.28424844405086,40.18241353096221,3,2,0,210.66057789076845
499.7550689057157,65.46177963220802,3,0,0,355.7752317211895
418.43849896877737,72.6326838372878,2,1,0,304.6621326913072
447.26223181272235,31.21246651620339,1,1,0,332.0457142711536
412.49704782701724,72.39163824584404,3,0,0,301.2868497410715
56.00563824833643,98.28794456071988,1,1,0,59.460224107619645
117.58688576207581,34.646278841719784,4,0,0,127.52900443467409
6.545217421422765,49.84539733080792,2,0,0,6.0
155.23751181466517,34.87155011132753,1,0,0,108.02696196362824
58.76066416151382,106.67276502846632,4,1,0,98.95102335841732
239.0327059242836,94.24769369724757,0,0,0,176.23699344856146
340.17810684408147,113.25553683839296,3,0,0,260.72073117343547
437.88012104384813,22.106486077215706,2,0,0,318.70484289762123
375.8624967199946,9.5653529607677,0,0,0,270.58703301125433
469.5998699103601,15.519855501627536,0,0,0,340.2951051772153
31.679653744925453,20.93238326715073,0,0,0,10.937621399718754
11.029018531188013,69.3007458877243,1,0,0,28.411341782355194
332.36236634892526,126.21856914715943,3,0,0,259.79489256529615
148.22944306001187,46.440604160181664,2,0,0,127.47583149404284
130.4830029723577,124.60607501682667,5,1,0,146.32162822789743
168.78910840842815,4.966103348593363,5,0,0,157.95569089807225
138.54904865672026,120.49338636590558,3,2,0,159.408206438221
258.1610211192857,23.549838949646254,3,0,0,208.49104842077608
222.87348137594557,118.62174814351535,3,0,0,175.70855025286352
258.65213293144484,7.3095659150099515,4,0,0,217.2141563014784
337.9932376927159,123.26852817435424,4,1,0,274.04742744380366
196.6296019407184,26.103774361451908,4,2,0,203.60328678630077
129.39730513536762,39.35282780951089,4,0,0,134.21447015633336
87.269265720329,63.822504733384555,3,0,0,82.87749422734298
177.98968916864965,49.49371456061178,3,2,0,186.96135304156135
372.1942052468552,86.77863600420949,5,0,0,297.15234797183183
379.56893050517743,126.72500974251005,2,0,0,279.03857058135685
335.1181664086841,78.8354438046423,5,0,0,289.91240825123054
120.84394677690292,93.7931032267514,5,0,0,108.12184527282413
296.1026916980754,11.440682539741195,2,0,0,223.88259821914147
287.49138248053976,81.6156157791007,2,2,0,242.51872536258102
244.71176806431413,59.000471016033714,5,0,0,220.02725545813058
277.23959826001277,115.15170652955169,5,1,0,240.144322067252
248.43636314871569,50.46744295360325,5,0,0,207.1475278414299
284.90090120668356,88.32903872648949,2,0,0,198.9914136657523
359.17544753745875,29.65998467368028,2,0,0,282.12211975383553
59.265956229702674,33.71842935814548,4,0,0,58.68454571650105
376.06474731376676,48.895916019895566,3,0,0,291.4382942664752
72.26364431315913,39.52825987584536,2,1,0,82.79563883724731
37.980859213135474,33.00424912070973,1,0,0,53.575093784749505
488.15944467962646,6.456931767105209,2,0,0,354.0218042485372
478.7109255908685,108.77702312781967,2,0,0,344.61424230932107
34.91608974557921,8.359199015866961,3,0,0,42.401173260147374
224.41045353010625,115.35751702838579,5,0,0,189.1123093257823
97.1912444583885,16.310500578847833,4,1,0,89.45302197676386
245.24572408153696,8.484025818145675,0,0,0,187.83369437812274
415.93773528479574,73.19061931749063,5,0,0,325.8406545600082
475.5528284977307,65.31743303471383,5,2,0,406.24727909821365
318.955063458511,63.86049394814506,3,0,0,252.39186560470534
180.18330526984943,74.68556257518172,4,0,0,168.46307784596732
303.6461549940762,37.31735879549024,1,0,0,211.0933622956634
159.44064652368291,86.18340554584945,0,0,0,115.76491096189056
455.3627022118699,65.31228856193383,4,2,0,375.29043519138025
435.8482292373893,43.51665070445228,5,0,0,346.6604086892579
281.3247163884322,107.44508670749465,4,0,0,230.0120798826648
165.77546311327848,94.60374252247232,3,0,0,134.3608657004605
150.22788941357427,51.16934445280086,4,0,0,136.9443157770164
21.541907379004435,110.19031207975345,2,0,0,31.87213849558217
408.83132125752115,119.63357251453064,4,2,0,352.6517052705248
227.93969045430893,69.79261472096712,0,0,0,159.05721354828276
165.9407995581309,27.9438185203997,4,0,0,133.65532466586217
238.19962572388818,119.05298035110829,1,0,0,165.52447585403004
410.27530527505274,24.632350612417238,2,0,0,298.4780733355564
66.68403281522299,6.295019434244989,0,0,0,37.99298034422133
429.5397141797045,42.573311153507014,0,2,0,334.04491094517937
449.26687337863524,94.50562477993518,5,0,0,352.44414728438807
473.62041794177463,120.02563122596143,3,0,0,356.71454485935317
201.75655624920074,82.84713408587719,3,0,0,169.07149202500435
112.48449999864758,123.73901110566581,2,0,0,95.21277470264526
189.95220514101575,12.00820910586656,0,0,0,135.15498084069088
169.7914876345446,7.897984846442608,5,1,0,169.68047168292907
92.19618668891573,78.54495359667632,1,0,0,64.02767036077293
305.59700170023655,125.59512192405812,4,0,0,237.0163305831531
240.9289594517713,65.35377016411412,4,0,0,195.5086023794007
433.5219912003818,6.696979372109667,4,0,0,328.5406873994869
20.894242338618835,28.7584252900693,3,0,0,20.571250833171856
323.71462413978753,31.82307783405019,0,0,0,233.68832172871063
382.65969486322274,43.9214267878035,0,0,0,261.12786139237915
380.94585174821196,5.668439866207642,1,1,0,301.40741091962406
443.6066137122849,117.63605106472912,3,0,0,336.22238909699814
365.87170270059954,67.02331281379438,1,2,0,287.9468464172757
464.26598051560967,87.22100308403418,0,1,0,342.71956259227045
169.66501691134127,8.732468796351165,4,0,0,148.86304121910493
254.08866129201382,7.035010814474422,3,0,0,203.57553341223286
11.969433325030884,76.24081036527114,3,1,0,34.57091387634931
8.444005715129151,115.34848136554704,3,0,0,19.179262573078212
123.86267712350235,68.70266012474112,5,0,0,110.28104209482008
54.8995625838472,114.11649243410929,5,0,0,63.21462238638338
133.80462712819804,105.4288654971811,4,0,0,110.9374265129882
92.63643079155672,9.860992153339698,5,0,0,98.17381249904838
19.117412295130876,26.254471670139687,3,0,0,34.63017804017607
455.10555247099444,85.50238699019452,5,2,0,379.32725555961804
9.070450037501304,57.655179731505406,5,0,0,50.526771509056125
369.36066144685725,37.79097577409967,2,0,0,276.3999754955861
80.31320402516069,54.42240128623728,3,0,0,100.13572616729053
456.553662889802,57.875954015182465,5,0,0,354.6272847222899
446.93399009699345,118.37179260680755,4,1,0,373.3795589518401
328.6810674527824,13.449576881643893,5,0,0,274.72403147859904
337.75590415129955,36.36499708498995,5,1,0,265.7818441029561
7.642875274995829,69.88342615575282,3,0,0,16.278931284171836
492.51142522623303,90.77730046197692,5,0,0,386.51668053986765
439.5271387700281,81.98284756470167,2,0,0,308.9261296449472
448.07758173639553,122.41355590586129,2,1,0,331.623747449409
331.3260458401816,103.42916022653152,5,0,0,255.54617042940308
175.6695296839956,72.41998945667594,3,0,0,164.85042711643655
447.356081299788,27.908749917555976,0,0,0,325.66841488155296
149.3008794348402,58.61365008229117,0,1,0,111.33801033479146
283.54221395439043,90.13969174528205,1,0,0,220.95906579878562
54.366831310221784,108.93508272869104,2,0,0,64.09776034001594
461.36803691571134,124.76570917491036,0,0,0,337.46461419080333
74.6813765967506,78.70885959792929,1,0,0,54.88228703052676
116.3239188365516,68.49951774957621,0,0,0,79.33102849145381
281.2764082734664,2.2999500057492805,3,0,0,210.27872257810034
383.22603510542586,9.372878989523393,5,2,0,341.4890662550012
311.57889643846795,20.293649692862033,2,0,0,227.0250265785139
119.9062868360773,7.11879105465165,0,2,0,110.97256656901223
5.4668060511077154,52.11222104464044,3,0,0,35.643298225529705
379.7895372521824,43.79421086805338,1,0,0,281.33123312664577
492.6776263259914,82.85604052289108,3,0,0,361.4307172562967
405.90699455151474,69.63646403134236,1,0,0,302.2316675966504
232.80227598752458,77.47619872042176,0,0,0,167.11038077747975
452.36479439255777,61.357036381895036,5,0,0,352.47804898377393
207.87459819358327,36.10582931205343,4,1,0,198.851857833973
264.8423717005164,123.86729094304202,5,0,0,225.6960007809217
241.1792348608632,11.233190768818066,3,1,0,216.84185486431554
226.57381696943486,122.05582993048994,4,0,0,193.82760051662908
388.71943080048334,40.460946092415504,2,0,0,294.65703694952055
265.7506090983985,66.64598789774867,4,0,0,206.7059951858669
161.77497540248194,14.149501967580997,5,0,0,145.18016811561853
132.7882929909468,9.221038888231204,2,1,0,130.2500893517992
23.684921898879526,55.840908333418376,0,1,0,36.176197691892
293.6816051321078,96.42065892935815,0,0,0,204.07966494063777
118.83090062351194,35.01742108131136,3,0,0,93.30419896402665
78.32629139810963,73.10522556159161,4,0,0,99.02711241824242
328.64583209470044,36.22454426796639,2,1,0,264.9850778946702
342.1985826216667,50.5196979160953,2,0,0,245.65211467247715
377.31667166754465,117.83802140159722,4,1,0,293.84024622599827
254.2705636876028,111.25915131433955,5,0,0,231.98707317387658
447.5570295759239,67.08228064429188,0,0,0,311.35405728800913
468.48966293212277,30.953731571370238,5,0,0,362.29007262698474
404.64861519728225,25.113908655292967,0,0,0,279.5095952464148
319.6187735940527,124.03135589464286,2,0,0,243.2124815705448
155.3418720276384,26.353157546389376,3,0,0,118.6506076552676
491.5577362020095,105.0618804186301,0,1,0,358.1202953714269
140.69740276000948,47.966127239619844,1,0,0,93.85517837561311
105.31517638526337,128.13578018257098,2,2,0,112.1427938557053
223.86628632435847,47.86024624716242,4,0,0,174.53254686586072
33.13608250263229,45.69716123839439,4,2,0,76.24560415099259
489.3547600125364,82.87027175409101,5,2,0,423.92816701394844
296.27461042613027,124.9971848614865,5,0,0,251.63923931427536
280.69128537376673,126.90724875353628,2,2,0,247.07070127661075
329.61915855036136,91.93679904070808,5,2,0,298.98829108217495
251.0267056497173,98.09882753272598,5,0,0,225.6314994471397
20.871440961798083,73.24228287649359,2,2,0,71.38633841240326
308.0940879759964,98.25084608720314,0,0,0,206.87000803273048
359.50606909343315,111.77135514616455,2,0,0,271.32403067361196
211.2907850089063,63.19238941535302,2,0,0,166.23731376950562
379.8613081752405,80.5820941679134,5,0,0,310.6034511950388
117.3656431725182,69.8511703802962,1,0,0,114.78740596993566
114.53191257776109,73.12117975872803,4,2,0,138.2801672591392
84.9014089053491,115.70622828361232,5,2,0,136.9202149960201
189.13740609563513,46.23018792672413,0,1,0,155.97293323351732
424.27095751759634,27.06392332808115,3,0,0,336.54957331136677
414.8164707637868,59.316414335571785,0,2,0,330.4365726136854
194.4979829419344,27.051074762564472,4,0,0,154.32390743392494
296.6137743102171,64.79205533606249,3,2,0,250.82035908605062
361.80407665508324,117.45605369641763,2,0,0,277.22932370377737
124.39735344087137,80.26635766272211,1,2,0,134.09265704545749
88.22983751789981,111.2062709294001,1,0,0,70.6330424368754
486.1875166400939,21.604819550016533,4,2,0,410.5349991979339
310.69087003876115,117.11356702983298,5,2,0,300.1178455904412
490.8007823076636,78.23233137292505,4,2,0,416.16470169372934
172.1892136304534,4.128772536262374,1,0,0,132.22522551544333
353.00069148719507,82.30546418705478,3,1,0,274.4347142055951
115.18880008791267,123.68160431391932,3,1,0,121.26505300389154
134.2940847805869,10.291710061797069,5,0,0,125.60012059552314
258.3915500284639,75.71929696104438,0,0,0,191.10375295631619
163.21097212649525,119.01221837306291,2,0,0,126.07385198866727
87.97267410108931,1.2603718834686928,5,2,1,157.40322060334648
135.12594748471636,82.01868044055702,3,0,0,132.855531045616
22.695455260602998,61.737297938025144,2,2,0,72.3654773625376
353.68969263135585,45.10861142431938,4,0,0,291.21046054677635
248.5977452575015,81.57974369289889,3,0,0,193.73785634176824
51.65031787024018,6.8512722963642005,3,2,0,94.92449453515034
89.98852659860314,97.89819601736203,3,0,0,81.92978650380275
55.754596365758786,0.5823319995619913,0,0,1,42.418884131805186
308.23344009655887,39.90164669300579,5,1,0,272.1949379916802
51.63412998818443,65.51462289900819,4,0,0,70.3675216886123
378.369754852432,49.01289257365172,1,0,0,278.7658311172648
15.152905063593632,39.97187157672572,0,1,0,30.782061146190816
128.44101505796658,108.00856891085249,0,2,0,116.44554177389482
445.88000456649405,121.52823465534816,3,0,0,323.9605386121943
360.6730024705118,113.58264903776553,0,0,0,265.7650125432235
41.11932479821542,67.91607069649996,5,0,0,64.39233296380725
411.45742172016395,114.94134277515279,5,0,0,328.3741875516057
249.05238516240138,119.71200347360069,5,0,0,198.59776824842166
424.15759844857047,53.200991616170064,1,0,0,319.8544879772974
302.36618835294473,36.847961735707905,0,0,0,219.47625554062157
342.5073508562651,12.774476755731643,5,2,0,308.58949146347453
496.78327239587554,62.281949736399774,0,0,0,369.4418639992662
120.006095232389,123.01859965699738,3,0,0,94.03898000171147
313.85305950688723,72.91797864914824,4,0,0,247.37858455623078
232.85908807841219,86.78307323220231,5,0,0,209.2537732235088
24.52871669673226,14.674896403940187,1,0,0,34.8938834775507
12.162967543918192,18.657556338493315,3,0,0,16.74741411469914
64.01814601984005,60.38152405475743,0,0,0,42.638962062691114
326.3004115665813,123.66442386788435,5,0,0,273.04188653823246
285.7457285171291,46.90200340689876,1,0,0,222.16040715577446
278.94763277604505,114.07292537127937,2,1,0,232.80452676457543
20.76909745148874,15.637517145342498,5,2,0,92.9644513459551
237.3049831982035,80.21223690138231,5,0,0,204.31657743524758
462.6882948320516,78.07968699836736,0,0,0,324.98912133626015
201.80797530877007,111.7837175091349,4,0,0,175.73576630095607
314.3366225452859,0.43117157263719563,0,1,1,261.7908486184281
391.0102444334561,24.69111673568438,4,0,0,302.8810424399866
393.04301317523436,28.559391305832623,2,0,0,289.3835908945007
262.0436407856593,123.49559145179586,3,0,0,216.87926271478486
429.6862129741565,19.980175315086342,3,0,0,334.4623976917451
198.73215621505474,4.80510552867285,5,0,0,171.78246267628435
444.9031413184752,69.47999431643504,3,0,0,323.7804578650072
123.91244736579493,68.71260011637861,1,2,0,115.24661709220028
143.70712146033267,109.72610549782236,4,1,0,140.41181406115896
31.294708978505543,123.35175452311427,0,0,0,12.149006003933513
398.81300908843,70.01090747821704,1,0,0,296.78141165540325
211.44234193518926,120.89924371455521,1,0,0,141.00279916578518
118.41272388614253,94.27068966897785,0,0,0,98.10812298821924
119.73618742020693,34.39268663942605,2,0,0,95.88849628839195
451.19297090847044,120.69469242271042,3,0,0,332.90057376665754
417.7887172282133,86.76761290364372,2,0,0,304.43926866557985
278.99778825180573,53.83247125654239,2,0,0,203.55670701434155
309.97484620578194,88.431470987201,3,0,0,254.0381122718914
239.79115742239404,52.170667606687616,2,0,0,189.70901496092745
198.8749387250104,14.843889838434704,1,0,0,148.45397094664307
458.1610562030741,93.46723713299697,5,0,0,348.5818889761886
67.17828824254953,107.13138958219669,0,0,0,46.92458148115011
212.13116090953284,94.7448058725204,5,0,0,178.80403912174748
175.5581444539983,29.78490680836795,1,0,0,107.44484442682447
251.58460652431845,124.36255175208969,5,0,0,207.34668138555872
231.52777789986166,3.2830930198502695,1,2,0,212.07853030177827
261.8503181672853,43.24908865883327,4,0,0,209.8002642207513
74.25989372736207,33.81201648953642,3,0,0,72.71384265144431
259.0050432490722,6.256409589930626,3,0,0,213.79603591210147
124.99731287416938,52.7448600885269,5,0,0,131.99095999533702
96.24401774915468,81.0049292211607,1,0,0,92.78520861713692
37.09293829916466,114.73187225306317,3,0,0,28.04130866792304
382.51301658428974,128.6596631048911,4,2,0,327.2285985189591
216.58375082399718,105.05164623257176,5,2,0,233.05592295436003
315.1886232393204,60.928467432667226,0,0,0,226.36864548177184
365.15870493584794,94.08157537571398,2,1,0,282.0542823423836
341.261749330209,109.67109251665329,3,0,0,257.0475238628075
237.89785594939272,60.489935534428575,1,2,0,213.16596155783589
197.00977183110626,102.05707642331498,3,0,0,162.18570285892977
191.10015527212855,62.74481438067398,1,0,0,125.4263023615048
321.8241544803779,50.24447881397395,5,0,0,265.0926954815951
249.92320569622734,68.39180891188896,5,0,0,207.76310679071418
425.32046275431276,87.86111589152884,2,0,0,322.1957872991019
437.9774822417225,94.49466732141765,3,0,0,333.86248330160123
89.42738711322664,46.37571495597402,2,0,0,95.12836200007895
72.4356575151342,74.27163270228453,1,0,0,58.33039163632174
317.0484583878198,118.28321363045812,4,2,0,278.7771117249941
154.10674529082831,126.92067701438317,4,0,0,115.1833185053539
14.192505788723935,29.542251853914085,0,0,0,6.0
444.87812133466275,25.06805154273439,1,0,0,324.62777731082275
117.31587978568508,87.9691323457243,1,2,0,131.70704629188089
464.9939225844755,53.9089051570477,1,0,0,329.98417845333813
360.1300531847356,3.1489039943578145,5,0,0,286.33828377591396
382.5134775061847,45.09204318414694,5,1,0,315.6389404972613
104.72344041761441,104.87681665139277,4,1,0,115.14290741396624
120.9262406803224,103.66550094981373,4,0,0,123.34043450341163
263.02753814291253,64.30906934615564,4,0,0,209.17830297297226
90.18942706168177,61.43513153537959,3,0,0,78.57944450147009
156.18868787810098,75.33596751646907,3,0,0,150.07397042327935
164.1239265841632,28.52157237326488,4,2,0,196.70123978356335
84.01681696011822,68.3856712358242,2,0,0,68.94115287019169
106.56550253060458,1.4360268073642901,3,0,1,125.10555967074767
395.333161794087,61.82274212180738,5,1,0,343.90108127379085
87.76194800089785,43.68663601257703,3,0,0,95.40223540268406
19.08640896274163,87.73304876747575,3,0,0,28.206571962267624
316.5306966013245,82.98596593984158,3,0,0,245.97674544140736
488.1116440992627,49.50866442376517,0,0,0,328.78308964998257
168.95083823844507,0.9454875922169037,3,0,1,150.17489346620158
63.734573082144884,32.79557182134486,2,0,0,59.25139875242352
287.3417260569277,82.3352205245911,0,0,0,204.80725595230604
453.6453344923449,9.40853459227559,5,0,0,349.98331907744773
393.110581015097,13.993514838350299,5,0,0,288.7247637814949
313.1453548642944,84.11455319372133,3,0,0,244.38584562012025
160.9529658207617,98.249762123408,1,0,0,127.36740286356066
273.2306857717289,41.80146204165257,0,1,0,208.76382743821586
50.1661964456064,63.657498517153044,5,0,0,69.55876627958273
341.0779850189316,122.94247744787562,3,0,0,261.1444765957077
363.92252935433714,122.92066308287603,2,0,0,273.5050420891729
482.6906533404098,39.97536068024591,4,2,0,409.20290651030405
133.89669257881047,105.29842375222174,5,0,0,129.67426848560572
14.135927426296208,77.21272686489165,3,0,0,10.671461921452728
275.0761898914395,126.8129841355494,1,2,0,249.94485631074213
354.86129967642313,62.08976406244254,2,1,0,269.7112870213434
396.25170056207907,100.711892842023,5,0,0,304.69198661680866
100.90077184728125,99.85782684993323,0,0,0,67.69081368430268
134.56767017332672,64.66627279229989,2,2,0,146.39411952515707
258.7325080073117,103.43191485865002,3,0,0,198.75297600376638
168.64740093515093,33.93524332990955,5,2,0,186.1848739780119
430.9531858607853,15.892894717729755,5,2,0,373.2805295421411
239.51127610066652,55.27128680519111,1,0,0,179.52308994568645
400.79142883049144,122.67198536236602,5,1,0,320.7206970643442
292.4067814387651,65.09679906632874,2,0,0,223.84176931524075
387.67962010047046,82.58368802410051,5,1,0,306.2336899880192
169.67312833251032,81.1411192680238,2,0,0,152.2222361226328
416.551227855504,17.234472745038957,4,0,0,332.48700464789204
140.91329619775567,50.738594709037336,4,1,0,134.79618453760224
275.31890996162895,91.90206647984373,3,0,0,218.9555099789902
110.93352102106773,126.35871281549441,0,2,0,103.7924930839453
240.3856282049657,21.8423059786134,0,0,0,174.740367960407
162.49672870680806,53.35744574408511,1,0,0,129.51225022607846
137.01819816542104,12.362193974354817,3,0,0,120.71567384740406
483.6575839238786,31.508939754403283,0,2,0,385.5259122335087
84.23668221593165,48.97871463239953,5,0,0,95.39790250710448
394.72628954141067,70.28362223380556,2,2,0,328.11786989459773
492.1616549441914,29.973694691080524,3,0,0,363.0694121308115
14.851234451338525,29.583145953229145,2,0,0,29.886357228738422
351.01856995083705,101.11789728822649,1,2,0,283.44878738200856
130.19134375036214,125.14341618309456,5,0,0,131.6290024150558
25.0414730425107,42.069685807689304,3,0,0,42.00533692569868
204.43034158353225,89.43896242263843,5,2,0,228.39962032730276
467.93281603458314,33.550459976529694,5,0,0,371.5570429534021
10.823721711663854,120.63379314553217,5,1,0,36.82905183476235
296.00341750524194,87.47730682150177,1,1,0,219.17191872924965
253.19125690468553,104.3479911028841,4,0,0,201.31786418802022
437.3251613636685,6.416025615891425,1,1,0,318.31315773552166
46.580848687709704,77.8057758712812,5,0,0,77.58000970714563
342.3553847938919,68.5896030765897,4,0,0,250.63239298162694
341.65430072447225,38.089597898499164,3,0,0,275.58782162276015
336.1946083468302,34.115898057451346,2,2,0,296.7006550360013
471.4555749928433,75.40322430120607,2,1,0,357.86396142462286
412.4283268584058,91.84313255093927,2,0,0,308.6686693284456
25.776499490535475,4.312458414574564,1,0,0,26.070271369656382
238.186011098734,73.76220565008157,3,0,0,191.15854583127253
201.98676281966007,22.15973876306172,3,0,0,174.31598236355518
158.52287443994703,18.24715508019307,4,2,0,174.68516502573456
228.41167895127816,81.005533452309,3,0,0,188.23482687282012
195.17612153835884,40.413115238271494,2,2,0,180.3301125197438
219.00528043993933,57.31443030753232,3,0,0,180.98479980522868
489.73462347627805,46.79984522717048,4,0,0,372.0403905378634
48.87332250104248,84.28372161982809,3,0,0,59.95068427756427
461.50428057017126,61.11556958864095,3,0,0,339.58659102117934
242.7171731681582,125.24962606493318,2,0,0,189.7729830364927
313.7524115222729,45.80975868384049,3,1,0,251.65135439394905
415.9405684757585,96.23696423416857,1,0,0,314.88879151131516
183.4291994288815,33.448033785795786,4,0,0,160.60998859176314
218.0588445035436,66.13790204139909,4,0,0,187.16298179074076
207.7116477379634,71.83406774725441,4,1,0,180.44629988462455
190.49185615520113,42.78420653815518,3,2,0,194.8736592894859
463.137014215213,61.33146875864178,1,0,0,338.3863284288468
415.32029614054096,36.30622292680398,5,2,0,361.97910154311523
58.95499498217317,0.780101617617659,5,0,1,91.7251764707093
58.521059476162534,28.034279212924236,4,0,0,62.849381330284096
216.79540985223065,91.00834242411608,0,2,0,188.3475892449693
53.83540148274048,100.22519318309901,5,0,0,68.12302885145094
311.45108215920425,36.4263727280596,5,1,0,267.47813448190846
76.12734559455829,53.04558984634935,2,1,0,70.02330346389846
263.57476566356655,4.857535818019442,0,0,0,184.95034894953807
8.573873766840288,30.818177142698474,0,0,0,6.0
161.71519246426013,101.2985068383989,4,0,0,153.25143223298616
340.20940821796444,78.77821513445744,0,0,0,240.37146803417127
244.59927541278498,26.75016785406828,0,1,0,181.80162397940504
489.2433955694991,33.46745936591618,5,2,0,422.7075987522271
437.68137905277433,106.18426298864283,1,0,0,332.1287661382836
182.74003562635986,27.180946382837107,2,2,0,180.1228269080085
27.515838028775928,43.44050436012706,3,0,0,27.60492744853357
423.5850185569343,86.36662991510376,4,0,0,338.43860628721023
456.0609836057623,72.94461014205022,5,0,0,345.7095730948613
411.2105597424232,59.913126680395855,5,0,0,321.7983208661716
68.33522075528361,116.96634182736676,4,2,0,123.7693028204948
498.96799153408244,28.562360152956717,0,1,0,358.1956941434547
132.99918966862305,96.38458581218998,3,2,0,146.33134869587758
363.48143184014316,20.678299280363834,5,0,0,295.1068424118078
454.47726378618216,80.04539835267887,3,2,0,378.494653894448
121.66512159370117,113.18106324347072,3,0,0,101.24081872387318
454.5879845651477,59.527232112157925,4,0,0,357.584009091249
158.19338170145915,94.15828593487277,4,2,0,187.51769721245
488.3245450801078,106.65113588986847,5,0,0,393.19097732282114
144.2237100883349,17.683435234088357,5,0,0,142.7708196034556
476.9507332551284,91.7574963866743,5,0,0,366.3615045749618
31.504602191874078,119.57933311852791,1,2,0,54.141023401822665
356.08964577655746,74.92817928122075,4,0,0,259.30542183878345
268.39501124931684,24.195891788738283,4,0,0,227.55333527227668
241.54915317575166,16.502529106562587,1,0,0,179.4564055002018
115.6296855566408,33.765592960677225,4,0,0,106.65071277983719
354.2699159393635,13.456724972168733,0,0,0,232.6731674482862
99.45069826592201,66.74122930605617,0,1,0,68.55258095125659
278.6566890124603,9.061608751875495,1,0,0,188.0093585010486
130.35645470492415,29.042601202709438,5,1,0,149.99346840897599
478.0325829917713,57.188357708587866,1,0,0,350.3560380204276
19.17244094864815,61.60891755226279,0,0,0,6.0
103.8654986550621,73.50180306910538,3,1,0,118.63244882657203
124.94375016178662,91.72994515759446,4,0,0,110.49630504878392
209.96357375506912,6.1397231565107795,2,0,0,165.75309930948148
120.2014697256765,10.480723782851822,2,2,0,138.41267026625536
248.2177996830487,7.911689734621497,1,0,0,181.5673983159042
436.8704340129768,55.00954101043834,2,0,0,320.0513027942828
357.47139359753953,5.44023283478146,3,0,0,274.2386998755886
292.08118036487997,96.99056468807241,2,0,0,218.0551377083546
49.05657310142642,28.99002353500212,0,0,0,36.87006461481987
348.52609365269143,122.09762412769463,1,1,0,264.8174907042858
87.37507073391522,63.232488162624485,5,0,0,92.95849303170338
394.2518560510405,58.022347817486214,2,0,0,302.6066344211783
128.7780954625258,101.47003004313504,4,2,0,148.16885349313233
211.43912051884595,92.71001790608885,1,0,0,159.96295406588104
178.4827501473743,78.95017532325858,3,0,0,144.53342396746928
430.1128877640541,121.5690718125481,0,0,0,295.78815907013995
67.63950706313702,54.89370392832001,2,0,0,59.64877055102364
284.99421678047037,105.10911785039724,0,0,0,195.22493550251983
75.3204966743158,49.41208294695641,3,0,0,80.6959878099063
353.8739388854324,108.98493765849364,5,2,0,320.94239977471125
453.01367325826817,33.73170176557592,2,0,0,346.49732775496096
220.13078866429044,37.60471946868422,5,1,0,191.8237386659629
246.60566883116306,88.12303942226902,5,0,0,190.30276062643856
464.0743040589673,27.65272834373353,1,0,0,338.33469103054495
262.8907373814318,29.790044313305742,5,0,0,237.07368794772984
246.36122683453266,39.684115772263915,1,0,0,185.5012041103989
291.27290583863055,88.26074005584886,5,0,0,233.12272224799653
346.1687194996612,115.62045201502015,4,2,0,299.9481080189191
57.907270668080535,87.69379464650827,3,2,0,116.7082194895929
411.44971123205045,107.61585176473628,2,0,0,301.42066627192366
220.57498858936333,70.66287666028107,0,0,0,146.56583990956707
40.81251239925534,8.960018774868887,0,0,0,39.52260976506533
394.1604212531155,13.060607496105085,2,1,0,300.3057872564283
191.5902359847047,72.07095718769901,3,0,0,138.593986492455
54.6819100720517,42.61412592347425,3,0,0,78.94506958820833
318.720624573909,28.673849572802542,5,0,0,266.23892281801045
440.6650199496526,60.6134005493407,0,0,0,297.4526073594809
444.43798715992324,86.6445763175592,2,0,0,340.6830592602625
479.0434200304417,50.0489532056616,5,2,0,400.71779805058026
434.51420258451054,104.33049343045441,2,0,0,311.1436529893892
6.059755076010235,96.00802205428118,0,0,0,6.0
193.21937737462815,95.53893468074368,2,2,0,204.24571559744754
410.178577053224,128.0746596580605,2,0,0,322.34656718259185
186.29523796924474,38.37989705831252,5,1,0,171.5710464214282
302.76651065795454,83.81432622431637,1,0,0,236.26810827508695
305.1268889503933,111.21218422084075,1,0,0,202.00064267368492
185.6875254992174,75.33817640880842,4,0,0,168.10005819273042
452.71459400423737,102.63528289500104,5,0,0,367.8407932601081
254.09803096612822,53.8787841591886,4,0,0,221.72128762831562
235.0681819390629,76.7638749351246,3,0,0,188.2225581890871
498.76930410263844,7.236631064562676,1,0,0,364.3671499821052
249.28268021594525,128.14978875722574,1,1,0,185.71021576009605
93.30713470464762,104.00240258829425,1,0,0,73.29019032070592
258.96936431740187,112.94517931208843,1,0,0,188.5239617875553
407.9382840823654,90.258256158583,3,0,0,307.5609668816885
389.5458618146493,24.18650426513093,0,2,0,321.18545899834805
395.34797372869315,4.033697514344194,3,0,0,302.60370284562276
355.47177307896635,112.40535900568177,0,0,0,266.159802229287
130.83782538801069,51.522984985696,4,0,0,123.38789519059013
431.73162249091456,34.30243388518959,1,2,0,367.6735467679211
447.2545153612512,73.01748464906278,5,2,0,398.7539599048764
101.10558482618178,54.71680792184352,5,0,0,106.58744274290669
69.57554009293999,84.71657943938241,0,1,0,59.68352180786463
487.92445945161046,62.89312029708677,3,0,0,358.4573858750669
434.8203620069321,90.64030825723518,0,0,0,308.37388123711514
447.1518928689236,110.94502503618858,2,1,0,330.19395870005263
443.7563103890756,25.422411424252573,4,0,0,354.0130752423971
273.13497789669555,42.82627447351329,4,0,0,218.5086870582202
324.96885964957085,56.78602625418306,1,0,0,239.79061720235865
274.9546118061526,125.06759824359297,1,1,0,189.75396066406566
30.34714284921289,47.493369761173085,3,0,0,40.6173457425745
374.02402724962246,49.54298044704184,0,0,0,260.67200798154727
255.13935650126075,84.95142798474295,2,0,0,202.78667990695004
325.6159920211637,54.4959622856934,4,0,0,263.3489822826297
253.80670346288997,123.65908693314867,0,0,0,188.3224431605545
248.4466045496157,116.2809388618077,2,2,0,229.75791350874397
90.03560919149457,66.74314111083748,5,0,0,110.629554948395
142.96328899486872,83.82078041322048,0,0,0,104.68742998001935
83.63208251225812,7.543973044870671,1,2,0,89.84834582773641
101.85481633454451,90.44496864421176,5,0,0,107.08469880463694
486.6238033080509,91.93611348337419,5,0,0,379.14989736397035
80.79115565723822,46.69590843361705,4,0,0,56.44235294432009
138.28886003107777,28.558774871285447,2,2,0,138.86683365669313
297.34188058059954,118.96019223621218,1,0,0,235.4640092408123
307.0383952371377,55.4716371046666,5,0,0,250.26203586167105
81.21719422319539,84.98179362422239,3,0,0,77.98167427594832
397.8901257636801,4.332743346913275,3,0,0,282.8585103486487
393.6754196168484,53.828731654988715,1,0,0,272.9634238586454
122.47226358092608,106.2436454318044,2,1,0,114.21001916744963
147.8898198243529,50.38488005209295,2,0,0,114.61007807405133
469.303993402451,78.41095081779399,4,0,0,350.09334145481176
413.70736575984165,27.28125406299013,1,1,0,319.9051663282968
350.4095313659493,54.14833434914274,3,0,0,262.63762476362587
45.705444647747264,120.59290334691426,1,1,0,36.75425750415857
212.040720046775,73.63872746113483,0,0,0,150.03994162134904
281.85442667802937,117.25108968208109,2,0,0,206.02142967600628
97.76858755196957,117.26250893364063,5,0,0,97.6670189734664
226.87215814357114,122.73921405518234,0,0,0,159.59509589175926
302.50780935690153,116.4009158104137,3,0,0,229.3428131074463
167.05145665712263,0.4265467713390836,2,0,1,135.31639756451398
391.5676853804911,121.4219359056076,3,0,0,303.0278161760848
421.0225429112087,17.86972708109893,3,0,0,326.5856891511347
165.18668736986504,5.190412644449572,3,0,0,135.94702706726162
420.1352914737663,7.200509495146866,4,0,0,330.947570840828
56.270400220992435,45.35910537293636,3,0,0,58.000136527694416
419.67590381821486,80.70453108494317,3,0,0,300.6522245591687
80.61146367547022,52.300455547469674,0,0,0,64.97002170357038
46.048940492314394,3.322057004419332,0,0,0,31.612460913022865
322.67882519830056,61.94274244271291,0,0,0,229.13226591166705
238.6089960488707,57.47699649514941,2,0,0,181.87293549507226
454.4058472043522,98.3904045152141,4,0,0,347.92288802262664
184.77865206497034,36.34967679530698,2,2,0,182.11043218792435
147.1403704016262,28.27905259326773,4,1,0,143.11477686377592
252.8637785413782,33.27206449796141,4,0,0,218.6638605929803
230.69336195548735,39.48617694188024,1,0,0,173.98571725133064
175.49188287750817,77.89143353773164,5,0,0,170.4654871535216
348.40194285567264,61.29831310877038,1,0,0,266.69416096717816
380.9831077873846,43.79629347327753,1,2,0,297.62680606274097
427.22706466991764,48.66084057687819,4,0,0,341.86212396920837
486.5640193316197,48.2200758206669,4,1,0,387.1348332637602
136.9948151055897,126.41287031234125,2,2,0,151.49790252832517
359.46627383253093,30.289608446883832,4,0,0,291.44700338900964
200.1578265703939,106.34800283539361,3,0,0,160.50468709798415
340.1555761157985,92.06740888646432,3,0,0,267.1330899222536
240.61093672286407,0.7241007284615764,4,0,1,207.1230360490988
496.91768587012615,129.11290835631343,3,0,0,359.6569533644536
365.8065572164212,98.33711818236456,4,2,0,327.80157946033967
476.48319371499065,88.71844622560288,1,2,0,378.91587485672505
418.30992699318693,52.69221199796285,4,0,0,324.0513960338667
451.9360005258687,72.17640155885765,1,1,0,328.03482508870565
408.1375026212641,32.92521643677112,0,0,0,291.6176538188684
232.28376953607614,4.612842668940672,3,0,0,181.72795556533822
129.63528440670777,108.68281559797647,0,0,0,91.0882069616684
188.3084868480085,116.54298417855232,3,0,0,150.1434801796343
15.016935156775471,21.121182759851184,5,0,0,39.38164809101316
264.37661789501027,102.31729245994529,5,0,0,220.75566779509973
255.0036111338523,96.34984752713564,5,0,0,226.67282314278827
264.99898009109165,23.18875025169176,0,0,0,182.801427953842
487.1454563611716,54.8377443347232,5,0,0,378.727770451184
456.16973171014547,54.95852970843344,4,0,0,348.41621436432575
85.04782527340346,98.7953535796823,5,0,0,90.29977790430793
187.59684817016515,108.89591775088721,0,0,0,143.48447500690975
214.85830883431464,12.320765780878231,3,2,0,197.00973626401756
183.46379433656566,73.18600053754638,2,0,0,143.13546934389925
400.25550198393694,99.02730460075509,3,1,0,305.5417022257242
264.39864658445555,102.2047772284706,2,0,0,206.13939190005505
288.1894094009544,19.239158175953158,4,0,0,233.43303859444987
427.24171169902314,68.31566860960324,3,0,0,333.8229568480704
403.9344359406025,111.48263182715138,0,1,0,300.7411849832687
70.44470379604834,41.40741495608694,4,0,0,79.26005859178741
358.38771912139896,55.26519685853363,3,0,0,281.2786646421967
220.5408838065076,104.56660647372321,4,1,0,200.9977361395349
150.85120701593772,11.611537753889099,2,0,0,112.67069755873464
29.759316346582242,111.73412768556717,4,1,0,65.76476988372092
246.18853237099822,40.450373175005176,0,1,0,185.45550380581108
180.94115695864303,0.18854115684653006,3,0,1,171.7283972111958
129.4989546398184,30.440688857326574,2,2,0,138.14294124304905
348.86250615049397,11.635083316415841,4,0,0,267.3667287624561
385.8952667212156,12.010037909511738,1,0,0,270.2887255387903
126.17081191956528,90.06864543853689,2,0,0,72.78727828633815
29.476481156276893,27.816923633078428,2,0,0,28.82288115116263
425.1325867797913,121.51650718700772,0,0,0,322.0468857002033
9.930071896130142,67.13779105686952,0,1,0,23.411176534707433
468.87068449112866,59.81277353413941,4,0,0,362.63368895903267
315.6718376214394,56.456857368619715,1,0,0,238.67653657137546
164.31408442465354,90.03639315731213,2,0,0,128.0461382819134
127.00656524048442,58.7941591280691,4,0,0,114.92447316954468
9.457803810915244,16.71804630927494,5,0,0,40.063979384703345
121.55835142038418,114.42238348329835,1,0,0,86.38188981676012
73.17550925098485,55.691395360335626,4,0,0,74.56998783055194
308.0222792579571,9.620594840935322,2,2,0,267.6852277447627
87.44006635393164,68.81757837470894,4,0,0,91.10256966819941
266.6717695806266,84.15509159924144,0,2,0,236.17475885848103
297.10762906051303,35.82572034050861,0,0,0,218.94486177498618
152.53064068172267,104.0442529975995,3,1,0,124.89875635564476
22.35714976426576,87.07085998485728,1,0,0,20.331437746518596
23.44067090402707,84.54435200437635,5,0,0,42.59577486558178
18.041929435989214,54.707243872813244,2,1,0,12.660573316462795
370.8667102325904,125.04898918346741,1,0,0,269.77349433828914
162.41480388307758,35.644591833402195,0,0,0,119.8407371433826
399.1685920539935,75.10171513200883,5,0,0,318.40803854355795
218.70774780221035,40.177170471440284,2,1,0,181.71409155880917
229.2340599108321,96.82461788630202,3,0,0,180.3996828936671
258.87688824223903,6.212892903115788,0,0,0,173.4869643237468
357.95057090567644,5.9662028237564,0,0,0,249.36788650566632
140.383918585705,105.41192603744288,5,0,0,147.4136104461833
65.18573801909582,56.454860938277236,1,0,0,56.5850382558274
280.24838091977347,44.35340709804624,4,2,0,248.935775776325
166.85392350515593,78.978492082794,1,2,0,162.14985459035628
224.03320026567852,91.24691470296656,0,2,0,205.60511933847698
325.23862062696617,26.15617508977286,1,1,0,252.63225866943623
249.59224186492895,24.106061382615103,4,2,0,252.56405311672518
312.03801446491724,124.5595972087846,3,1,0,237.46533514856242
274.3790010462458,76.65635982999402,2,2,0,245.21134521350888
371.1992041083691,50.715142048254855,0,1,0,267.88860603318193
354.4386257672519,104.18742030703584,1,0,0,262.74672456095703
269.4239964452665,68.27066464112923,0,0,0,182.5395833625719
341.0569953255549,31.41616534869558,2,0,0,247.34699505463647
437.41200312494334,26.8755897334046,1,0,0,315.9337974192994
218.97428745514344,51.591704602076824,3,0,0,167.87431046924553
209.31772101065286,111.78646183378436,2,1,0,173.48851223674524
383.30158232192815,7.98822908575366,4,0,0,281.0134731198975
293.36414933578703,28.40838009811921,4,0,0,246.46223440347435
40.14835621018133,116.10973645083689,0,0,0,6.0
446.59544776708526,15.825493966002565,4,2,0,388.1863431791297
20.237635607631866,81.85134337434188,1,0,0,16.257183387568396
375.45619632382284,27.756477855733266,4,0,0,280.78206413072814
380.6031006386349,78.76269017654549,3,2,0,327.79094853765514
476.7899872145556,49.803541689750176,5,0,0,380.5281661892001
31.796532159148775,13.217996536028943,1,0,0,40.071132287275375
300.444146088323,75.72175878203383,5,0,0,258.210323483292
216.78108246039122,88.79555712099618,0,2,0,181.29599652096084
168.6633126554733,88.43544046555436,0,1,0,129.90009829266455
49.707687348041155,82.81447317945225,4,0,0,47.885388695058616
283.51378923729806,65.02922152162095,4,2,0,265.6410356678828
242.12515920893375,67.53144019171233,0,2,0,209.95479263030776
56.75445678475701,82.63321427503475,1,1,0,52.885757996649225
308.1823060130563,89.73371702706334,2,2,0,251.4193006520403
370.2867945252045,85.13397604808006,0,1,0,265.0342624812551
384.80275902155586,76.30292343874872,3,0,0,310.3913154494938
453.15972818990156,20.25906802453539,1,0,0,330.5966281612018
207.6880172349447,27.38015000407203,2,0,0,156.64122241337628
476.7710204679578,33.82912273459529,2,0,0,349.5117048046525
433.3875555159296,119.55601542137529,1,1,0,325.5821659886218
151.76827765684982,98.72136193360565,0,0,0,93.18759262920479
83.84510348798194,71.87268653979417,2,0,0,60.10965793667684
220.51775108336665,32.767400710726086,3,0,0,170.63390667514017
203.93986043820348,14.415898021742253,5,0,0,175.3558150317156
289.98105613894614,116.83869937739671,1,0,0,228.03814071704684
293.77618500223525,116.04658205697922,4,1,0,245.8073163927745
376.2435572680877,14.3904274404399,5,2,0,332.9315224502319
257.395524361777,103.6381665925445,0,2,0,218.19964074382625
56.887207265678946,58.063859010288645,1,0,0,29.13204305302771
429.8542110987875,42.115701267970216,3,2,0,352.889693362818
158.3334686766676,96.08358970713194,5,0,0,141.0284272090448
485.79224285176304,79.86284033789498,5,0,0,369.7272563177943
63.340753796486226,101.40391398713386,2,0,0,70.2214682638071
479.33433025508907,9.662751882281821,0,2,0,380.2943632691171
50.050844406845904,41.41631259446933,0,0,0,24.435181710164244
119.36288828379443,41.51119055417565,1,0,0,80.05460783920695
28.05707133283809,42.86790199740952,1,1,0,24.670136364213594
354.0310075863025,65.3223834436947,3,0,0,269.82363384150295
425.89787460303694,36.79179440052316,4,0,0,331.2349675929999
219.8651854989103,57.76986931137756,1,0,0,166.14416473543884
464.6184271460027,47.811087105004056,5,1,0,363.83625329753704
297.1980405190218,95.58848624266646,1,0,0,215.38155974377509
316.853532046029,78.45510343775652,1,1,0,239.35838143353084
423.4825048418811,84.971826201251,3,2,0,367.30129407753816
151.91610150066026,27.375906230743777,2,2,0,164.60277769820587
180.36153205717477,42.315281492495615,4,0,0,143.19664844935625
453.4462000013489,2.751508189569657,3,0,0,324.72585939434254
450.97693053918806,14.088711948112087,1,0,0,324.5375463842807
488.3589742194311,34.457050158555354,2,0,0,353.3889297454526
451.4099666386272,8.510283769262736,1,2,0,353.1937475330484
68.04915783651364,78.34221204611131,3,2,0,98.82708622383393
412.7435216378087,129.75691507009728,0,2,0,332.5642749441633
207.87004666424906,13.105977828500507,1,0,0,140.39878722791778
495.44667119323924,106.75992764700446,2,0,0,380.762137759459
238.77907734275652,15.446112144469131,4,0,0,190.8922029370015
279.1488608385992,87.08882244353669,0,0,0,202.73906390408115
267.2385830521153,83.61048839767223,1,2,0,225.81763452365578
164.2598297798475,117.35320152545592,1,0,0,109.48370967368393
42.13593400199449,14.812929778466607,2,0,0,42.82948583095796
448.34735904894967,41.00778059064672,0,0,0,305.1943356499978
402.32452720051197,11.801368846109142,0,0,0,285.3176773653131
74.0657563770363,52.9598323545764,0,0,0,52.05493408467037
389.5002943182861,118.50711256246782,1,2,0,311.88987228375584
314.79409969505195,101.59800963804129,0,0,0,223.57052276387518
207.52617501922305,93.9770130578915,1,0,0,163.03861781441108
130.74046880230355,69.29357563215126,1,0,0,98.49788861000458
430.5657478336051,114.85314650361798,5,0,0,333.37170255120316
351.59318835055626,58.427433771372684,0,0,0,251.7828948589141
276.13125518722273,19.45913672308297,3,0,0,220.49032288599963
306.7364242797397,108.88607900570129,4,0,0,242.75571340738932
50.077760130679586,36.35298264672449,4,0,0,76.51025612643241
239.59028165104002,6.972360333178248,3,2,0,224.02668653365342
100.88164492892248,16.38494398694288,0,0,0,84.60204262654918
108.14992110936856,79.17765910523927,1,0,0,77.64856328016404
332.34546133199905,78.92065530975243,2,0,0,256.6502177623219
456.0717951579726,33.82381224066448,3,1,0,350.55488314527815
204.85952218678153,94.53341923297728,4,0,0,175.8236367284939
107.83589014103424,100.57322020193946,4,0,0,86.68372067295344
326.12973393214384,119.66534139737037,1,0,0,256.9277937643584
436.2375879434073,76.0418748281708,4,0,0,339.5848384178306
375.417806555633,101.32503733918448,4,0,0,302.9517002647215
435.03482911561065,97.90295837031239,1,0,0,301.88426796854327
270.59456215034567,33.51517630073508,0,0,0,192.55223104399875
377.1787409627495,40.32937063189571,5,2,0,336.6290279124778
74.33195688267355,62.202711447873284,4,2,0,107.75118441811279
177.3959346047798,2.4750657788023043,5,1,0,181.7882236806608
197.8268364183536,38.66171051050406,5,2,0,212.95892148386181
258.0913943917871,61.60477353475093,0,0,0,181.69470726822914
464.89279832712776,14.049008386548685,2,0,0,348.182377406459
437.77679730997625,16.41586541076631,0,0,0,301.326771292308
71.59011868314634,60.220775645854346,1,0,0,59.185809139326516
90.53087768181929,95.02545410617105,1,0,0,71.9157891666001
182.0320720465111,108.38736101968881,1,2,0,172.90041246449752
148.9182136158836,71.02080667561731,4,0,0,143.16446665588455
309.3116218123498,61.71736838107505,3,0,0,236.1173700141728
451.8741436434497,49.95647389976818,4,0,0,343.0002278008883
481.33431312793044,25.08336901688881,0,0,0,334.2360690427141
328.5334615049371,19.053060365867413,2,1,0,249.4041127639487
419.8888046935379,102.94653871603505,2,0,0,320.7131066565394
264.97508911424455,60.450862187603704,2,2,0,236.80502503033415
108.12183869571966,102.7416319123681,5,0,0,121.526542573079
264.7207639862713,91.53079466708186,2,2,0,239.70091052771608
279.7658877116373,25.20646886983925,5,0,0,225.61469060746052
372.5164942857105,66.33994434745935,3,0,0,270.9901562805172
113.84207990513781,57.72216195494849,2,2,0,117.69085648544632
187.3136391329322,55.103555791790576,5,0,0,160.20365753984373
185.19359726121033,70.5342363964958,4,0,0,168.7023861179486
479.92259989187664,127.67064713980693,2,0,0,364.876021451946
224.75275536172586,105.67707769719689,1,0,0,166.685583859685
378.7715138125825,117.4826161119509,0,0,0,275.7103356496023
376.6516337803473,3.853145812884881,4,0,0,289.6768398493809
136.44437147760448,18.24372768302577,3,0,0,112.26322105429759
288.0754962390074,11.019275829193255,4,2,0,275.0843618710916
447.6799321927308,34.22003065848596,1,2,0,360.7057526493453
240.22287113118998,57.446023955664565,2,0,0,190.57044159067516
472.8331661345603,83.46692219526564,2,1,0,357.62562890185416
111.15682351545999,65.10806461725826,3,0,0,96.6853628583447
41.70875735814521,117.41390893870818,0,0,0,27.499788114227147
446.2696672066509,122.18127465620229,2,1,0,341.178057930908
424.6021929912972,21.257723655669658,5,0,0,337.87795634477595
496.33198858725314,110.87867963442206,3,0,0,363.5647964808528
341.2997766156509,62.62388652172913,2,1,0,263.22216472303757
468.660523700239,58.932831271259964,5,2,0,389.1341724943034
414.33976741663486,102.04211530299386,4,0,0,318.1330975757441
422.991034894443,12.108266175833956,3,0,0,311.8950846438879
286.7250773748628,114.72410656448905,3,0,0,196.58133684834803
194.27047596877188,87.21223609118991,3,0,0,178.6222603677007
467.6062459089245,113.78400899553972,2,1,0,346.5243372227337
218.89800192986777,129.28208510199096,3,2,0,203.64455682562132
271.71558678858617,67.34057880644293,4,2,0,271.20552489181176
225.82658202696794,12.124085728160768,0,2,0,184.858879754625
284.58506541029755,21.648102181015247,0,0,0,187.8210700828412
237.90001410120195,42.07037153206029,1,0,0,173.28075185568224
28.74394149684056,13.461882477512242,4,0,0,44.63507957305991
441.61385207381085,105.99443739791008,4,0,0,334.77320400249044
224.97494036330605,38.5928206342599,3,0,0,172.1501012482602
296.5271060111376,126.86520444258248,1,0,0,214.81594752489443
73.89796236520358,91.33688615114124,5,0,0,102.89167944134051
6.676984751406373,22.545948133222492,5,2,0,62.21738723997063
126.41859635360326,61.88554410271224,4,0,0,125.60208529194608
353.7700859060084,60.694948812331745,4,1,0,301.32328119209836
54.10129240587491,64.0265155833724,4,0,0,61.353374322735704
454.89928299130156,69.63985218358162,2,1,0,347.89294382437475
111.43617183131137,4.052500701305012,4,0,0,106.36316907163604
106.27383907442902,89.21914634667105,5,1,0,104.54323292688497
94.84644100264028,63.334930787497626,2,0,0,92.3213092546118
11.920947920825549,102.82550185293087,5,0,0,44.731776694407486
387.0437068967261,105.99544452385598,4,0,0,297.3184559276346
438.14209296640297,29.969565858923268,5,0,0,331.581747148962
309.0105377950184,6.294983035481114,0,1,0,231.81320564341263
98.15899093153183,91.42040129460193,2,1,0,94.057762991775
146.21260848573547,127.10916250030367,2,0,0,123.06114287852975
240.58371519565682,58.06553825551714,3,0,0,196.42118127082352
477.4012460535339,33.74966524716745,4,2,0,394.47032025652794
127.43892904978269,20.367346295852524,1,0,0,66.37773728158088
367.1647224403446,37.36792766077606,1,0,0,265.38563932816993
222.52687052999556,42.629541678288476,1,0,0,162.68317724437745
152.43443743821078,55.103716646480386,1,0,0,116.27513411031187
230.6783888259463,85.20292601789625,0,0,0,176.49270550168248
40.2473251829101,35.51119729042952,1,0,0,35.17132430045195
400.35024861052943,6.626979250927876,5,0,0,324.8333900187548
125.43445435156873,48.52621950445354,3,0,0,113.53580022244567
364.0790009805204,111.23185010067985,1,0,0,251.73366332884268
38.83244386685639,64.78569641074489,3,1,0,46.39949799945287
477.7737853020146,125.42188850690327,2,0,0,362.03433876334947
100.54241777582081,65.47079904153513,5,0,0,99.05591790208979
441.95732772250483,35.86684619984022,4,1,0,353.09232884722354
405.68923875964003,25.130819641877896,1,0,0,284.3533652763969
484.09066242030093,90.28818458212493,3,1,0,379.02897883104646
241.55587716814605,69.72956715106673,5,2,0,244.73684057419186
365.061660453746,78.5198607694074,3,2,0,312.61001548257883
188.5017752337031,98.16648261343704,4,0,0,167.8593361155996
96.26227781974845,94.36745035443609,2,0,0,84.68713423835794
224.32258680205717,5.637229021869508,1,2,0,195.04496201164895
87.04576261728516,104.33434768835366,3,0,0,83.15163242039974
491.11208827926004,69.25142991672249,1,0,0,359.889345341045
52.6420131146546,50.92210900592044,5,0,0,83.12832508557126
296.6598031090471,69.87752541484915,0,2,0,244.24844286025893
315.09960835075765,79.61868829945226,3,0,0,260.10133229756104
271.3493737226568,19.435820283593607,2,0,0,199.24008077798294
332.78201342735764,54.26400139243785,5,0,0,256.8933466089365
62.50948363088602,43.62620732446389,4,0,0,60.22478619005166
279.73416948161906,45.553162826344995,3,0,0,218.9698431595014
147.17022270804395,11.873541992950068,0,0,0,103.99308521872824
470.38715133402303,20.779653440029954,4,0,0,361.9684120780517
382.22546845266424,21.03816878620878,2,0,0,278.1937028348624
486.39466866907264,48.51921661881421,1,1,0,379.5688464355051
23.590254521393824,116.2839008337229,1,0,0,37.450315434450886
146.1409217144508,26.783558349722547,3,2,0,150.4597132071377
101.73418038598275,54.10502599772459,4,0,0,99.69499917276063
10.521520719356097,40.509223988887925,0,0,0,7.870515306576287
124.9512364719291,102.35983063167396,0,1,0,103.37154311174884
340.9941118426123,6.5164362017060995,2,1,0,250.38391430418852
119.38901645661143,25.55064141966575,5,0,0,104.84746804933317
256.95670551389605,27.38340050612327,4,0,0,199.21100961251554
444.46996690767435,129.08516404072006,4,0,0,356.08047814859435
348.41017057279225,74.20075233561947,1,0,0,247.24424691723672
200.34138960348582,18.064574369857368,2,0,0,163.0942158447732
189.3721247614936,35.38588810595351,2,0,0,153.3739170528403
230.58922793419995,21.816872235980153,5,1,0,206.15171226446435
92.63551332465366,16.19859405052824,2,0,0,87.23670354712115
318.8303798709141,103.63366369302604,4,0,0,242.80905083526062
185.25564545677972,64.44784172584613,1,0,0,133.72577915254277
426.92084788471163,82.05731779034157,2,0,0,295.8054925985743
379.49356672861904,43.062662108959486,1,1,0,284.95695046980586
307.2040162256192,71.98036118875282,5,2,0,281.71899889110654
185.28010021151044,33.483974228080626,2,2,0,200.89530348818536
108.91625667837478,40.044715740670526,4,2,0,142.21022067248916
389.1951727322833,84.79093276767529,1,0,0,289.3002517946914
245.77250400058784,19.545516369499932,3,1,0,209.96181148750574
116.25126889779196,80.23884169177005,5,0,0,117.36087129462304
101.61143444480308,110.79052613500654,2,0,0,95.05450540964148
86.87344772817272,15.655019403499978,4,0,0,90.42007758858664
389.6947921217695,116.66996647409727,1,0,0,286.5589697974401
118.34865672365429,10.327938438856348,0,0,0,104.76219814738471
265.68792044497275,45.35819950426349,4,2,0,254.07479148568203
228.51544868166295,79.3662109809393,4,0,0,185.35492724092313
291.9073951180005,72.72391881540979,0,1,0,208.68193104813963
439.19167568374115,12.53083942427635,0,2,0,345.27002537518985
434.53495809045666,103.8587118121609,3,2,0,365.38520431774253
228.28265555330552,126.50992810888286,3,2,0,219.2730520676047
12.606294113688037,23.55967759389011,3,1,0,25.26060607640927
216.08968382858006,116.36702607601016,4,0,0,160.9618983643356
305.0658010249495,72.38522747452757,4,0,0,235.42207184552404
281.09355575354056,121.67139026189255,4,1,0,236.74736584724735
327.4113723711017,22.891174594178946,3,2,0,289.28261539283733
81.26748757417633,102.96278111332519,1,2,0,104.656086593452
325.0348738964626,7.7716048078930475,4,1,0,270.5034094205725
95.41255127816726,114.81553808435444,4,0,0,91.65432048342204
376.50937044489075,87.64072488595238,4,2,0,321.3852124035184
172.8483685650266,48.13312190991591,3,2,0,184.3001763916751
356.3982395238195,24.76068705472052,2,0,0,268.01027104161346
28.693471458523007,106.14930281373663,3,0,0,32.01532924905974
206.89071266750213,78.4213717813255,2,1,0,175.06347906981307
353.9920885203497,46.85406088324018,3,0,0,280.090096773775
117.30090558408959,57.698657224327114,1,1,0,106.10584102172413
398.6670871746252,107.45054528940895,1,0,0,297.29230258031106
317.2359678869413,44.0605351363928,4,0,0,245.97579689337897
295.8430772141502,11.652248154290731,3,0,0,238.09659763918646
180.0066828311469,118.46668238645145,2,0,0,140.04297426168995
243.8134778386532,50.3546861555445,2,0,0,204.90702275064928
300.6879039840373,45.29037644497775,1,0,0,227.4974334949238
238.86874638787077,26.57195045387212,4,2,0,237.27783094213927
350.66509535057725,116.66493425968493,2,0,0,277.3746295717566
219.679981887945,28.275693379418403,3,0,0,172.11156177391746
105.12522496230503,82.76747284017988,4,1,0,116.96221420882502
110.89722248651839,114.49945150905339,5,0,0,134.40063495856373
7.8728655772558405,4.538769898418263,3,1,0,43.476016321139845
153.97406920154287,107.74292168902545,3,0,0,131.65056715837352
375.7142320368672,53.37792481967068,1,1,0,278.9817138381993
398.11054087461673,85.53669478447755,3,0,0,293.90474715684473
105.22143333739626,48.41259321932201,0,2,0,107.6679570901223
479.72677845134683,90.41711332517421,4,0,0,360.06120074657684
253.68938277266273,33.05833889250089,0,0,0,177.00297827535556
458.9044807641588,2.8509705166015156,3,2,0,380.54085672958166
354.8488145215074,123.21237692243396,3,1,0,289.98025756600225
362.60454439609447,2.127809325210761,1,1,0,268.4786095610449
47.09659254650521,107.13290765235593,1,0,0,35.074976825122896
113.89560781398069,21.987887131921592,5,0,0,124.38201349631179
9.363342480763954,50.988629718263624,1,0,0,20.079683389595385
359.48318203598507,106.92400894578725,5,0,0,287.5617953689081
175.49695277211245,26.771179540604894,1,0,0,136.4883254510887
394.39299545779164,112.54198871825466,5,2,0,348.0367827590591
172.773428868828,64.70866208324718,2,0,0,134.43904983908922
410.57020738793625,47.59995015324595,1,0,0,310.9990841867577
69.69563560541494,86.1169070757237,3,0,0,69.55645807191972
90.81971259496656,44.380663857524475,5,1,0,105.45545245332545
173.73388709404855,45.147486669526415,3,0,0,144.39660739265054
207.2012574967253,95.35843082197941,5,0,0,164.57152838539457
177.6078913672743,40.27818919008402,4,1,0,161.65871479839035
383.0052810989938,26.100444286075263,5,0,0,308.64926998086685
52.990939350223776,104.99399663955437,0,0,0,55.23784479246991
178.8524247210516,104.69823438454013,5,0,0,163.08018782150322
419.4337997601524,64.686141481893,5,0,0,336.01216692016266
38.064553244775134,68.46523010118416,2,0,0,44.38698041536877
471.46003629732195,90.48996134979302,2,0,0,367.6127441339392
493.22683692464636,66.20565792911634,4,0,0,385.9844271516848
48.84124604341464,54.21519466600023,4,0,0,50.21719007084528
149.1798985165898,129.33624512857696,1,0,0,123.5658837707042
189.3383296875013,19.193255620832662,4,0,0,153.9462449902537
389.3137274830994,77.05463730118188,2,0,0,283.3270024410226
299.98377199778326,115.16219338983583,0,0,0,200.0556069330763
323.9610217438208,89.33795535354491,5,0,0,281.0793770168644
379.96736229516046,114.52002888147099,0,2,0,314.8893415583608
63.399604721327734,43.723513646107435,2,0,0,70.22861628513584
417.43868117057986,35.3590869138311,1,1,0,320.18558788521557
354.2818030691713,110.66541029727361,0,1,0,265.2979515987219
290.7841539722033,51.23489490410987,5,0,0,238.38217717639208
445.41899071761304,92.25870199745046,5,1,0,361.2678416195069
351.6516451724845,19.207315193834855,0,0,0,243.577607908991
104.84148150235758,98.25895629896772,1,0,0,73.54373417180916
217.72396363245502,71.36774437323302,0,2,0,183.9231655961083
249.55121913318797,34.919513188359915,3,0,0,218.94135232024118
32.332725241450795,64.28551531465766,2,0,0,33.78238524546701
477.5455691132276,90.60267135916145,0,0,0,346.09797644113115
68.64574409445484,1.5452331501598782,0,1,1,94.15034724176212
350.2433272772298,82.87071764583683,1,0,0,261.4569356735372
255.58436286498568,70.40680117552567,0,2,0,209.3203200815241
17.687963692789182,28.637201807075236,1,0,0,13.056128828265235
462.75000055285903,97.88753961690557,2,0,0,342.1167351079329
426.65922036537194,39.44992800231615,3,0,0,343.0822211094444
264.5076743123986,35.99192110105342,4,0,0,228.32318349574948
118.3264563890254,61.25838536991195,2,1,0,111.75440753195494
65.20333088664665,87.89945819490741,0,0,0,44.1883078060395
184.87927731890267,120.74997686391308,3,0,0,155.5180210646895
131.4369991178148,18.376441607173515,4,0,0,123.28226040388414
255.81214449811787,51.54085569772538,4,0,0,211.0194517275836
483.37260158109734,8.70864702664189,5,0,0,369.3255239896017
289.6019791486725,98.61159717132652,5,2,0,268.3771804778151
445.51587266559847,58.205275658576895,0,2,0,353.4410561389106
327.1850245604097,91.90078757446406,5,0,0,256.51727891029947
240.24703066066422,41.88527511691735,4,0,0,192.7601412185232
428.03074355301874,109.76124138282205,4,1,0,340.206147883432
238.32721453563377,69.52765017121492,2,0,0,185.60812203552163
434.9709444026287,122.66901683707516,5,0,0,353.0800568524662
149.33050094000382,10.245903088724445,5,0,0,130.1323172282904
68.76247151267913,66.85598719046966,2,0,0,51.6882114694833
428.3806598596545,99.63918197970082,4,0,0,342.94318145348876
295.77050607737004,78.01984424956991,1,0,0,231.06759406127134
445.10073713323527,3.0152382554895585,0,2,0,340.79198682172847
469.22446746122966,126.4040281847045,1,0,0,330.810259531415
31.54605323386734,38.77428009986679,1,0,0,34.37785276851234
252.97980442013983,32.406122627629664,4,0,0,207.8124905989442
190.60745179189198,63.13578382885534,0,0,0,135.05504922541547
314.799906549708,70.48055397803536,1,1,0,231.38598355813514
397.8276426151501,99.6174578866773,2,1,0,310.6967723828398
143.89215690731262,51.125575495668585,2,0,0,113.83646882379982
280.61520026472,57.19484894008759,0,0,0,195.65086690180158
355.82064705292527,69.54478907139803,1,0,0,248.18636785435697
71.54338600368834,51.27032296641328,3,1,0,88.22328893972637
407.9631184458771,118.89125028315028,5,1,0,329.7216782277301
305.02425192722166,110.66275566245278,3,0,0,236.50487212055742
475.02103137125766,59.14658036012418,0,2,0,382.0171342218296
173.06681496969318,0.02533210385122775,5,0,1,166.74324199043022
58.53224145691333,117.12148441880647,0,0,0,40.536782194165404
255.71809451327803,16.16375454713048,3,0,0,188.083522367397
47.47633199617223,31.786613975226008,1,0,0,35.99993397641114
484.91562904538335,19.806966967501765,1,0,0,361.0873494028574
24.14905433730981,23.37602409753309,4,0,0,31.973787401685616
377.9844310481175,104.37407992567852,5,0,0,304.93366988430506
264.9256870804108,75.33518741657015,0,1,0,210.4382429518806
187.4672229866529,124.2923712062953,1,2,0,180.4685825021378
37.59187143178406,30.08895660208314,3,1,0,51.88120859283644
312.97262746593583,63.13253805706042,5,0,0,246.9162619161208
294.68406304852283,127.0656879807211,3,0,0,212.24577605409002
144.0372201684619,107.43765685572006,2,0,0,130.1342743701304
455.5597421981045,94.72003828566385,1,0,0,324.9836403136186
155.53445363470425,24.56677617820295,4,0,0,122.37119636394057
227.61407824309254,100.0227021182631,4,0,0,180.27827635223665
274.1624156797346,45.18346593746931,5,0,0,219.82354432872683
54.61477969726162,68.9697966160785,0,1,0,43.095582814352795
466.420051010748,79.19095769514023,2,0,0,365.13288361507847
190.39539546326534,79.21728249815303,5,0,0,178.70320787722966
44.98571086780009,94.44805134875713,3,0,0,57.71338316342923
196.7091309692883,86.02127204348673,3,1,0,180.23074815470954
302.1002608108274,8.888214310376677,0,0,0,229.7519972210349
259.25807255155814,59.455113373383945,4,0,0,216.55887212141116
348.79827714845067,86.3228088735973,4,0,0,287.98132567603676
32.464551323615765,38.479087681544726,3,0,0,38.749293352107195
145.84760208466778,40.697369338130656,0,0,0,95.18666649136821
410.51913553585064,16.19378120810002,5,1,0,325.49383022483016
44.54737545672362,54.4199481767312,1,0,0,41.29074211263097
428.465547574499,128.2879564598027,5,0,0,314.77737241833154
50.488565578167595,37.09151696744486,2,0,0,61.961315324738
418.0548363713896,69.08679604919274,4,2,0,355.45452130907813
183.59025853396972,96.62084286128096,5,0,0,173.0297218630167
308.0434863123218,1.754645214955186,4,2,1,287.71618600298535
80.67912224575909,117.05714274777885,4,1,0,104.75119535698664
37.75351725396452,50.25152401424201,1,0,0,46.29521022234615
111.88941098996686,112.98507827242769,1,1,0,96.10695838993998
68.28763986480429,5.0631956569321455,5,0,0,88.95303301840148
159.64091935141772,18.93626174227786,2,0,0,117.85159863249987
259.619707022955,41.9288290820827,4,0,0,212.47090935932434
296.4359344646797,44.910030498226234,3,0,0,239.59947769207236
395.98471315297274,110.21324899364215,4,0,0,305.5915634191151
329.8387471579375,1.4561450004705767,2,0,1,278.96475724627527
306.3353709391287,83.34453094105834,5,1,0,245.18793493251067
208.83210360545846,17.070616703211535,2,0,0,158.85303236959834
239.53517530526867,107.01803459243642,3,2,0,209.39303471683158
210.18781054813965,101.2145245745286,1,0,0,158.41332978408846
421.8721848803846,64.98973356345607,3,2,0,353.4749210860764
118.85022401145793,27.649339316608774,2,0,0,96.71142934887948
7.831861113272489,82.48440082552231,3,0,0,33.788392574096335
327.4033491269885,20.313581295493933,4,2,0,293.3544522498004
105.21878090122154,24.703093037044948,2,1,0,122.93238025959957
445.6069924733556,81.4696872892965,5,0,0,357.8228599713971
430.22793320479474,128.85969799152116,1,1,0,320.1607169255526
42.98004910446191,115.83790884283101,1,0,0,31.4664693273432
57.662260679968284,77.10395649887802,3,0,0,54.10629414298418
250.1099381620998,70.00977993976508,3,2,0,238.08144623278733
306.56521807083055,129.7900344010541,3,0,0,233.26012582540628
141.07962705370917,71.16162919240618,5,0,0,144.50357824623126
359.81486976618845,54.61514785472771,4,0,0,282.0464558928406
299.4834303548414,118.24221965079438,1,0,0,217.88982344013652
165.78793432553456,30.443958463007473,2,0,0,132.45863173728856
17.55888658094622,12.678378738585167,2,0,0,25.426329914817714
376.32438924276624,82.43170446703795,1,0,0,275.33504168830524
111.30306458341595,12.46045238993737,5,0,0,133.1924858217636
418.06450301400105,48.50930980388482,3,0,0,321.5717291107728
213.0436787268563,55.06506012562367,0,2,0,190.19385333464547
290.6533341027239,71.1799487164003,3,2,0,269.8501252316079
437.10962155245596,128.9157409472351,5,1,0,352.5713835976789
432.49338545537694,28.7276240333135,1,0,0,303.81657539255457
188.90218974556876,48.848329205898565,4,0,0,134.97097464709427
108.40000189384735,17.19121617338554,3,2,0,115.66019593668844
388.6973084756544,78.98975838432051,2,0,0,295.5060599678983
219.37470078305492,94.59751370001835,4,2,0,222.9719233455434
100.06078681170702,62.66998702066425,1,0,0,76.49926559345373
452.69054444698935,31.958064877696234,0,2,0,376.80685724906715
103.06157614933825,80.7154749936272,3,0,0,94.04101593054047
17.774548254659383,70.09050403795044,4,0,0,20.09089894529936
15.038587014872885,22.254144042483304,4,1,0,55.16992280124468
313.0461014448608,52.738647065276936,2,2,0,281.8222542195591
332.5291550551775,56.57562191257534,3,0,0,262.80722499640825
158.96564400320705,127.74030799028628,0,0,0,122.79257566251732
163.40543967729639,110.40715818021783,4,2,0,164.2970960765181
173.04948795467166,95.4682024755672,2,0,0,137.40476542957649
341.6784806456449,115.54101331538317,3,0,0,255.3145762905721
33.77622655828015,95.61297275773295,3,0,0,50.14992507524314
464.91259458220617,117.44224116634534,0,0,0,341.85641747807324
115.14791686783599,7.091904934336037,2,0,0,92.36772804943695
499.8382365948357,59.28860720469915,0,2,0,394.691422224222
89.90373342465756,97.09678358143836,4,0,0,84.37328979078269
386.91549636962685,75.82845355930176,5,0,0,308.95918131987503
115.58920974016439,22.771601339602267,1,0,0,84.16450751540262
45.01916681341072,44.26397124870945,1,0,0,55.18724342567005
438.09199555357117,41.31066875346986,0,0,0,299.52304562755546
430.0818732994915,33.97509871396368,0,0,0,304.38133402940093
204.76734426255268,44.60762195681559,5,0,0,192.8654663578151
352.68609055751125,66.93092749994572,5,0,0,267.4502433987599
280.747636678539,111.13297322182588,5,0,0,238.05605865439244
427.21327626850564,96.46424611118832,5,0,0,338.56232483610734
160.95270481273394,108.58246152211038,1,0,0,114.68305120242002
264.21783799949765,114.86848679320123,4,0,0,226.25166037077958
245.25932374625248,54.099559292688944,5,2,0,260.56788960932056
180.18338399714509,44.98341692347714,5,0,0,169.1101462698498
446.27025695540425,7.491039618941036,0,0,0,312.3433739746179
87.10957270795507,120.96391084393646,5,0,0,84.46676501522778
79.00677656274459,8.556992331958712,4,0,0,86.18933801681361
290.57021998476193,96.34761699816116,4,0,0,232.52552646699002
330.4596438425463,49.154079580526336,2,0,0,246.82909484702353
101.33653089065976,123.34150068489421,4,0,0,95.85969098110526
198.40513391603895,54.54826272143677,5,1,0,179.78723356764306
473.5491022744782,106.15908567611314,3,2,0,392.1315140804916
127.07562423188362,36.745128181277956,5,2,0,150.61882331271946
335.83854754811006,38.88153324170007,1,0,0,253.5902107628988
371.37394988030746,77.41752328419645,1,0,0,262.47655188837143
226.82370623525398,129.7377423819716,0,0,0,161.1191916046931
469.07536344599356,67.28441433729552,0,0,0,328.19345001629097
369.6450839333013,121.72012273112777,2,0,0,281.1777405621423
231.67266703114444,102.21247767233461,5,0,0,204.89257486038517
286.8209248791665,103.46236084304054,2,0,0,221.42517033318998
347.84365449542486,56.674798586739335,3,1,0,265.61666736865385
298.13413931246305,50.250492522464086,0,1,0,217.71551627458965
439.95530399390753,24.949835051805998,1,0,0,332.17702227612557
181.6598878287986,125.31236470787496,3,1,0,155.75353455883646
153.44344132762345,124.7211696176966,0,1,0,126.756548439721
110.85025030015584,97.11880546032377,3,0,0,99.7559622322539
23.702569191974593,38.51281848084704,5,0,0,49.94335254508795
26.29191236812739,31.87334024449668,4,1,0,58.038042285768256
435.677320589095,128.5193315103052,4,0,0,328.8470901342412
340.8046074709241,8.650565964063075,3,0,0,270.2668222132761
331.96354564106065,109.66335797837017,0,0,0,226.64190813699216
309.2481953727686,46.20954006272171,4,2,0,288.075801535191
425.3634766235819,54.45306356453867,4,2,0,374.76405153113006
242.73212820448558,108.15709433734884,3,0,0,196.77189967305705
435.8533601363587,11.778392080696543,4,0,0,331.34004485928915
182.92528796020838,46.04205820763343,5,0,0,166.795092301779
463.72021464784984,123.76315603204449,1,0,0,327.92396817968165
350.8352051402139,90.87856866026333,4,0,0,274.5464019083476
132.30268233209148,98.14209142476575,5,1,0,133.68057914845429
284.22203623586944,98.47568912421194,3,1,0,224.37609622266737
268.8501279366865,7.874110811312788,4,2,0,260.2517370135518
73.25991675651531,26.41698712385605,4,0,0,89.36835411935076
297.66523834655396,63.86422329055753,2,1,0,242.99609927356113
160.81888373989418,47.85953022179877,3,0,0,137.29827376803155
30.912639570753203,53.41859810727095,3,0,0,56.642989473225015
474.58479806474963,101.58815922133743,5,0,0,364.9089479948693
322.53773268682244,1.9083005588055857,2,1,1,280.64003637062325
439.0748712760693,85.86395042176105,2,0,0,332.52125422036966
339.6477224815603,0.014330134236919534,5,2,1,330.1098178876323
181.70692760935592,8.19760832491168,1,0,0,137.4713044878922
258.78059580276164,53.077195578891114,4,0,0,220.79540815986917
339.49464637185264,109.32330757462678,0,0,0,245.60010373264635
480.32490097471157,18.84944952337986,0,0,0,341.4062104181167
130.56638226523975,72.10078318671951,2,0,0,102.51236269195032
438.11364401893826,88.20567948747674,3,0,0,322.53804298409943
462.41851362066336,29.83927494238087,3,0,0,348.98790095553085
336.85567975618346,66.60293318504579,5,0,0,263.48138205149803
465.9769805636622,118.48294680796499,1,1,0,351.7149371865983
201.9499008012974,66.58970829751925,0,0,0,126.58405803759358
476.7430071400192,20.45199803239424,5,0,0,375.2873697018935
352.8775241971576,81.61585856938082,5,0,0,282.5986053401066
25.792854872311892,76.98602340110682,3,0,0,35.8519961025342
453.9020517504311,3.504118773757059,1,2,0,361.1126184387993
244.81404047143033,11.777272747183659,1,1,0,163.06948513901713
232.86185746502727,20.3815761683314,2,0,0,174.79600273855402
285.40096995991894,17.71758008304309,0,2,0,229.65028943914797
78.94535065175782,33.730550172921305,1,2,0,91.23099893299276
237.23719404086233,59.03369202062383,1,1,0,211.75033832107906
416.4079722752841,48.323118726867975,1,0,0,288.63477505501857
12.66381727307009,115.78448588259761,0,2,0,48.504430265199396
140.09399436056378,79.57422322282382,2,0,0,106.1295841741118
6.215020289702888,113.8987654950396,4,0,0,24.977168085502036
210.77709802917494,68.51511223928784,3,0,0,158.26260261646016
365.51617769439866,11.683161189614195,5,0,0,304.1661225148671
400.3920554117411,60.22736837863653,5,2,0,365.46942095488276
472.86893175786827,106.86423108950744,0,1,0,337.20745747066735
306.20978342053934,25.233489731724053,0,1,0,233.35732241421238
131.04029899318326,11.85785623784447,5,0,0,119.17657974038407
462.453234822666,42.82651598397381,0,2,0,358.82767937458266
388.78129817078616,50.55671798321815,4,0,0,309.3445313256679
289.3420990865565,39.813497932767575,3,0,0,216.8305781415296
349.34190678087333,17.581302131192277,3,0,0,261.5404828614273
462.5365957286774,32.60918176382289,1,0,0,333.9169430476215
357.6350440940962,88.69671259827435,5,0,0,288.7839030950885
187.34538125444334,50.17070711811131,5,2,0,194.53894962479467
357.94896013310284,82.23142780041225,5,0,0,308.7666088373293
24.937690554016996,69.71949138943522,1,2,0,53.20860995446631
196.2757031061377,71.37688218149697,5,0,0,183.1225007322634
206.12990076356175,32.31144253321348,2,0,0,165.26615616945577
87.58492603831317,67.8005942598636,0,0,0,54.5763273466193
16.427312873126237,3.067312802216231,2,2,0,66.16508251577231
71.0237121356827,56.1266865022404,0,0,0,42.569127544926054
329.03764041954224,74.44096701468897,3,0,0,254.49951534776974
402.13296410002533,23.65943077603421,5,0,0,327.2751068535065
494.1607288998522,33.35260581236368,2,0,0,358.1953759894596
176.44993403870467,28.53903257603052,3,0,0,149.85622124393666
301.6927150192454,9.172534184505144,1,0,0,214.97545527462665
468.88675857348534,45.221451748211706,5,1,0,377.55966281706804
87.68568176238554,127.26554963875213,3,0,0,84.4510129130132
360.2345652396576,46.00445284026931,4,0,0,279.783476015076
378.7144729088358,59.86976083880683,2,1,0,274.2459403069758
49.0428902553225,84.90134262432878,5,1,0,86.646525007904
431.3184456656172,84.30470765198393,5,0,0,358.37436403426227
407.4869983198677,123.48634740242115,0,1,0,297.89438832605845
21.534488255830052,111.48333825188628,3,2,0,67.28346765970065
50.08678536562548,103.2135893236698,5,0,0,73.22820755607643
29.317812476466898,123.71153935118038,5,1,0,76.0091659473012
170.6980482406843,29.99950011281231,2,2,0,182.4086296072006
257.09805038656344,80.21704530083304,0,1,0,198.68615185640073
268.51212533754125,115.33557967388032,5,0,0,229.5445907667871
137.49504608587412,81.13796057615323,5,2,0,175.13303497956352
456.24045884733573,127.06466169889303,2,0,0,337.51665899511
187.29008098659702,13.045852807829272,2,2,0,174.0004366984779
27.547327202849488,57.11296536311604,4,0,0,44.83821525995991
153.61242021298625,127.0571780281227,3,0,0,127.12600313003372
267.899164159357,49.34384371409035,4,2,0,256.53830226199767
207.06980218117485,96.14232876290957,1,0,0,137.49103317418715
140.5520469541333,3.9523771402243932,5,0,0,139.81254879088382
70.00500863333713,90.32882490194069,2,0,0,45.69864169657172
410.48642754763375,121.50147522858519,3,1,0,324.05713692477786
498.091894851475,49.751817074700355,1,0,0,369.3228919689861
168.12335609432162,2.7689789305008308,5,0,0,162.7288661399249
193.90241686741894,3.6282745714129003,1,0,0,136.01093412720397
310.92857471509376,115.96302974244158,4,0,0,253.89142533557126
360.62852999409296,93.92709392251403,1,0,0,268.10051756212175
199.05461972777766,13.869229949455379,0,0,0,155.8611271351685
452.94011090599855,7.096736016655553,0,0,0,323.01385398365136
282.20197466831456,104.62729727001232,0,1,0,217.43646627086798
227.94308782093583,105.28188226469668,5,2,0,228.9668682784879
325.10301281415303,15.66783917296637,1,0,0,229.01590589275358
476.63790488334075,39.19765250552278,5,0,0,380.2286123400115
398.3033857387442,101.40338839460564,5,0,0,325.05864556593224
24.806499614886548,68.30356922402082,2,2,0,62.191170234425485
169.49340581628002,124.35603189428892,3,0,0,130.335908653794
237.91961905085523,62.53814389498064,0,0,0,169.05245268750116
160.6861982435071,88.00453188351663,0,2,0,149.8195508461824
351.592842611076,66.27183754640595,0,0,0,250.28806105098968
414.0032291819776,122.58551443905594,4,1,0,338.01003525454144
367.01582211670944,51.82568196878915,4,0,0,297.12974101752707
494.71997697999626,29.873539173218006,0,0,0,349.28477368517804
139.9110857070494,42.46240183652911,0,0,0,89.80307925719002
438.1198000370886,110.8607765414798,5,0,0,338.7299188222134
384.47821926137067,64.73201325657735,4,0,0,294.82631822038127
184.2784849912823,46.05279945529107,3,0,0,150.59748311109428
368.39164911019947,70.75380283523278,2,0,0,269.8100580510441
56.51759842703225,17.319861945989505,3,2,0,95.29192612224138
395.7200737585734,0.6967096013274909,5,2,1,369.9960528091568
268.5036482806158,36.4760088801538,2,0,0,198.1443011444651
149.6836354910803,78.6507435718605,1,1,0,124.7569863547895
329.6097643831692,92.51850005598034,1,0,0,256.31452786473756
322.60189936363247,107.45942562575566,3,0,0,247.8184590937936
108.69568024620186,120.46626272128105,4,0,0,99.39138219024817
20.046720331705437,53.57460510541985,0,0,0,16.910749821520962
219.64318051632856,96.2671839424691,1,0,0,155.08646682778462
286.9083753254885,9.70748092574813,5,0,0,237.19777815989477
438.9196127934462,7.478899840370412,4,0,0,332.5195996467586
464.4673138455592,16.223738958200357,4,0,0,347.0306508829434
266.75858298759937,58.31398271799911,2,2,0,230.79295140582116
378.1327244654297,27.46658700483749,1,0,0,268.16992018118174
222.45511980235847,37.300242451916056,3,0,0,169.2516793647566
374.310667503582,84.22442255659935,5,0,0,311.72861897449366
106.37675484488763,46.60788324436998,4,0,0,107.77183797881182
188.67704372774804,72.45830250334288,3,0,0,163.26010636898678
318.9428594127393,53.61248837575699,3,0,0,234.51116965550264
13.98819297550402,21.966003217576542,5,0,0,43.22855010754646
362.6183486177822,9.622598733266235,1,0,0,266.93852652196466
418.5900731277425,30.71009439028542,5,0,0,346.3497302348933
202.57512224150597,7.501061033835765,3,0,0,157.81979697864273
226.73149650269633,80.41955478567489,3,1,0,179.069027015271
426.38469504718284,103.44328819059305,0,0,0,302.6930606640684
388.9490444863865,44.16629987086211,5,0,0,304.4885190226108
147.63399707152064,50.32443719580657,3,1,0,150.16454664039975
165.36817274796178,106.10483815870987,0,0,0,121.60859982219128
341.04472503334534,28.939678608562836,1,0,0,245.3663241863004
283.7830557618398,15.490834475333648,3,0,0,219.37244921669992
85.30363769276599,65.14535525304125,4,1,0,96.87477248010711
158.41530506843736,84.00472203932082,5,2,0,167.4004452656033
450.4917220549338,77.9550752560423,3,0,0,339.97190549652646
345.6463461775204,92.80349588564351,0,0,0,239.60280116357447
493.05728725433215,7.377653682493105,4,0,0,382.5352450067408
384.6712023404809,55.66620965858847,1,0,0,270.65396341153036
471.27734391107714,31.014168112940105,5,0,0,374.8091322156148
112.01334406588532,98.68576374098313,2,2,0,134.35505554926996
386.88501303437823,113.45496292784544,2,0,0,288.9328340944891
15.007672473159728,36.573646304833936,0,0,0,21.876953930909572
337.0262107472093,12.378350279023074,1,0,0,228.13821152293835
237.2947276695195,32.945635058881585,1,0,0,178.6970932101279
176.64623560043398,13.52110357765956,3,0,0,145.88873953684447
431.8901543850791,41.91488159474899,2,1,0,327.59699876878005
427.86250786547765,69.96581518183734,3,2,0,350.7843135520555
16.03934392482857,126.57852407176684,1,0,0,6.0
306.70503561246835,51.91813306567661,0,0,0,224.52855349487143
187.07695103887343,28.605190101100746,0,1,0,148.14734760843874
210.75219574272234,21.684226248208557,4,2,0,229.75382350098207
416.8601659132941,22.49516959802788,0,2,0,347.9203714081051
158.37068690620075,25.037698823989697,2,0,0,112.25784312685889
471.809161265622,99.09471292986811,4,0,0,360.45033754561405
93.91874405420968,7.933602486214589,2,0,0,82.95215108598784
333.04759956724797,129.66235190259442,3,0,0,265.35074957904044
337.69200817181354,67.94923085161395,3,0,0,272.81237710727765
129.8366049068195,70.75534625910734,0,1,0,91.38754970150116
165.75155143876498,46.483304230948626,4,1,0,149.93213405255344
418.2252538270705,89.73319672357566,2,0,0,321.95537842894925
382.09360120270145,61.2893243145037,2,1,0,278.05531118747075
167.90246075580598,42.77796704539147,1,0,0,116.03076234047252
269.3084907327923,34.467992482045574,0,0,0,194.04012485590806
35.531746645282254,120.33465690132374,5,2,0,115.57019455005283
108.32921178732147,37.82863695681463,3,0,0,82.97426959352352
245.48117663589755,56.731123725879456,5,1,0,218.81696668190366
47.556998963209736,45.54438227514087,1,0,0,45.75924792462278
422.44951567150906,11.203247565644674,3,2,0,369.0281028381032
360.4130740032857,24.171471282694725,3,0,0,280.02978049726283
472.09866697100495,24.63525679242966,2,0,0,331.07122573522236
348.26611845219344,90.17443687065513,3,2,0,291.86166365242804
470.49867926978186,52.856103295555194,4,2,0,409.26495531302646
279.4837150670277,101.65578319918562,3,0,0,222.84498676359948
302.10821247567486,92.1636201634404,4,0,0,231.92041025597797
488.60067203999915,24.966469631484895,3,2,0,406.9360625843003
322.8539276978089,73.17919961561309,1,2,0,273.8613216213927
20.239351586069567,96.57814998634437,2,0,0,6.2364072517654865
363.282374432109,82.29558005184398,1,0,0,244.7395578458361
453.20700260802073,78.00214605143752,2,0,0,337.1078201501491
398.81222364819166,96.14941536209983,1,0,0,307.0333536666675
293.9974699495842,7.381496103319895,0,0,0,209.90143349666047
337.2952389812906,95.08485315698627,3,0,0,237.6459096548184
495.1449356795775,35.44518420994569,3,2,0,392.6022862554141
49.87773381212247,74.34339308621603,0,0,0,40.83966358969701
335.2861901734536,31.49964931054597,0,2,0,279.2856040453845
145.28185881244394,109.04628438688889,4,2,0,165.6039440646345
321.84474631015416,62.47271605909828,1,2,0,266.0295199588761
305.7736700625497,83.58235756324787,3,0,0,244.58514434650937
80.96113189354023,103.23066565197465,4,0,0,95.89289258909704
107.33958964141839,116.39098315927737,5,0,0,118.01477748452001
312.7066411313907,95.16807261901432,3,2,0,269.7488984679513
68.4738239153682,19.339914904752746,0,0,0,56.42765905352487
136.26453318950982,111.08920804615224,4,0,0,121.80960756882217
418.4465461303112,80.4151290625158,5,0,0,325.9598891026044
166.91029547081112,79.22846858943556,4,0,0,140.85299297683824
246.58977735348316,119.77427277463981,4,2,0,239.05304673360772
470.86446589719094,32.348102236564806,1,0,0,344.7077436947035
117.43879897428842,31.14639040422433,5,0,0,100.71224779428765
197.86487859221515,66.71516211034505,4,0,0,161.89255827073504
305.1965988940551,97.61219864953246,3,2,0,268.88495927545983
378.89277010446625,58.14129206970619,1,0,0,283.98106627782636
451.31842642278906,82.4058806860123,3,2,0,368.37735439368987
458.15912884889,58.82821414895345,5,0,0,356.42760421092714
389.4368368144484,79.35033346330593,4,0,0,310.983315532944
118.02376411368867,106.89409933978244,4,0,0,112.46729930823699
17.280618371070073,23.461970491820033,5,0,0,61.99617474009785
194.96809552603378,90.39920942077792,3,0,0,157.87310047140804
75.06668123897255,102.36534611396382,2,0,0,84.33501860838156
356.64188548195756,58.12448297263172,4,0,0,299.1113505406633
332.2596404787298,42.02036501882105,4,0,0,267.45861529445466
26.765962602620146,1.7607621101722704,1,0,1,47.8580966739361
419.1139206698208,103.62365290343216,3,0,0,322.47635324178367
128.12791681413523,42.632025674678445,4,0,0,126.59258373017931
218.9524023680659,46.45023102304653,3,0,0,177.26805481970396
335.6271990505925,43.68080120284559,1,0,0,254.631965917928
217.5622994918654,64.83611300560396,3,0,0,179.67688598231098
223.43746238597197,91.32494451848002,3,0,0,191.7955152827258
37.485857691191484,100.3422070300664,1,0,0,20.58567641153157
203.71455688370187,51.03419365241058,4,0,0,174.54487412286747
383.5997071438918,86.20326455587198,3,0,0,301.51528504302905
458.0122869073659,93.68895253527099,2,2,0,363.4290609831062
209.68108284636904,38.5992531180596,4,2,0,216.68528934298632
214.67498430514405,12.560791039822126,1,0,0,164.21292361229044
352.8004176302078,116.30654368378012,0,0,0,264.58661964292224
471.6721405471119,88.02507633160708,5,0,0,365.8890328942495
137.1951654184833,84.25435315391789,2,0,0,113.14391152894795
222.87138223627875,7.657326977557137,4,0,0,181.11861331525185
399.00675555838905,106.32349747551044,5,0,0,316.38446007059815
306.7983168401491,73.58704029118691,1,0,0,238.33861549044795
59.74024026215759,110.2249742512836,2,0,0,56.306709285424645
315.7277041033215,126.69295388577899,4,0,0,245.28351816998446
97.43941087567681,124.42304171443148,5,2,0,139.13620123629323
257.55688736881007,111.29161503072697,0,0,0,177.13455612898258
266.90611749191703,1.423158598077957,4,0,1,231.23195785731784
438.7206643013675,115.14453707080435,0,0,0,304.83518926357624
233.9346656361569,9.758100797593915,0,0,0,160.63076178897754
143.32399900676765,110.65521612297974,3,0,0,112.08885579850576
119.32834236693563,36.42262891951107,1,0,0,92.0548091908776
437.7546789587464,79.30888400933779,3,0,0,321.7958288327212
89.65037293702305,4.948870049484357,0,0,0,73.55519456253653
215.80493763715614,100.25362049536965,1,0,0,156.72498226312112
97.65069188883876,14.521795890286294,1,2,0,115.80712342654714
387.7854998566158,53.389462317850345,1,0,0,284.6268443998741
239.8144567874364,106.26798030228919,2,0,0,167.1532330380697
178.81612682562198,90.39536954608357,4,1,0,161.62467146706572
183.74432211010108,0.7855505915486982,0,0,1,163.16777632642484
426.8460323278748,52.394203490531346,1,0,0,301.5201950858956
279.11810737574683,5.450577205386043,5,0,0,253.46778563297218
360.3445863099755,87.55498190640098,2,0,0,273.65959324271836
449.03406554408883,125.96330392793179,2,0,0,336.0177150887571
451.3621296401178,85.1839640990987,5,0,0,356.76283879623
167.61198189724226,29.168416045282253,0,0,0,127.72889787632788
476.4633752574607,46.180294168650214,3,0,0,367.84007212629456
17.313561597229693,126.9645722356008,2,1,0,35.45404059825336
191.533602703002,29.126813564205506,0,0,0,131.32724676582575
448.4204344668766,72.99877949707755,2,0,0,318.1087309737131
140.94525550940654,52.05899512862682,0,1,0,115.81454941992585
140.17531790905258,99.8809887306688,1,0,0,106.73849029737288
154.7980311155349,112.76060535738533,3,1,0,132.27503931334076
308.09512549922647,44.30884566553858,5,1,0,257.2548041277085
221.97472392910512,85.85152728091974,2,2,0,206.47266222521912
364.73374399490456,71.37620067730455,5,0,0,284.62607347095116
447.98076806950957,36.19778370720634,2,0,0,331.05895591583584
338.72869059671604,35.35230436569022,2,1,0,247.9216917721497
106.21102649779988,70.02211417919952,4,0,0,98.98076251961399
466.6775416684486,20.020373559198973,4,0,0,347.76254235990706
135.92397230700186,105.4052865427213,5,0,0,133.74953233406092
79.19767618743828,8.970629096052262,1,1,0,63.30370879052039
49.53380303617564,12.294683207081121,2,0,0,44.33399326542594
283.874951629752,44.48942016054478,3,0,0,242.3204091023817
61.31241892792264,15.351928565627336,4,0,0,79.86434405149193
73.69406263575222,61.84100276321402,0,0,0,57.42505638814909
153.51508789477083,51.957865757443145,0,0,0,120.0418089802771
144.4182397938096,93.83527346514322,0,0,0,106.55452158119061
304.0985576144104,123.89054017726365,1,0,0,209.21903316228622
409.28891333897735,97.96261601608637,2,0,0,291.4613477689305
381.8680798204317,23.328326174478565,2,0,0,259.56506116031505
134.92980508465598,121.6177671103724,5,0,0,133.06204820211008
126.42869650306007,50.977346231898736,4,2,0,144.50241373472002
483.06680740294894,61.64461692049868,0,0,0,335.8545416062676
9.076939588020263,54.80491085818262,1,1,0,19.728389578071802
440.46166386480684,36.47111302740347,5,2,0,377.4376922233482
103.86561696559046,116.3557574136729,3,0,0,94.60643939404183
473.9057399294351,43.191052566560096,2,0,0,346.37489481758064
174.44210598962226,75.21754105834103,2,2,0,170.09218273135662
222.9741280771599,31.204365968662927,1,0,0,150.6614263891057
355.02470390246856,103.65879872012346,5,2,0,324.7810847239273
295.8961804792639,100.64582573879424,5,0,0,264.45069062808034
162.3799682048773,38.52057799811571,4,1,0,154.9078091771832
279.14630335457264,88.60202950864897,1,2,0,260.66584606187934
366.6999077596287,91.50355930234346,5,1,0,298.7321587991291
25.955798221733588,73.12648409361961,4,0,0,44.846762942257484
10.54365610157354,78.07778969531712,5,0,0,43.26383867663303
231.7431348410812,74.67910297780345,2,1,0,185.45524135109773
70.25912581273953,10.642372519329932,4,1,0,97.87905338266938
333.8504242750336,87.13449481279204,5,0,0,251.94164012076885
110.95596583257992,61.070751279029864,4,0,0,103.02958404189033
219.26129786385712,56.99944647038376,4,0,0,198.54304590627456
102.84711375276314,111.7998984416341,5,0,0,104.12820400451331
276.4993749458166,3.0194727499453022,4,0,0,232.3332935044278
62.44646239536161,32.67093933463817,0,0,0,49.51690574650414
16.437892129802727,15.782454979557025,0,2,0,46.94989316686714
30.310160862815106,4.594335799264348,5,0,0,60.244789153221646
477.3579285500784,35.83800969787318,0,0,0,336.18910077495246
75.43167821241323,128.50191546330808,0,1,0,43.108940830934955
355.69673530273343,35.129792516984594,1,0,0,262.4198014780295
38.62347109029899,86.28175657345028,3,0,0,43.31875199843106
58.53937435641517,15.378855705293791,5,2,0,100.93067439727717
256.89374444762063,78.2401919061399,4,1,0,222.61975733023405
235.1111104264001,127.98259280798072,1,0,0,176.04960856109705
476.03225317273547,37.93887804986049,5,1,0,389.855382651311
472.693549245265,110.24983012882576,0,1,0,340.315253329931
390.90627805852023,129.6842794476496,4,1,0,321.4626450507123
303.0404059130381,76.51203153369671,3,0,0,235.701750700795
230.20535710954044,40.2221430556446,5,0,0,201.60525904041037
181.30837449256842,87.5590637868903,4,0,0,160.63214832747965
473.80833575289995,109.83026681492044,2,0,0,336.8771858714826
303.4398616552194,22.27553158505718,2,0,0,231.9865955019959
291.6409012045673,58.82704929938893,5,0,0,242.79931185174073
119.79105527561286,41.494402316099325,1,0,0,89.3180099567685
28.11541985313097,36.836669605109385,3,0,0,42.47520388771208
472.8683469809745,111.90676389622244,1,0,0,363.9356518062177
160.29895312810368,54.81502088683901,4,1,0,133.6772473523651
224.08156654560707,44.07992443450866,3,0,0,178.59127722959852
61.746772074924884,78.45637038538177,5,0,0,86.89258913020603
419.2775433050995,28.522205352859565,1,1,0,300.9459029185336
18.67775726368566,29.886153773850264,4,0,0,45.323730979253575
417.8254272390528,67.6375350132956,0,0,0,297.6565103563101
74.44108133004356,53.205454724003935,4,0,0,67.04541600508384
443.84923575242027,38.34770990990218,1,0,0,315.24653129010653
366.2374554813979,7.013647195633286,5,0,0,310.571315380092
86.51177994111602,67.70065102300781,5,2,0,118.75109758068668
285.0799064654367,106.15919672813976,3,0,0,218.8824774749855
159.76487560583362,110.67903668718752,3,0,0,132.88872144654871
93.2253839612338,30.60719736439043,0,0,0,65.84438675065957
430.29518870849864,77.95335651317347,1,0,0,307.2206139572842
204.74376942107855,111.26457023018224,5,0,0,181.26566724397722
202.27913861086432,53.13437067591442,5,2,0,214.46504226400998
89.0939040292769,121.17778624997871,0,0,0,69.2819974541161
194.61750966246044,117.38720878684188,2,0,0,159.3778875290308
436.4503389327808,27.05740666444522,5,1,0,357.03827668481875
184.74871169236977,33.66542827702649,4,0,0,161.34111657761298
476.0437634373951,23.457459823975956,2,0,0,336.3593534394447
473.4229051081518,25.487065689111297,2,0,0,349.6228769248003
76.72483635713628,118.02207133255475,0,2,0,100.18463562208949
92.76907049370921,121.04792819504098,0,0,0,50.98687461927068
432.0236648142851,6.746641354067023,4,2,0,357.90328162654885
199.416654867736,77.16843623738663,0,0,0,154.19200828959904
7.165121230089621,73.3501031714843,0,0,0,6.0
140.56655075415864,50.77119407417978,0,2,0,134.2987978350625
300.8263516318022,82.12068706700391,5,0,0,243.38324592745826
400.63665315018415,123.15781731641052,0,0,0,295.6877983616952
71.02736546116348,22.133134753879002,0,0,0,52.863119113550695
59.717975386283996,15.653418263139232,2,0,0,63.675079291923815
461.43586351830413,4.340774207766838,2,0,0,340.62061926442163
376.8184420721784,47.298330019218646,4,0,0,312.7465181786459
296.94090238514883,43.89170202012259,3,0,0,224.5096584731921
385.74746104798436,56.006559460623706,4,2,0,340.1843686084473
217.28290884678603,65.43030401452336,5,0,0,200.68982990890902
380.43559491801767,98.5171192239591,5,0,0,317.897143376361
189.0424806808952,50.974740759477385,5,0,0,167.02990927017976
125.82681338383817,42.979704216960364,1,2,0,113.79314063053084
365.8616435400195,107.4942466337515,4,0,0,283.5982481874189
212.7377846178478,110.47356718497532,4,0,0,194.66021648860442
490.7816666414665,30.259575358135912,0,2,0,375.56478569464065
177.99516524250998,40.90733695247008,0,0,0,128.26443167614437
461.25507316287764,107.26512821831147,0,0,0,322.8278018859445
466.8164615407043,10.323071758709428,3,0,0,350.4672147625419
124.71720879704934,42.360081450795924,5,0,0,135.84492674456774
400.11948488606663,58.28551391531196,0,0,0,284.72760357724314
219.37188004655974,24.319309976074234,1,2,0,216.42816943993463
459.17473997902226,23.388845559390763,2,0,0,347.30982130895256
227.8115149544432,55.23206754175873,1,0,0,169.18928002648528
373.43034008199623,98.08782421553124,3,0,0,284.35055218765393
236.14886753607993,109.23028734119157,0,0,0,169.67921148571997
117.7613740778638,127.30056202970253,4,0,0,100.82705860777403
103.67831382761972,9.617926511923475,2,1,0,87.06583174529018
215.58844115689107,28.16868614897905,5,2,0,230.99318132077389
378.96985522203636,98.36187950994571,3,0,0,297.3841724561807
304.51038516447954,70.27783178723604,1,0,0,210.24166757128253
345.87149850076895,42.59837061511437,0,0,0,251.88022375145457
144.7515436123115,26.72665596214166,3,2,0,158.19612940564093
243.31049624901473,36.462081713518245,3,0,0,185.8675196600259
26.975656159816864,55.80756353912375,4,0,0,45.01032702277244
409.67854589926975,23.029658535784257,5,0,0,333.179366785616
494.99662030873793,125.34937426397758,4,2,0,419.6884390607805
206.4051359992121,13.986497797983668,4,0,0,177.1735692407984
10.427008300113958,128.1250664835985,5,0,0,46.766607664683384
89.04735657771894,109.44612718008743,1,1,0,68.78874370431312
328.00080448645735,55.00971027678608,4,0,0,265.2514608051145
307.9792625109103,96.17612347046732,5,0,0,249.28193595473533
394.99303619484425,87.29698168053018,3,0,0,318.6097592020578
130.67258542572876,27.727299333361024,3,0,0,110.41916188568919
382.99779819583136,44.079111195463035,5,0,0,326.3870005208135
345.55209065421656,66.70593316470952,3,0,0,264.0683526811773
164.79317636835242,82.9197433854045,2,2,0,165.8704920842515
275.0166332881962,70.5763475763608,2,2,0,241.88058638314743
77.90053520667172,61.4883699308416,5,1,0,88.66556105452091
229.01942920061342,57.60979554913702,5,1,0,218.597895361165
441.1926830800423,64.77438490835233,1,0,0,319.5039952156286
213.48973301356844,56.465697579976144,5,0,0,192.34245139655238
420.58551970533387,70.37291008094307,4,0,0,340.2197049299241
297.17541580354873,115.43808887606669,3,0,0,230.19070414238195
99.9789729856666,82.26781069709952,4,0,0,98.53864939570542
292.64759112545875,93.94071374851022,5,1,0,252.8789583337972
255.46174793274642,77.67280738500095,3,0,0,190.3801029635453
202.3274609222101,83.5922987138203,2,0,0,140.7599371723254
64.21706756045481,75.18547769826343,3,1,0,62.39647951335452
211.27078860437877,3.492647885457015,1,2,0,203.50364810977666
41.01737623861542,129.94778968600258,0,0,0,26.019748277534156
53.89068044238187,4.3692012276765695,3,0,0,66.69988103881877
210.87868380169442,51.36924107037498,5,0,0,182.5287762902573
156.16383357438954,13.665038178861344,1,2,0,139.2343594555663
463.1444413018006,12.60069855732122,2,0,0,349.1200337267635
190.9743736632339,103.15850371768288,2,2,0,177.20463525417733
380.13977042568956,55.37035131655001,0,2,0,309.55279702381273
267.4725255512902,104.14803207883944,5,1,0,242.11566880474936
353.52240597795605,35.462241188508095,4,1,0,286.9464694298182
133.7574115926226,33.34016293481052,4,0,0,127.48375669247265
471.2429615549729,32.66007963588008,3,2,0,377.4340661188608
267.3938059726398,80.0989314330295,2,1,0,238.47378596083163
416.50541528619857,105.94992067992801,1,0,0,305.1649745247684
185.69761827067617,58.79393130978127,0,0,0,138.1117072972368
54.60461778000965,49.30235578334071,4,0,0,75.75269711013561
338.48726562182014,126.56534204621441,3,1,0,268.27960272444665
8.84102592702512,15.178024681513044,3,2,0,64.54040971987675
240.2700233999266,63.262248665836026,2,1,0,202.76700556713007
100.43694181989733,53.103407913586466,1,0,0,74.78710806805285
315.55087469550426,12.75645755629575,1,0,0,233.46201095189602
489.8128372032368,34.86604707146849,4,0,0,378.76026214118303
234.87943862871975,3.697357635284564,3,0,0,180.78665006592712
409.661636980205,114.00405756778441,2,0,0,307.5670652257909
256.3531725408049,79.02043876875214,1,0,0,172.90627630537955
250.44081539649193,105.95240472313259,3,0,0,206.6434137701605
465.55962912349503,67.80207881238867,1,0,0,349.95916717353305
445.5331050296073,77.93627782484627,0,0,0,322.64558178327275
393.97123026804735,91.11108211519144,1,0,0,298.7729837585463
151.64659789180814,118.04151157034794,1,0,0,107.38486549542952
274.77916578335055,11.927745417359949,3,2,0,249.53698938519335
115.82913048631409,43.0232913156445,1,0,0,90.09059196344356
224.7387655330372,92.17340479100007,1,1,0,175.9984431624375
244.68546755109637,124.58557319018107,0,0,0,168.78348203118694
416.6618198838188,127.5049657037007,1,0,0,293.0958770270464
448.53404083587156,82.9533911878441,1,2,0,375.354963858591
210.23693088625654,25.167802108132744,3,0,0,162.50496287801332
13.763700311252418,15.497158483814374,2,2,0,75.02306026173517
431.57805069573055,122.9856737564553,0,0,0,309.09918047001685
91.26794585817355,56.41059963012597,1,0,0,73.45158597362149
312.8315721257448,25.326084324149026,2,2,0,276.1091714666521
17.36059571489494,121.40602705108815,3,1,0,56.56553352063928
202.7557052539793,13.588155303360544,0,0,0,119.50152473561042
493.05034954709816,94.84424259141976,5,2,0,423.26779524243614
54.843332546382534,81.28419358063344,3,0,0,61.65398773759754
214.72811023982294,11.405506369515939,2,0,0,167.64626744785528
157.03922534402633,44.03734343312748,0,2,0,155.3157534285375
453.0186210771908,19.490989640201384,1,0,0,321.48428956654294
435.3233534141408,78.58481702931097,2,0,0,311.32905424255085
122.66088635158327,62.024694118065746,3,1,0,104.72590381338861
45.18795458996343,0.5557662058638246,0,1,1,50.73122759354366
315.43350506025314,126.84237361690805,2,0,0,243.2459003060361
171.50251238243632,45.44600448564025,5,2,0,197.6042288107011
337.6817733500012,33.5665710688165,2,2,0,296.7135774630964
20.899279253568167,28.917584253233347,3,0,0,32.21422974665719
71.03262141285727,20.64606650256382,3,2,0,104.00239258120052
344.7542552224585,129.88781990814627,1,0,0,265.4394468323568
110.12347437473639,38.36423082460863,1,0,0,94.11225958398546
429.5058995023888,52.71675463915661,2,2,0,360.3503280430655
34.00248941651704,113.27626910315156,3,1,0,38.17896619830647
111.66358147885944,83.44537546057416,2,0,0,110.84063074590173
499.287323000109,47.93027352688543,4,0,0,380.4106164869847
219.37267078046236,116.78269667010089,5,0,0,192.40742214758973
352.96800345459854,97.46414628776802,3,0,0,274.781990148761
95.41820918422177,29.627065980420955,4,2,0,133.63480205088646
306.88502381784116,83.68606929798966,4,1,0,252.87694397375975
364.42250384286217,119.9118047780122,3,1,0,289.144719252405
160.66593475392273,64.53991419855363,1,0,0,126.33960138700996
415.3040704280595,95.36961236811673,2,0,0,315.1950101254883
303.6917013437802,126.2434867185907,0,2,0,261.3486225026331
197.61588975943997,89.75383831637768,0,0,0,129.61560240257336
281.0329847048635,13.31702966959048,5,0,0,229.46296448631549
290.4966194807825,31.792741621067613,3,2,0,270.33302816927466
86.93996988346368,77.36253685454436,1,2,0,90.43753139969152
204.35252308414823,35.82225599834779,1,0,0,152.90315416334164
174.99814106964908,124.48042170058818,1,0,0,123.65449949753942
203.4468476766674,52.69576442288259,0,0,0,148.57012504921306
381.7497413002027,59.43995274520746,4,0,0,290.66470041683897
243.85651169600297,91.20827215111524,5,0,0,204.89780415697277
470.45649585343585,68.15246507444364,0,1,0,338.473118978694
150.36982461242593,49.67897569553988,1,1,0,124.5605196929628
210.77327125103986,9.962923770095239,0,0,0,157.40603042117303
394.5436211871255,77.5379266360223,0,0,0,287.7889237686392
275.28217369377137,112.78540400322451,5,1,0,241.1613105493615
275.7789324801016,89.1491174288073,2,1,0,208.0805878153049
31.40338068756584,49.59435130610378,3,2,0,102.98361046741465
202.30683304563564,16.604388401006823,4,2,0,206.83817930024367
139.01319754875757,106.12396429755171,2,0,0,114.99036389192482
499.6708858014021,122.42728709005661,3,2,0,412.4892331513383
157.63575996299357,50.475488803514416,1,0,0,121.65667179849156
442.8257847229624,94.723484593928,5,2,0,376.959364126799
339.7356988450363,53.39924718579824,5,1,0,288.7605897343603
173.75362255008477,65.29470205078593,2,0,0,153.44313118472363
274.0495172951912,108.74192948013327,3,0,0,196.96398306692194
421.0652605748509,10.845164487449965,5,0,0,333.51335475824095
442.26730752530136,68.94359534227166,2,0,0,316.4945924828764
84.39496812804188,27.90063570725892,5,2,0,140.47279177737482
173.08870489804397,44.17477291444911,0,0,0,132.45047345786446
170.93547420571798,83.77574720349565,0,0,0,119.5114658637846
25.81217405759262,3.539693603790287,2,2,0,69.16836748312349
301.1276911266888,77.19726286651115,2,0,0,219.032141446265
428.13592623113306,36.84749112898746,4,1,0,318.7937002052543
193.8793219736313,87.03296690504938,1,0,0,141.62420815714265
371.31779276716765,18.405575748697046,0,0,0,260.18331349608735
315.7117047323663,95.65550849610322,5,2,0,295.24259460294223
190.9461240690354,83.93316356918716,2,0,0,119.6784692137232
74.82460074868705,126.26143827444565,3,0,0,58.88914225920628
356.1153071241038,118.46059722355925,5,0,0,274.0277636250414
428.009758625914,36.8293722159613,1,2,0,346.0724245976618
344.4979737387385,3.5511544543068063,3,0,0,270.0424421018738
13.849849597234943,85.19791294452851,5,0,0,35.31318537094049
112.03528272354066,78.37536057060743,1,1,0,92.80095905818233
39.3925925173483,3.5657399396379885,3,2,0,80.19645844382171
287.34111929023226,15.948078796337047,0,1,0,230.1170690525899
379.4564510260041,76.01122158967813,2,0,0,278.78836163490655
59.73669759898642,118.53754432565395,5,0,0,74.32378277378243
419.9772211937257,117.8450359467429,2,1,0,312.5105371119501
279.97694430576416,19.693057099569728,4,0,0,209.32198337571987
346.53466101015385,49.994613032682444,5,0,0,286.4310460143895
485.84391506127986,5.616372365782622,2,1,0,363.9507419927768
46.42208918261017,61.00534002718078,5,1,0,74.2731898408287
451.1058913740057,97.90084975751674,0,0,0,320.0689809931625
67.4208345137676,102.69645247752949,1,0,0,40.59079425203647
199.51460928515772,64.86863065755449,1,0,0,163.96897888671495
426.4621546839016,12.463057712068391,2,1,0,308.0466361499779
453.59584718524474,49.577316773603634,3,1,0,366.77244923508266
255.65397840484695,121.17325479666738,2,0,0,194.7272885204925
299.08179594633543,29.84963234756291,5,0,0,243.63986179723025
355.5329306262858,41.56807848865444,1,0,0,264.2047277784582
417.2155408840935,97.0875328101992,5,2,0,363.38764400011183
65.14802892114474,95.36550255517196,4,1,0,92.1730572466542
405.9843075734677,118.58629744324121,1,0,0,296.5483319703889
243.2316945032503,50.455429793648804,3,2,0,235.70777449247066
228.05859542854364,66.89783410365786,3,0,0,191.9434899649109
214.83037723851413,60.76101995866209,4,0,0,178.8762310085088
257.0597346967911,120.60778223291891,5,0,0,226.1352050298807
472.80002393032873,100.01297654720253,5,2,0,410.4024637647285
276.36086753211504,108.08743137840027,5,0,0,243.0839490891052
476.8228814402539,17.302774947823416,3,0,0,354.87553466971053
94.24361465474209,102.94007007286079,2,0,0,93.21620355989124
363.44730952215343,56.28723958747461,2,0,0,263.99321000870606
407.05857161132985,3.0340287679841236,1,0,0,276.4721374209606
341.16877151075664,7.811485856627,0,0,0,228.54161331581562
305.4265287121375,88.12803216552979,2,2,0,263.00829348073586
284.58232663766023,48.36161734897608,2,0,0,217.6445778887543
431.1605888764545,112.85502451905245,5,0,0,340.49218569962767
411.7150655964275,95.45550740386264,5,0,0,333.70277717400006
65.53291698439676,2.818401516705029,4,1,0,73.253101097176
425.05089023028466,89.29548053868025,2,0,0,329.9559284344417
209.96396662301902,25.00582145520631,1,0,0,167.5176832100167
130.57993084792633,54.93573393150857,5,2,0,172.59061608394475
435.5354411668933,81.21557627598516,4,1,0,356.62322917479355
218.8522758187021,113.45331936844008,2,2,0,190.90946404883306
405.1405216375243,59.292725490952094,1,0,0,299.4719175957674
135.38478791814302,105.10375904484748,4,0,0,131.02930049741562
6.945014103997812,101.78553616408227,0,2,0,49.608935219045634
250.25230048695747,53.89000667066358,5,1,0,229.27069787387532
54.61298703822771,65.12742124627736,1,1,0,58.75117412244116
378.4160979848303,91.0630513064757,2,0,0,285.1575893204742
141.65719235435813,4.0492965041021645,4,1,0,148.52432614423657
224.60459506872198,115.80548379390198,0,1,0,161.93423381417034
48.08161472031935,100.07610072690015,1,0,0,44.44194641010785
146.89632798139007,32.424064582302954,0,0,0,98.71455526221297
391.83767041299313,127.55339391456683,1,1,0,291.4224305205727
80.03601639164813,23.320745836650442,2,0,0,46.845003184601346
325.3439827578439,118.83126758157223,1,0,0,229.019531653804
459.1257971382281,42.18154958200445,2,0,0,334.56187033229185
341.51919608007154,99.20907232133766,1,2,0,280.46407804440076
406.4557361996523,59.328957122232865,4,1,0,321.7085834321075
58.94095650543832,95.74076036850029,1,0,0,38.14033575966767
129.11225387101695,20.251796232117613,1,1,0,104.3462035682346
447.7967318590926,35.035839590242766,3,0,0,347.46055252630026
358.97727874095415,12.981517181363332,3,2,0,308.3087039055365
321.57914405676905,112.46871758691441,1,0,0,245.88086222165694
333.5645343802415,38.518088410034906,3,1,0,277.14987102391746
210.02927438079848,90.28190982416625,2,0,0,157.3725371009145
27.055532650738343,106.62875570639866,3,0,0,45.8224070323431
393.2985633250109,117.18437072931496,1,0,0,273.00514021988636
340.96305192660014,13.818624990523316,5,0,0,267.1946672797283
239.03820973579872,116.09194135663962,0,1,0,178.73854726783637
450.3810096072874,25.642861104993532,5,0,0,358.49299896052696
171.39903416762394,95.79726150682501,5,0,0,171.50787027805802
150.6892633944618,94.75037251739946,5,2,0,176.90284867581514
437.0341809143242,1.1054084263240505,5,0,1,364.0747396814516
399.5088891056978,28.68110808033305,0,2,0,318.8865691196958
259.9150062709307,63.94810690643275,1,2,0,242.81136691649047
69.71369603163573,54.60451186622668,1,0,0,68.49044783678544
111.46037837520096,119.41455238499924,0,0,0,82.1399956217195
329.8328552523593,46.76631303532801,4,0,0,268.76806563661455
195.59541273100376,121.8078829286751,3,1,0,171.81464888851428
419.05422987465573,59.72581139102904,4,0,0,334.2759518914642
475.22772961944105,125.36587656322155,2,0,0,357.6109711675487
403.7902780110845,95.85612530323195,5,1,0,327.3098759612347
191.88498438280078,107.81349691218027,5,0,0,172.3432186457273
395.3997824695549,13.633995485370129,0,0,0,280.56239227105783
178.9636283679883,76.19838632150781,0,2,0,163.69393426800707
87.71454344398877,18.551046777815607,4,2,0,122.14592039457328
21.529636408599412,38.69073026662663,2,0,0,32.62951793089893
195.9297728167049,81.06350280174485,4,0,0,162.52191757475495
452.2618553301545,94.4093416102058,2,0,0,328.37671985272675
123.29836093905986,5.093891661462608,1,0,0,93.16545475175467
107.22401664024308,69.0226850394074,5,0,0,114.11248045497351
485.06128869431495,73.49081821768523,1,2,0,396.6272346372557
17.377035861043097,10.247639624326151,0,2,0,54.656642328101974
393.9621644449084,65.08944444609926,1,0,0,295.28208966726726
164.07812809173083,92.79949640647745,4,1,0,169.57366245232328
23.55653865048137,6.9195470338190255,2,0,0,25.75986365452648
459.3122574037439,98.83481092211507,0,0,0,330.6214857917283
74.12295345374389,74.93544563753778,1,0,0,66.28307396662306
278.1307454442192,108.31953707533282,0,0,0,198.63077025444062
140.65683267762614,28.34813447102909,0,0,0,107.32239914484691
37.27043708142206,108.3255789477054,2,1,0,50.496469414045535
29.71163040337265,12.292926784770838,4,0,0,55.81008167317697
62.2005659239877,52.49786053780728,5,0,0,67.15816159154092
40.32667187524312,25.933022898204303,4,0,0,57.28500112066163
381.4762671823618,113.88270819781364,3,1,0,306.2525425853469
245.35527013029744,91.6395761192306,4,0,0,211.24769840281758
174.73158521774494,3.2970310308946638,1,0,0,122.79251421825481
212.09261051534355,1.2380362298142955,3,0,1,188.5761504416415
464.8286341084485,37.862403082617064,3,0,0,340.14567004346156
455.8221473053829,18.626804856473502,3,0,0,339.8662830715679
359.25985766067555,81.93958208282545,3,0,0,278.0386616105466
442.91777682373544,86.29360140473277,4,1,0,359.767230465104
163.22577365587426,122.45361747597777,3,2,0,180.95211227198507
193.6491163741,123.76519019095932,1,0,0,145.89835123119153
308.78753001784287,85.65657170347492,1,0,0,219.3095948037216
313.69484391214576,0.7377646708521335,0,0,1,238.17757809121144
243.44141981610878,46.66972915404986,1,2,0,237.87571429221984
203.32563497678686,66.70839672214461,5,0,0,166.93678885157448
493.1592542463041,64.89336834610057,0,0,0,337.24271799798913
411.4561949282736,78.43428183528947,1,0,0,299.2160196504726
220.31519795458237,124.87169276461886,3,0,0,183.47777290059906
365.00977623358636,115.07504995417,2,0,0,279.8259130569896
138.43303815996745,14.158044348563475,3,0,0,121.91078698867389
54.58381648747829,34.577450881141125,4,0,0,53.65426419921909
179.4533576486066,108.30422426455272,0,0,0,124.6966346142055
204.47153606108014,107.15989814649691,2,0,0,142.84111061131142
13.185876657532047,35.798194135817226,1,0,0,20.062179964457272
408.32204080976857,94.97644398919554,3,0,0,313.9294964679134
182.80073418264485,87.36485923332145,0,0,0,127.89921500784132
292.30699206117276,61.558115446094995,0,0,0,195.68751059449883
41.6117776991232,26.189143848273815,1,0,0,29.20248824179062
91.62343023153907,115.52361351623121,0,1,0,59.066610221570826
445.39839403714217,88.12065395988851,1,0,0,321.13601477903666
306.3003263019864,21.96908023418871,1,2,0,287.92615492475977
475.39060483439033,91.62430482931191,3,2,0,392.25104398852346
499.38126702370187,96.38638354500739,0,0,0,348.72326773817014
189.0707570898817,115.29443706573528,4,2,0,200.21388841380093
152.90751672122093,28.96910318145154,4,0,0,126.38067776477699
429.8862473037529,128.53803370374285,3,0,0,315.00609095738974
499.31265638353983,19.94114492849976,3,2,0,404.48566669954243
316.67241094506636,78.0895559417458,1,0,0,238.69865706846537
398.59465764320356,85.4329456855522,4,1,0,322.163084179805
391.9642001135609,54.46387638456187,0,0,0,275.246565220702
180.89315556867575,61.75490214015025,4,1,0,172.22907370791515
289.2638382272582,115.81831257387786,3,0,0,241.1638077978673
417.36318592578573,83.88564985651004,3,0,0,322.8348408100742
345.61636874922243,64.61012457050921,1,0,0,242.00304425225391
15.476087921108938,16.685443116358208,0,2,0,29.974135455406227
171.6693061042791,0.9538912790075027,3,0,1,145.07897337878927
76.51546981432965,16.24592035973835,5,0,0,97.8321432825778
120.32124497862935,124.3039937719457,0,0,0,78.11246614519496
453.21729135820624,99.33128178887299,4,0,0,356.0834819016017
23.262178010830237,125.72512257633221,1,0,0,19.52733205750753
113.80135242115226,4.642132262062342,4,0,0,112.62284637414764
158.23682935792456,88.4286525016231,5,0,0,154.00629346937208
310.35761562336546,5.758158432444339,3,2,0,269.6304327685042
269.3803365925034,101.66734095294701,3,0,0,219.15580951693832
113.04339401242612,49.523522455575254,0,0,0,73.85773706336686
86.29932827546146,12.449496813844329,3,0,0,76.19911280970211
122.2150271250788,73.846063432377,5,2,0,165.65928198091336
253.75216521731952,36.41562555818045,0,0,0,184.8080235441895
139.2330039270457,85.74461244333641,5,0,0,138.42220741724051
474.0632382958225,85.56271873679275,2,0,0,339.10789614754793
234.61328460727955,91.65097163569787,3,1,0,192.7527467686908
34.10402818959535,129.02046024110868,4,1,0,68.07473433992062
365.9868708891335,50.2707022931627,4,2,0,343.69720177986557
167.77841766344986,60.49101168306312,0,0,0,134.7323011741371
328.47702136883254,104.59952113329432,5,2,0,299.6547630709626
143.39921340899983,75.18810299284509,5,0,0,131.29096238801253
287.5181521579933,4.843437389413952,5,0,0,254.52340138400677
387.215489879695,109.60020763378135,5,0,0,314.73482510968955
464.3643271784042,6.6948286519453255,2,0,0,337.97626163781194
134.25793649437315,22.206617743931957,3,0,0,117.51043981488179
170.75419074449567,13.270395706644337,5,2,0,181.28814187970417
234.81187804154013,10.130527274545624,1,2,0,218.03046639724792
463.9515446793145,3.3390337896123254,1,0,0,347.29380865892216
451.18649412127525,7.15360281640776,4,0,0,361.1452948327594
49.48974864981582,57.5170945932453,3,2,0,102.66631611524117
70.30526374813637,32.87079509773981,1,0,0,53.94367456242095
250.27704277866593,16.449794844446437,0,2,0,220.7134556285113
57.77654003868463,85.63172055444838,3,2,0,111.53007651838111
176.06253230760524,29.394548382453607,4,0,0,161.58524591869968
78.45076221765144,2.4633901948252293,2,0,0,77.45636382818562
319.8399757902835,54.3945718897526,0,0,0,227.49059850008723
475.00023871088507,40.356288957179665,0,2,0,363.141503114183
498.38321629571885,41.41857607504406,5,1,0,413.4978433469377
190.74436058597283,57.88510366360299,3,0,0,155.9132072346459
301.51125537173306,86.9588105404561,2,0,0,238.15929999349646
428.85248849442024,80.14228560493922,0,0,0,325.0214583308058
63.143726034210076,121.84400927255382,2,2,0,103.14786882924352
346.3343834707227,67.30316661932778,4,0,0,283.84546965467985
207.3776125539088,61.43408826425939,0,0,0,137.96368409317074
107.04234933868122,27.743876578196605,1,2,0,112.21266236979531
204.36304127998378,98.19956755026038,4,2,0,220.44103125957088
42.600342047633845,18.300850907857015,4,0,0,53.924582744321874
349.22653855170637,63.84727567666293,5,0,0,270.44057184935605
130.10762103048427,54.771885790367776,0,1,0,85.89358257903105
159.14579429721462,85.57911419257242,1,0,0,117.58839494058181
64.93524262952405,119.29079109436564,2,0,0,58.17296063429222
433.00626137549636,123.05742689476892,1,0,0,321.8323780854146
249.2549182449556,21.81390473121059,4,1,0,204.84252683576793
288.2127045042681,34.036238374733166,0,2,0,251.8413192123104
286.86917813195305,105.51259159541186,1,2,0,234.782361212961
208.19409169796415,67.37636911839506,1,0,0,143.48685285026775
100.30230814187904,58.894493886245144,4,0,0,100.84774093435492
373.840710506708,92.38130880949176,2,0,0,278.76581521018966
67.8928513520488,78.25024383890633,1,0,0,60.34134862451587
56.417526188011195,126.1928270747735,5,0,0,65.24324118439739
356.5217936102692,75.91670479747471,1,1,0,271.04003762388413
108.37432512373199,60.57659742514292,3,0,0,82.99610717434818
156.85251191965202,70.56625707016283,4,0,0,119.76280597998021
240.23759616586142,105.11017617060652,3,0,0,207.63167090814187
227.42890178112538,79.64775738207871,4,0,0,198.75703582863255
355.7466669071746,84.1162518802733,4,0,0,279.8817074605403
313.5987377544637,126.28705440475696,3,0,0,224.76054648314985
323.9761003295235,80.39141297530945,2,0,0,238.96644013712267
358.45689367445135,49.43708228349018,2,0,0,271.4671639558254
149.84330007461534,89.87238351166356,4,0,0,130.42972759688405
164.55498934123446,85.72972160705048,3,0,0,151.80771498573512
221.8088852082993,1.8001926158296477,1,0,1,187.4340516864523
157.19377565159542,60.75280858215831,4,0,0,131.4518750893101
492.5442451405774,96.57746837471191,5,0,0,369.31585089608825
407.95570357860765,64.87538950374676,4,1,0,333.64045008124737
86.50407068673464,101.35074767160062,0,0,0,68.63095563723105
7.769107161525408,58.61488053558987,2,0,0,26.688650549866356
26.17771778239759,127.83180769284064,3,0,0,55.246514418835105
125.81140826624801,38.07590659650553,1,0,0,100.12708109910595
61.57418648924399,11.97593905898956,5,0,0,80.30852120854404
269.0023668718232,55.90153415003265,1,0,0,203.96419961219232
429.70763525004253,70.42217323360947,5,0,0,350.43608573598203
369.6913593520476,45.382185118719995,4,2,0,331.94541751611285
111.72648622568425,31.496550815334665,1,2,0,122.34871080404476
202.653131732764,87.36762988011357,1,1,0,167.96375304878077
256.40763371798243,49.02626298131277,4,0,0,210.6590200759602
406.0518955041511,82.07790878308279,2,0,0,296.6335645578603
420.3651935375516,101.27928831784087,0,0,0,297.82159981022494
455.3105643943491,98.93034160880308,2,0,0,332.92384880107994
257.0763989989232,48.79021038263987,2,0,0,195.09306012138651
348.66599948575214,73.82676976352272,0,0,0,238.50232365976478
60.34118376079889,58.45556917755651,4,0,0,80.3849187923525
284.81803517722113,113.20468285225583,2,0,0,217.37242844612575
128.1024456882119,114.2386023739999,3,0,0,118.42000164626893
218.6998580881725,44.68640577544478,3,1,0,189.3169371493454
318.8550016118261,11.925868224234994,0,1,0,225.95469379671454
132.20803923762165,21.785722832122534,3,0,0,126.83192765597373
30.831603609396733,47.71022647701489,4,0,0,48.536836390954086
10.065758922334968,73.35249411918879,1,1,0,20.055031448032874
15.968970094538166,85.3823114253758,4,2,0,78.00257574689479
9.133120069315982,43.07823601718003,0,0,0,8.553156431336097
59.62575299614836,86.77488555111815,1,0,0,72.69483047379795
123.54691371221429,121.90619787758828,3,1,0,123.17799923357407
114.50464952023809,84.76183653196357,2,0,0,90.85676424129848
493.4643141190489,20.613479827765662,3,2,0,423.0102664716667
156.4730220784269,75.35695868709158,4,1,0,133.58000297814417
68.07328776290257,70.44641717970777,4,1,0,81.51365887011933
275.0534593630402,113.19101441679469,0,0,0,189.15433972194927
429.68894042176663,45.539397177686666,2,0,0,317.67131041061486
340.6398865098992,54.982929307368394,2,0,0,257.96746100381796
151.5606341220479,77.82567721324418,1,0,0,118.10500763211576
282.9999990967702,68.17529052646331,1,0,0,210.7194059997719
358.85370722920254,93.47215701267265,4,1,0,296.77763754545924
365.41172372203243,5.250568818624456,0,0,0,257.39579382672974
334.936535372356,73.25708249690477,4,0,0,276.8320610751507
436.0511602639309,15.817346090503785,5,0,0,329.29333861046274
435.70220188033164,40.977169027563775,2,0,0,298.9837427839352
291.5735969064666,86.01149199921075,2,1,0,235.8833392637955
217.7789027100501,20.463846076983103,4,1,0,188.54541154308473
322.5772963047244,40.14943861560175,2,1,0,266.55761478146894
410.0149406783793,91.39084276859056,1,0,0,306.0061413477994
7.797791896386439,84.60468152848841,2,0,0,25.203650634438432
496.0385194623513,11.835156997265946,1,2,0,388.96408445602253
95.53241730295362,75.04490415400211,3,0,0,95.11718575065342
237.77324790168822,19.143080049423126,0,0,0,164.27226194110256
436.654718747219,32.79527923288405,0,1,0,317.763613849551
116.39499752687868,59.69746622265123,2,0,0,93.62454589934016
241.01363583068968,14.215087028764586,0,0,0,172.45959621305147
70.62817918968369,129.1741058294137,5,0,0,83.59711994411708
200.56278106715533,21.49804293702015,3,2,0,208.17989091074662
92.68205012253625,101.57064169571856,2,0,0,83.89684024084215
184.99573564172272,107.87904985301925,1,0,0,133.20255860573477
189.8647873123974,129.28031608648018,3,0,0,151.59547492343228
496.6195408511747,55.72491832079489,5,0,0,375.12473434492205
497.4324495053673,113.6322876181142,3,0,0,355.1582464442983
61.81920793700315,124.48012707219063,0,0,0,52.03210446709029
364.3545457675319,22.476238836306727,5,0,0,289.9860386587941
30.61401243620507,62.32669157773924,1,0,0,17.853820470434826
19.94504759190837,7.801406451291404,4,0,0,46.87880379746515
57.140277651257335,80.69412156314621,3,0,0,55.44118985233184
482.91540021892735,75.58280039135363,0,0,0,340.2577397878899
470.7274562078752,26.53641700621563,3,1,0,351.2483431296018
100.99427103893683,103.72735865623639,1,0,0,84.33180631817405
85.0278060990872,4.844933959260183,1,0,0,68.01212348954317
124.06486782539378,104.80955213658241,2,0,0,106.4728152290032
260.19576206719535,3.4638878513027596,4,0,0,208.61853322980454
287.0037928575279,85.38774557772554,4,1,0,242.61505399628481
114.68874806752643,10.240036808937166,0,2,0,103.8584514317998
379.5282801045229,32.65931751060199,4,0,0,317.172921352308
158.22881885431212,93.84873541053865,1,0,0,122.6237098490258
461.45500613705815,36.45262395130028,4,0,0,369.9003869477181
330.07773969608166,66.45260033330551,0,0,0,230.60111351816553
220.99384118028777,118.98227503761487,3,1,0,177.14685304254
396.00644084290843,6.452466024755185,4,0,0,303.9100678609601
409.86773989309904,105.44037318563755,4,0,0,317.72404554979613
148.7883947764271,8.485359813903639,1,1,0,120.17788864413927
173.15869919886174,16.483329763767966,1,2,0,182.1837306129555
468.29780109565866,15.511483505597411,3,2,0,380.4615986326049
86.5468139898196,129.2332968173944,5,0,0,91.64891930264619
25.86445639665243,23.42422151309934,5,0,0,60.67429943402465
229.75738469172683,116.57904001331487,2,0,0,162.30170477896792
401.59890062059634,128.82118118305203,4,0,0,311.91702774751695
386.97571262381916,49.892020153598736,1,0,0,281.6348104579107
460.1676613118521,82.0363106587291,2,2,0,379.1243791750713
268.93432886267493,101.28186298926963,4,0,0,221.7758570793198
54.53201242543399,51.04386063870707,4,0,0,85.18282147617961
296.40104229632794,21.035838264714947,2,1,0,224.6614024009796
390.30582910483975,56.38915669303295,1,0,0,276.9108218131417
51.197419533564066,100.34539385038279,3,0,0,63.224407941740914
90.46541354330694,101.4991591572924,5,0,0,101.89539285898549
11.083877272057096,29.970042982218732,4,1,0,48.784966013410624
298.8580268261711,22.74553318579705,0,2,0,234.31223977572782
443.93352401322267,119.67289127304547,0,1,0,341.9945479080726
336.97834142103926,5.7198739725803724,0,1,0,250.93079932701843
491.10984335753614,95.51600184946129,3,0,0,354.0269330754502
36.20165798738198,6.034780108078021,5,0,0,67.05585962630695
451.98553714999065,108.92700661192842,4,1,0,346.9183903891504
407.96380225640695,117.70392573369325,1,2,0,339.5366257152594
160.54955264725496,38.66448614978287,1,0,0,108.68874781425119
486.89564315943966,9.611633657170684,5,0,0,388.7455171495615
147.52918534485045,62.488989725165716,3,0,0,114.75122910848361
445.20583829496815,38.80019477691199,5,2,0,377.49401510157645
440.97054565172374,54.22769856534927,4,0,0,341.3124055213906
380.0405202184714,86.44810895352843,2,1,0,286.1589790467367
283.91788453736166,27.277384673333206,2,1,0,218.82277772202727
64.40136106035959,46.40370403683123,4,1,0,69.49134465658422
268.32600857576665,101.73312373804758,4,0,0,215.23877974312293
181.6141465491926,83.68905349386681,1,2,0,179.35284548547128
397.1474314118991,42.41581384966103,3,0,0,318.84470272711343
380.2739572159382,86.35920803379071,3,0,0,297.4767094592621
455.7531911494396,99.49067997595566,5,0,0,363.8712956625413
12.340930403695396,77.02312552386238,1,0,0,6.0
405.5060923274078,31.134588225131104,0,0,0,285.98082734945837
469.5387162967111,0.03188776655909886,2,0,1,357.9745441398701
395.7037223085343,104.37038390847658,4,1,0,303.52400434882315
69.44625763583151,106.94236219110138,5,0,0,73.57192028206778
45.23315689623943,90.68858518126706,2,1,0,61.34111045473261
15.318393704811902,9.955521077789793,2,0,0,20.19691423842208
316.22888678489517,76.078897376046,5,0,0,245.94509217589606
316.6879626706442,106.73268726530894,3,0,0,239.4177450411388
493.52228853801506,50.65688161406153,1,0,0,358.17387044283186
202.0313711815274,25.740095448633035,0,0,0,136.54211850701287
169.29361102426088,76.39154864139118,0,0,0,108.61053270981122
314.09033895627425,107.41986154911413,5,0,0,249.42898122467756
413.676292891259,6.353094631918523,5,0,0,335.9669374821622
468.70310501388593,77.60365823089565,1,0,0,319.34855444108643
402.5464622586241,83.61259339411446,2,0,0,296.13819636025124
216.20362040482334,78.30771511527635,1,2,0,194.77796908902997
319.28254647947176,84.50437895081632,1,0,0,225.77293571434564
428.8681667244779,82.07878998854008,4,0,0,322.90722386964404
247.85179571431104,16.952505047445378,4,0,0,212.60507028132466
112.25988863416939,30.541781003358995,2,1,0,111.4623788627707
89.01310267519712,80.46922068757132,3,0,0,85.38065117808154
5.078083566138081,2.3001109477802006,0,0,0,6.0
360.52780751573573,82.51678743402178,4,0,0,284.3038160468467
59.993118378765296,86.50026109205416,2,0,0,60.38753652270308
125.70035434949051,31.092718782015602,5,0,0,123.72283591675051
152.4487841037827,77.75726786790815,1,0,0,118.69308645901587
282.38803076770034,69.43170789408939,4,2,0,260.95010740850273
201.98885226140578,33.889901259904796,1,0,0,121.41861533608812
338.9636260514651,60.186621543718104,1,0,0,244.7276631501609
32.54113636770784,118.2511888235836,4,0,0,57.934635821491156
66.34990116089753,55.458361459784776,2,1,0,70.51115430413446
252.10969424896703,81.87974299433522,5,0,0,217.05280256594662
171.79756998418077,4.5956067352902465,0,0,0,118.82689445799272
151.42761456192306,10.114014731872844,2,0,0,119.55320887828248
38.17889912357375,10.570049529431401,3,0,0,50.08736875423676
448.38099150026073,101.1712992714379,3,2,0,391.5962396542799
347.45020013190015,45.53339632444885,0,0,0,252.8395028294773
65.20098762572644,29.589519487555737,5,0,0,88.4140003808316
37.1977490798846,97.15219389872395,3,0,0,49.70048695128477
487.5619040484653,22.09480813230268,1,1,0,348.37586395217585
342.1804124675549,32.04402825913648,3,0,0,274.1699156865281
211.64075519140204,56.02108762510271,4,0,0,186.35877430876795
352.3568651741135,43.08694897189972,1,0,0,259.21582026632063
379.38423430767875,76.10098743476375,2,0,0,281.8060157074052
391.0812901824458,43.91928047973019,5,0,0,316.97062519835856
241.54926629826352,51.08371266165595,0,0,0,168.42544391741615
217.79196527179977,112.17525907243316,4,0,0,189.08701435681135
10.458901713105668,114.98908715164032,4,0,0,28.64164280255278
463.6457719952098,107.60245480574298,0,1,0,319.08889865423765
303.63739980252683,112.42802125160225,3,0,0,225.1217088640604
105.56119890903422,74.06472701408521,0,2,0,111.78298605650379
460.2036926136111,84.01031791767991,0,0,0,322.1340152231672
457.8912913762967,72.43251165214227,3,0,0,343.4877084845894
494.6461613612175,102.1264509268796,2,0,0,351.8972613014442
437.6579987537945,71.63006314898774,5,0,0,347.65248208783356
498.90327197093205,14.440005391601469,0,0,0,342.83759029469377
126.11966312101993,105.24541565939178,3,0,0,115.09482874404414
421.9135446736209,98.87607218807973,4,2,0,349.88847554873126
412.3990128539034,106.63907738674129,0,0,0,283.5565620636473
119.3154778142632,24.75583024066904,5,0,0,111.46419912389582
53.72658675549044,35.310216852945715,0,1,0,52.088824319148856
489.8131542704118,38.4477206442589,2,0,0,355.9934964020299
151.53215300270213,66.05046970413757,2,2,0,161.18611802058265
436.09143628156403,17.404020941249772,4,0,0,346.8930602089602
7.0429415639289275,50.099627925732754,2,0,0,35.39161785252814
15.407279573703091,23.68056094027385,5,1,0,57.95615782216565
235.60629780470236,34.41915269425574,4,0,0,185.19281805331124
123.16376854785646,91.83039249259555,0,0,0,98.2001885284297
346.47143530080234,111.12545032124655,3,2,0,315.77027092363704
284.9543411561374,2.9777626576339014,2,2,0,251.0056546101835
43.35546973799327,73.56660523615005,4,2,0,107.27159962985347
85.50100667627994,4.6877690680947275,2,0,0,77.75333816162586
197.08438867891508,11.082401851501537,2,1,0,147.58574675685
96.87401165793942,91.66092449983418,1,0,0,69.90263971400503
397.15006188574466,95.62905384527517,0,1,0,284.794731952436
210.95476659887362,105.81748751246384,2,0,0,160.03610415036263
51.248774087037134,61.65139653013964,3,0,0,49.37448887467865
244.7497366247018,111.77497266210446,5,2,0,236.08232300668845
49.964899625400015,21.688977913411165,1,1,0,63.58274669635075
68.8239661828095,32.46313377255034,4,2,0,97.75148721660103
123.60686685396162,17.48527918825627,4,0,0,109.53565796717783
430.4662140975074,103.67984387564395,3,0,0,331.0479452919243
462.6832035048211,29.72776539026046,3,2,0,379.1825627039042
413.9975760193742,20.216461558578434,5,0,0,331.8366301082382
170.36822262183438,81.0043893864473,0,2,0,152.64745690728114
139.86098834887167,10.020663426887673,3,1,0,133.2623223836161
276.8320669411684,5.837036038622429,4,2,0,250.86928418878688
362.3173144638906,13.873294311819658,0,0,0,239.02658995670186
496.7195301392865,0.031314918331787345,3,1,1,395.6157208820433
70.12750238006848,90.60872004883302,3,0,0,55.00817783710856
29.399539516783193,73.09059182288223,4,2,0,84.95081129888975
348.7061650526592,27.283764174904103,0,0,0,235.91520655627647
416.9517628344332,30.290643237087462,1,0,0,291.3965927610441
423.9426460338795,105.42591780110516,1,0,0,319.70191379677317
340.83945679319453,65.23661506183905,5,1,0,288.05602130865213
477.2378230389976,90.80868642062616,0,1,0,332.047777673302
257.9473579545705,58.85820866573902,3,0,0,203.24572208436086
457.3383251764252,30.903343382702996,3,1,0,352.1404876312738
484.0670078108039,126.15236408877789,0,1,0,332.07814659285424
424.34294121653835,73.53418323880167,1,0,0,309.865059655187
158.3304888130172,17.027647489828613,5,0,0,156.33809704889995
102.12674732929615,52.791705483907876,2,0,0,82.68384164415264
276.3194321660001,42.81386355309709,4,2,0,257.22044509466707
229.2423014381933,27.831370916507776,0,2,0,192.80327739012682
439.49037938540283,121.34719860123374,5,0,0,349.6975901948639
54.51567717824109,114.51959940976784,2,0,0,50.636490671178755
132.58133034920172,25.889125147615133,4,0,0,120.5001942033717
377.1404775367607,45.779225577217176,2,0,0,273.33204074510655
52.01838926376951,99.10100091720682,2,0,0,69.49087251576532
163.7783849407416,27.105786258228036,4,0,0,142.0717697978338
196.64192005672166,76.90343213855178,2,0,0,159.51133087086689
313.18392929853155,90.97321247622615,1,0,0,230.66019639119068
83.27565963108547,85.01640234239963,5,0,0,71.74609591236658
430.99922272310624,91.83312323581507,0,0,0,300.89844722143135
226.53340655580575,91.87094657373919,5,0,0,185.5291575733165
458.92574738087546,125.42476958036069,1,1,0,348.93820201545054
236.59560724879614,45.04485563764155,1,0,0,162.81124028904853
141.144928175663,114.21675516885914,4,0,0,132.88509549760784
75.20527020039907,2.8349181269638812,4,0,0,90.85450400634024
6.853821882085983,37.466385232026816,4,0,0,36.16165777491958
268.4179550674936,6.325251659887103,2,0,0,203.90549009807143
58.042564978827095,84.65651479425924,2,0,0,51.80802921752483
198.90524299743322,13.102748195110543,0,0,0,139.29218636578437
296.6895218123579,109.94189227476602,2,0,0,211.76701046491732
141.46451896683664,84.05691889273378,0,0,0,101.45819595505418
91.73602472122705,3.74600213696874,1,1,0,90.41823156464012
388.48720319162413,92.92105750650099,0,0,0,266.37475393886444
473.6616302794022,112.06454314340493,0,1,0,343.514848034854
54.71800684167317,85.94573099607942,4,0,0,66.49331067074219
82.0172105705789,3.968148071554184,2,0,0,75.10830091424936
480.20626534009574,111.52954129985285,3,0,0,355.74124909342083
23.703189797061906,95.22030868142456,3,0,0,24.754746432379438
488.92800659248377,49.19867062291795,4,0,0,363.84352132607154
7.299019127069442,42.72193358101534,5,0,0,20.286767718745683
437.465984547409,62.37662358296721,5,1,0,360.78404423036324
157.12596458893603,112.72322762192321,5,1,0,159.49136175487087
469.60148479776177,32.76771574304248,1,0,0,338.5525769572084
161.8879178746148,13.125295461356147,1,0,0,115.20024594628298
328.8816291593577,112.40272848493649,1,0,0,237.89313138507546
44.61612203413864,3.4176803544939824,0,0,0,31.237206939334953
124.9532566696008,118.4296128917284,2,0,0,97.91088777162929
387.9712765072291,39.74687525918209,1,0,0,276.7133273393826
266.69949757101574,66.0689512194748,3,1,0,230.64387370893246
464.3446855845871,17.198418217789648,0,0,0,316.5153683681507
217.23194712897038,117.29314601896908,1,0,0,169.47600593618148
435.5571210778919,97.47870903997261,1,2,0,336.1159351454382
227.23294155172758,120.14022625904445,5,0,0,210.86971839142558
489.7278979574827,88.81977664536112,5,2,0,396.1838844466981
480.118018792444,24.010190976502397,2,1,0,366.49533577401155
167.92266925025976,40.07471038821241,2,0,0,127.00537927514281
443.5322168563176,63.29031476345153,0,0,0,311.5783652655542
424.56763023674637,78.9435666968269,3,2,0,356.07786800793514
109.2867966771436,120.43972685371558,4,0,0,111.39418237030273
314.0237483877185,49.913690552588065,5,0,0,240.00966183718327
40.97774621695836,91.39936284792897,3,0,0,50.24832884888056
419.1718066888135,124.93115035840684,5,0,0,333.5528940353057
91.40021233423079,19.80862824400889,2,0,0,72.96607278747364
40.053277185953434,112.15224654134126,2,0,0,41.673395383291016
203.10845229171153,54.69178915111582,4,0,0,166.19352479320986
290.5764586068235,95.21483087081378,3,0,0,231.70575000119348
428.18389448708666,38.15998403582088,3,0,0,327.123027555754
487.25005013325955,43.4179483745802,4,0,0,374.69405865513386
222.5487937220825,3.5273192328485967,2,0,0,177.45475627339536
34.921226877708754,126.28253991170475,0,0,0,35.87496736582706
375.812211617806,105.74883478000197,3,2,0,313.9556347380782
284.76076183084905,12.209334530408663,1,0,0,228.20678879526918
226.70621569800926,129.93614343629068,3,0,0,185.1660313217845
158.08809500213388,78.65319763638239,3,0,0,128.68128637480245
253.68727128255014,110.98472293536979,3,0,0,221.36980753595282
172.6464042062303,8.665899226122965,2,2,0,168.5325636525577
379.72087453494333,50.62865320395008,1,0,0,264.33846818806285
274.22737976385736,87.05464589946929,3,0,0,210.58385318337383
439.03964820628545,13.836383430961199,0,2,0,340.8896736347628
274.0542377514738,63.55736902502008,5,1,0,248.21448424383328
122.93989460326537,57.5481236907384,5,0,0,121.7660056917745
426.29048170491154,28.085229181565367,1,2,0,345.0117199553814
280.82342724037176,39.03507866073429,4,2,0,263.60057559088693
107.38631388106282,125.72538608434772,0,2,0,122.29726659365811
313.63636592832995,37.52430318129168,4,0,0,247.28722857308102
182.06979864650162,27.745397415893436,3,2,0,184.27462899795998
422.9807780845726,69.70719223888335,2,0,0,306.77654751373717
229.3833706300387,87.22454442913872,3,0,0,179.73133858605664
364.5884722631713,94.26210443904343,3,0,0,283.6829861452082
52.290422779937394,98.05213398459911,4,0,0,72.26879381900818
201.03205141966134,4.788223896917902,3,0,0,178.80345651327627
491.70451105383734,51.188852049343225,0,0,0,346.1489906321935
405.1878432911884,100.61455037180173,2,0,0,298.0410350110465
84.17069717162968,117.63077323401683,4,0,0,91.78907313647001
142.49320449124127,78.28601603326183,1,2,0,139.56370791396049
168.25882538389874,6.799890956259137,5,1,0,158.00437644716692
326.9309524452456,51.563954761167054,3,0,0,255.2871214803633
379.7124059473795,9.649525062899105,5,1,0,309.5058763806547
376.01567135991536,97.309922148996,4,0,0,291.6171059547015
257.3876578716694,8.25571100661648,5,0,0,223.13660854682607
406.3561662298849,24.145038675573044,3,0,0,311.23068533410134
221.35365096495016,54.20459511542065,3,0,0,195.85440686336048
66.32087982130315,60.14428772493336,4,0,0,83.91110855975634
284.39871161863755,52.8426210409516,0,0,0,193.8459443733551
476.3891853775478,60.24156405878,1,0,0,339.87686822339697
397.5318574392931,92.72108976262598,3,0,0,289.85527143817734
291.45682060766,48.004946984220396,0,0,0,196.97731282294706
325.168801872803,71.20755968958049,3,1,0,271.4909268597138
465.6282033826085,39.43800347873519,3,0,0,347.7788717300658
217.02968324530545,45.97157436176274,0,0,0,140.7224665106035
169.0400987766055,79.7938646754705,3,2,0,159.3975449541159
488.73457467522223,63.7643047128126,1,2,0,374.94391222050507
432.40435108761505,93.99471833170655,5,1,0,343.00380333361596
164.90657438620818,72.87001644672746,4,0,0,145.23810697274294
234.5713956936568,104.46463109990347,5,1,0,207.01092134818836
210.46367385886055,57.64306768931315,0,0,0,154.84893152650602
78.80236094235978,63.834370582684194,5,1,0,92.20272339011329
479.12056528756324,87.09627535712214,2,2,0,399.64083368645
205.1346534537806,28.76171277356635,3,0,0,165.17382997679218
438.28789590576446,50.17083980106391,4,0,0,342.3043887304814
98.7313327019292,81.22936172152201,1,0,0,72.21097295134015
276.19605126542376,3.75391500454573,1,0,0,211.3143491691127
16.860885636513558,56.806286372412416,2,0,0,14.35673114270963
383.2891395019427,77.85049171979519,5,0,0,295.45148793668665
292.5523796319078,125.75881915716572,1,0,0,204.98190749592484
314.6668438175276,114.01215301029725,5,1,0,277.70118468853
30.601836864553462,36.49645388254556,4,0,0,48.267576446093585
109.46397345326463,65.93731352376022,2,2,0,119.13317404656352
41.79378181502218,7.33386844581187,5,1,0,72.73384592452362
148.01258632288682,31.298073926314927,0,2,0,142.02746872798082
315.5823088026647,100.73126284885171,5,1,0,258.0705312663294
285.26206223710074,16.03082159579479,5,0,0,238.79754026500444
308.0141616986282,33.49976822841436,2,0,0,230.596875184164
276.8793793320577,122.72552522565503,0,1,0,199.89155444968756
140.14925385955038,107.10125406401954,1,0,0,94.73183688329682
126.03121118549049,101.63760264435857,4,0,0,125.76010776270138
72.84454335060772,112.39247373928038,5,1,0,92.20049483609847
425.2900830772286,97.44873925570602,3,2,0,331.39246534510335
310.157282477916,15.676208095370542,2,0,0,236.5387347034869
97.32295118950958,67.15297244308007,1,0,0,79.32685340786773
92.71864301151356,57.75170970430186,5,0,0,109.84479213286633
437.1526227554377,40.44970517514941,4,0,0,341.0974120215353
372.65177756284305,108.42525326354871,3,2,0,321.8940745710376
331.40254455315886,60.33809630865038,2,1,0,252.94935282589913
206.3977332319534,7.83868817648146,4,0,0,170.1366533890276
134.6779043178662,35.74552588363487,1,0,0,108.34942083909306
489.8281277408478,29.720737543827862,5,1,0,389.35002651207384
399.6335896362861,115.37225502546687,5,0,0,305.15878317866327
154.38071545245685,84.16695308306998,5,0,0,141.87687928565634
424.54457415785487,72.84891456466977,2,0,0,313.5902996288566
380.67131456426733,65.86440141823167,5,2,0,322.7933087194887
152.0548721896092,84.51469358039051,2,1,0,137.45382765201293
216.14366284961164,98.13382108102621,5,0,0,188.5777770601939
97.0469554685582,72.07001175809629,0,2,0,92.23856779392855
59.97095996716413,121.97710396983938,5,2,0,111.65547933318268
362.7672062556499,126.98844218455,0,0,0,255.15044984899163
137.41836939016397,129.39450115914698,2,0,0,119.91470048378177
410.9293860443955,87.02084431152382,4,1,0,336.12225662222784
497.82631219964094,121.24066067826419,1,0,0,368.30956042877494
42.92680789517609,52.58236039003411,3,0,0,55.28426382142887
239.15238691643162,111.74701086216008,0,0,0,162.93222741938598
402.0209668588475,118.19265883615851,1,0,0,282.81454833020246
395.5306937879106,117.53826140319582,5,0,0,308.8917573096029
381.1985933738294,108.01001677808961,2,0,0,282.8885505438367
177.75249297444591,52.857891013362554,1,0,0,132.44607621409122
229.65736156410088,20.657972657495463,1,0,0,178.57177137965238
299.5093368840278,43.41432632477796,5,1,0,254.12922834567834
487.1005888687623,99.74751400875209,1,0,0,332.8219659855474
167.13589911455398,30.275116472896784,2,1,0,130.64443919116465
461.9562244198446,62.17536842737641,0,0,0,317.30477324232857
138.3316744993446,73.50193733800737,3,0,0,110.45553136167804
494.5918604094838,78.50161311692379,4,0,0,352.6720398327492
336.7805249796579,121.64432128924382,0,0,0,251.85257551537313
234.43818277748272,85.99409265386129,3,0,0,167.4428106232719
308.62826189148444,102.2188460900493,2,0,0,227.0915489098231
139.90292867490237,75.64418522591234,3,0,0,126.28057462586857
140.71605946817598,108.36544145205522,2,2,0,155.0360458681905
61.20949920252945,34.27626969906917,3,0,0,51.579552622424586
61.45489736417239,27.2840973169426,0,2,0,90.24058722811262
177.09751202711112,120.42160633853607,5,2,0,206.5598900469507
382.613461558704,90.15251392645919,5,2,0,340.44734149684825
305.9457279610904,87.29832501756874,5,0,0,252.20695337427082
55.779357363855304,60.748381021698485,2,0,0,45.550217555401574
426.8570798630759,48.970643708156366,1,2,0,346.7826376084317
302.67697536008285,72.23985528222305,5,0,0,251.68982869206417
480.623510508466,15.673625424816723,2,0,0,349.2831924596519
336.7418063685477,59.112632940804005,2,2,0,293.9100007354179
91.7115575335696,59.19780158051252,3,0,0,89.32117546006944
239.52276434237203,69.98374668275447,2,0,0,212.39465905567042
326.00631078586605,82.50912986773629,3,0,0,243.60715789930308
18.991027019738958,124.45138757809708,0,2,0,61.40157172459027
12.380580756629907,84.7819865219284,2,2,0,51.468390285073106
69.05448529629112,114.8842697539435,1,1,0,69.6913670921196
129.57389534750803,72.31950199099128,1,2,0,111.26907123920054
217.62681614273438,81.50062474157367,0,0,0,149.00774656367082
246.28303451109525,9.07880390424405,5,0,0,214.09545225208447
73.3236664242589,17.324283974974023,1,0,0,61.117082174168914
338.32883166233626,75.35715657568015,3,0,0,242.37414462642502
300.0883405397847,51.4426730945438,2,0,0,222.52006427116604
150.7597289263743,103.84536758251524,4,0,0,148.50909162377383
11.761642300469545,70.61312373364288,2,0,0,31.962836634237053
43.43571809987892,114.69783506367392,2,0,0,53.704663662660074
198.88891387786552,126.40311820009786,4,0,0,190.36200531611425
81.21730382701354,19.19257406579305,5,2,0,113.62573259003149
191.52570504324555,51.32760771523145,1,0,0,138.84488778273953
315.9503892326258,86.447533280944,1,0,0,230.5034615411132
275.88252680024533,39.71353820204546,2,0,0,202.5599306963978
119.43206215301015,34.71420390379437,1,1,0,101.62879163072964
175.19213317308245,105.78601288174876,3,0,0,156.97385644440504
308.945443232082,127.44920097763658,3,0,0,240.67205104871158
431.1232388815071,100.59443306217257,4,0,0,313.28652314805703
377.84065217574425,68.07796096453475,2,0,0,287.20322119291086
278.9330132825404,57.52646015289091,5,0,0,232.75895724411495
184.33503416666068,70.15420366894745,3,0,0,132.10541699361855
185.7003823831937,60.16916128440566,0,0,0,125.54310266474127
440.31156858087604,65.37544738213684,1,2,0,338.3868670061983
24.42557014007047,26.4488965687996,5,0,0,50.651135087422865
494.05140898802915,117.48645341021259,2,1,0,367.6067784433661
333.8658283715233,98.08955019802485,3,0,0,243.54367724989106
342.1631610408333,88.5270649501186,4,0,0,272.5862624366609
23.808929465847367,123.4902462266815,3,0,0,28.662125595669885
304.7369910711797,36.971263148668946,0,2,0,263.02477515688895
244.96513974477125,10.550723416169848,3,0,0,196.03032818973222
57.360558912563164,107.39802584619312,2,0,0,52.54245631425124
142.57139533083273,129.79420527440314,4,0,0,140.72525652136423
445.7056558257574,75.19621694262592,4,0,0,345.7579375931853
277.2442658536467,7.645220428648642,0,0,0,198.8212654096894
209.6412047110848,101.46084522014236,2,0,0,161.79689480273822
40.977667141201415,9.587376349959401,0,1,0,35.10231942734906
358.4901560641413,70.20181821370656,0,1,0,265.6895110397177
352.9111575810361,36.07922164736852,0,0,0,262.8299462464532
308.95158545141896,118.95348147701141,3,0,0,208.90711180648333
257.5800098792214,58.67305772373305,1,0,0,205.83571967999495
219.72327909264948,116.80023530221193,3,1,0,176.62632482495218
298.6691910290562,38.88054108309378,2,0,0,226.9571050906888
120.53074860556131,50.35713589677566,5,0,0,105.6272600381426
470.92323676793563,123.12549447212047,0,1,0,354.8393407980832
296.4532919442136,26.170878621112596,0,0,0,196.81626588011127
159.0402599554164,75.20514971464887,1,0,0,129.5646846775932
227.59152618815284,50.50634271281448,4,1,0,196.28223666974907
403.8139704940617,100.64169505893456,0,0,0,283.5807528296347
84.99995006149723,16.80852825227646,3,0,0,70.2671627351795
149.9536331178289,56.8379459706069,0,0,0,116.82213255791898
341.3564712545949,90.86124148988421,2,1,0,263.030291665326
161.16715720870081,52.912110550800776,1,0,0,127.42410414660988
397.2883325214257,7.60912610579897,5,0,0,297.84231449819436
69.57447615279361,91.6645939735947,4,0,0,69.89022273909089
382.5296543750312,65.4157825990478,5,0,0,308.27728411276485
38.834098851030284,1.4701292684130707,2,1,1,54.61145726079733
11.233343270409918,79.6452663796885,3,0,0,32.780730335440516
449.62064182192023,119.58453292874223,5,1,0,356.4224953198822
292.7629123814878,14.433373267519569,2,0,0,214.05686179333037
179.15431405797167,76.78726055119196,5,0,0,167.0765645992123
120.13434529710595,94.72695462914194,0,0,0,86.33762160622652
310.35846271410395,9.200577118239707,1,1,0,225.1605025665623
256.95608085068545,2.94000956134422,0,0,0,191.48903836419814
495.8408988873427,60.34546266384314,1,2,0,397.75452563738224
491.6919133936042,102.8542693404673,3,2,0,386.54622574893534
319.33716024009675,20.893523312912684,2,1,0,246.0858656463971
224.2209005224158,108.76284538793998,5,2,0,233.63281167804786
248.11477972165773,85.3550432050675,1,0,0,181.33933592566194
342.82713778724667,43.182527412503134,2,0,0,226.48456229965987
55.27939939651378,67.05735380401843,5,0,0,75.59235558545066
167.5342765363055,125.524747364476,1,0,0,132.27744570345828
42.25975929678391,28.136806182204044,0,0,0,29.097603363807522
41.313575960875184,64.93960170672523,1,0,0,36.861840140465326
101.9404247376457,81.18325229399069,1,0,0,88.33707805091625
245.2003610236473,17.94189871183661,4,0,0,187.62447077852158
393.4632889755807,5.657871521030254,5,0,0,320.3665485831675
245.32046612710693,1.7497938810912672,5,0,1,230.22373208410184
171.06092222763053,42.21007135800211,3,0,0,127.73601514128048
45.76473021669528,9.613148283032498,5,1,0,83.58407810200121
277.3962839756491,104.4900938303449,0,0,0,212.0649200472527
139.2779503091725,129.65153853102697,0,1,0,110.3182604076501
309.392418068988,7.969496825480324,2,2,0,273.78487811093385
488.70793087054705,56.25441587134715,1,1,0,351.58184896988377
60.10058913138733,3.34517598773472,1,0,0,44.056562236471514
110.00207236736026,17.418815798444218,5,1,0,113.48738794398436
239.18179635919049,41.979932918387625,1,0,0,179.59664340493325
484.4638385962351,51.18076769749448,0,0,0,337.31272655932486
387.04583925364784,122.17178303572322,4,0,0,296.79158605253707
449.6234506156009,51.458785138396465,2,0,0,338.1149718384501
170.1888499955175,64.51609567746229,1,1,0,151.36086957178756
496.0590445204043,31.92583787560263,4,0,0,378.17042181995606
55.90224395175791,0.016268038354814163,5,0,1,79.28607721255847
31.22158849281991,116.91347937530757,3,0,0,44.00027676771524
428.52330039174393,10.622918414719626,0,0,0,304.2110837025686
463.9961107524582,125.35234933470979,3,0,0,356.60934905680256
49.83975198532037,17.009733533033835,0,0,0,32.269354912669534
61.14657623919154,78.63420249755724,2,0,0,65.49136404739633
21.42120808910804,129.9233764213628,5,0,0,57.66960968068296
56.731243508148424,18.000397489057864,3,0,0,58.96286130935465
108.66280931613903,55.112601042177154,2,0,0,98.48590981094999
485.1879263604505,101.45507696629195,2,0,0,365.2572221424913
335.5908100086418,4.1847194804958745,2,0,0,241.467535724605
390.3837476316783,89.67175764820578,3,0,0,305.8081928054915
389.18900482730345,10.448533925803932,3,0,0,295.24186300292826
269.86150614071124,30.74761849551943,3,1,0,218.8633844464013
399.7570439679435,20.809901124136857,1,0,0,288.4099051795298
299.92472853303497,117.95373611410172,2,0,0,237.28244218340055
160.70031831366202,23.45937318161851,5,2,0,196.5815769023102
282.7495038403584,5.256432416970435,1,0,0,211.07483987487268
269.08675013658416,76.39133819820908,0,0,0,192.3698940500092
412.6092616108637,45.00352030326126,3,2,0,347.9149116383566
490.9549726039212,52.741808683377634,5,0,0,406.8426263959555
208.4660698833606,15.478156832131107,4,0,0,169.78943858860066
382.87838582847303,97.27048388631529,0,0,0,266.2424561956029
54.3826869988761,78.20197445365734,2,0,0,55.50973489074169
389.5315278769028,47.3482158172764,2,0,0,281.2032738082966
188.8513714366499,22.30474268920768,5,0,0,178.74564565335993
24.498130630394897,77.14872609217285,1,1,0,20.2506732277934
184.80685838827773,101.21764633595906,3,0,0,145.62710906663392
307.2681617062142,40.61164690273534,5,0,0,249.2794879045953
64.02883300232595,3.3618498600176228,3,0,0,57.754794882147195
462.39707375297604,27.86471801788792,0,0,0,335.7667162814343
43.447844570055096,88.7117164560678,5,0,0,54.83416219608884
465.35332631741727,128.58252906939995,0,0,0,319.81603719418575
355.0330713781648,1.7389111231409482,0,0,1,262.51962512374115
168.2075268300308,39.799963077173096,4,0,0,155.1216816618821
198.42142211600114,8.062713158349052,4,0,0,181.93441613363686
371.70063554270837,41.12540740919418,2,0,0,281.4784546715142
302.72819493619767,52.76886460656476,2,1,0,225.26725056277323
337.4632461201979,119.71207195301315,2,0,0,247.02765079214745
197.6364851741726,10.472903922647236,5,0,0,189.65684037517838
246.4676734947615,101.0274268985501,3,2,0,231.8369412892107
494.98440459875724,51.41947148818524,2,2,0,386.78850904620725
110.89182089736026,105.4641704567006,1,0,0,105.22288789932594
211.83881232845505,66.74228409233078,0,0,0,144.40520075738908
149.45247784911382,5.106665049643311,5,1,0,149.85207947598954
383.73019766772563,123.00676501292904,3,0,0,286.30568188468476
383.18624970453175,10.755428246487838,4,0,0,290.68426334477505
149.76050319371095,77.6988553293883,0,0,0,117.37713596354705
45.28820673332654,114.09680918135705,2,2,0,84.13419437370752
10.659174952741003,10.370073707525204,4,2,0,75.1618930531325
216.58801395503033,72.00614049408168,4,1,0,179.16996952902576
208.1171091962066,107.15768381817878,4,0,0,173.0127144693527
494.25298992673214,128.22221212395345,5,0,0,379.28622460843906
237.55202747035142,94.16256210582276,0,0,0,160.25289441874216
131.92709293983322,36.18346881022818,3,1,0,127.93081913840955
446.15857331057634,90.94414287990323,0,1,0,320.8946876831691
248.07863507852133,91.74968000999311,1,1,0,197.54803446756168
301.591939429236,90.99558157360026,2,0,0,233.77506030382003
52.356011661965276,111.05385682210374,5,0,0,69.04206889765487
194.54362162823816,11.359408127533822,3,0,0,163.01053303281336
472.39071886452444,14.094579904006338,5,0,0,365.2924953330352
296.8051651668356,83.28022614932254,3,0,0,224.01833741679212
175.52841829551852,124.00454249276441,2,0,0,128.76002954828147
314.70525441263857,60.55902305950197,1,2,0,266.11863722024225
455.6534893411675,124.87315121133777,4,1,0,352.759827679502
140.62534723393208,121.95108373710002,2,0,0,126.06826152939072
255.03277564298384,117.37826597046154,4,0,0,223.4569978172593
479.5518736863189,118.28062673233109,2,0,0,357.18151823051045
90.33609093273407,116.78144313263819,0,0,0,65.95825414023643
361.2336431703722,106.58561986009369,5,0,0,291.155638332254
309.16809906047627,90.34726461869295,1,1,0,255.7998808810905
341.43918991461425,3.1730632170390716,5,0,0,294.67776349018243
178.85371718044698,17.192966980286823,1,0,0,131.60842399412627
160.37028987446365,17.450167089090726,2,0,0,125.81249678322
343.6837869412434,3.0602369563466834,1,1,0,261.7427075960069
111.69392612674994,15.171229895072766,4,2,0,133.02640039861762
212.72909870520752,119.56703636372382,1,1,0,150.1626474117727
98.14644979619442,86.29455729840218,1,0,0,64.4382217730078
9.110896356048222,40.56949237840492,5,0,0,39.71592939801086
485.17839321884435,103.1368015907684,1,1,0,350.17420155383917
218.69297443492744,63.488033304130624,3,0,0,189.0652232614917
484.8280591378135,18.476514799063956,2,0,0,343.40826524815554
74.46014228507391,114.98527055944405,0,0,0,40.54091830352995
295.7465558314556,44.02605301074143,0,0,0,192.25245930217102
104.4821462316636,90.85169996888624,3,0,0,89.54431217976936
396.086692846821,37.777240864948965,5,1,0,321.00570308531104
392.93297943668273,65.009262587594,3,0,0,298.24841505658895
60.74053877445934,106.11285249895401,0,1,0,51.562486428637925
456.4719041738126,20.3810550351678,4,2,0,381.41935758960074
101.34167536559619,127.04268138110619,0,0,0,62.06318876026587
308.42378408673335,9.128069971894405,0,0,0,221.4806172160879
492.8886419434135,69.42115826626554,2,0,0,354.2240809121116
441.78628470935007,119.08331751575324,0,1,0,327.8796433401832
478.49914463777867,122.9402050347283,0,0,0,324.4224237370455
174.58639175296912,30.17416517437088,1,1,0,132.7039836907103
57.259942898634364,18.71804755792512,3,0,0,80.39893333121545
98.2317022782778,94.17239004132583,0,2,0,124.9474064521519
252.74497306292383,5.456563875910824,0,1,0,175.15865320340237
397.64869074529446,63.08106597394085,4,0,0,320.3602671721768
79.32605387101823,103.52617948311365,0,0,0,70.51674518710327
331.56710846907475,72.8331141871884,2,0,0,258.0154279304398
165.17091399955837,24.441724550620652,5,0,0,151.98982838418613
173.89502583411598,63.31575893109522,4,1,0,143.18001378149626
332.64927642817355,119.76571313835608,0,2,0,271.57361650134555
236.16471266894402,80.23768714575598,5,2,0,242.4080044536793
406.956480047867,93.79378158397257,2,0,0,303.8091377598531
82.17966228309939,43.71430435612694,3,0,0,83.90177971564964
396.02439353468407,24.5028907717903,0,0,0,272.23773594823604
36.79644778842333,33.23348988694847,3,0,0,43.21958669611787
101.05667072157448,69.31308718883834,0,0,0,49.78718036642955
329.7941086790669,36.428619969391484,4,1,0,278.60783488186894
428.18819997298027,70.45542236539315,4,1,0,331.97151244964954
130.07641573097777,92.012950558903,5,2,0,161.57684989872135
166.9598448853119,95.47146390213919,2,0,0,134.53250169589606
270.87477040193625,21.409042155942146,1,0,0,193.36055406830823
109.72853921220465,97.55601034840221,5,1,0,112.80279434629371
406.5223494858153,87.44945814700668,5,0,0,325.2596051928576
387.9501392778516,1.560667337931868,2,1,1,299.1959628267721
76.9193974230619,7.65338276166761,0,0,0,61.197696363147344
234.5957172492329,84.01243524184945,3,1,0,202.14095900792245
388.53974449403756,49.881506943282254,3,1,0,299.915853499276
171.97811789619033,18.993519944836564,0,0,0,116.95006946127577
318.3878772452772,5.771552692052323,1,1,0,232.05452470491815
29.8554951214985,20.72178428741601,1,0,0,24.834725078847093
306.3009364620124,124.47681536181015,1,0,0,221.60494467418428
80.56322510030047,94.58353340422606,0,1,0,63.00193431533107
416.13874593165343,68.6017047214582,4,1,0,344.5829864465866
180.94748447233684,122.40026500709693,5,2,0,183.98613243128707
144.36916205045688,80.48435689860851,4,0,0,122.53544265366882
421.24004347218505,94.33387447648674,0,0,0,303.92872330609646
29.821291420546054,36.74473640576337,4,2,0,104.34446028761839
201.32135567050068,76.56763966659545,1,0,0,141.5330586518252
188.15175258464052,18.652041758719232,4,2,0,206.72217406707
145.97618525352766,52.5828088757108,0,0,0,92.6909228437686
456.3183943407311,4.321242248259315,5,1,0,363.60299176445545
376.70955479077753,28.161651385748463,4,2,0,330.80408660424524
36.64196627500969,9.73292182494771,4,1,0,57.45027550228416
358.77028747030226,50.41124653594008,4,2,0,314.27649751611506
266.013070898753,109.59457140300373,4,0,0,204.30155041761836
450.9296077287817,49.1314338248569,5,0,0,360.3719003901011
159.90808058743744,108.11315137930363,0,0,0,104.79387223189603
289.21018980674353,85.34478063525536,2,0,0,212.5737417042946
252.87386099678807,66.23882806200761,4,0,0,200.26170133150495
247.33264858266483,30.79592012397297,2,2,0,218.4288013875335
230.77217276102024,119.88029206973981,5,0,0,200.19873584745534
106.78659038847924,7.046105149464324,0,2,0,111.9434287397712
379.07641163373444,89.55869230084599,3,2,0,347.85076789453916
228.4113362059479,80.76118606521796,2,0,0,173.425801367697
479.4655561262898,57.335397893348485,0,0,0,337.5424459103873
134.10017146042426,31.241724188038692,3,0,0,128.2918958131287
342.95820061538535,55.990471789884694,4,0,0,272.9121039566707
470.6549544213587,113.46045432194468,5,0,0,367.3385175673753
333.4118698929658,108.77959433314405,5,1,0,279.1475278580112
436.28008927061035,122.3795624970138,0,0,0,309.7082708927192
414.603075079718,40.01311686128224,1,0,0,308.6339658116971
183.2582691670569,50.32354058795348,3,0,0,163.06690331203333
302.0613502700508,2.4343998457822327,1,0,0,229.70361117951683
82.34936320662102,122.58349931360107,5,2,0,134.33087977503553
270.0853119343218,42.820711936244955,5,2,0,264.545305234556
119.05887604809692,52.54129679928912,4,2,0,167.1849878945786
373.14972340146056,118.0145994881613,4,0,0,287.9296205371036
266.38891883660165,68.45779592168572,2,0,0,208.72334788054803
208.55754450267193,73.60269042821214,5,0,0,193.78500916401026
138.0545626026539,22.910268959619188,4,0,0,135.64903973383198
499.355748511437,64.82580270642508,2,0,0,360.0248699413832
40.49670783804168,119.36711811814065,3,0,0,75.52202989413944
26.56253688334791,72.63335145403038,1,0,0,40.984889158786366
112.54241324446295,33.16512740316855,3,0,0,110.58154056683681
485.68086702077073,4.0535123375191695,1,2,0,376.97568137506846
489.7228933183923,43.719230549028836,0,1,0,363.5046875246728
329.1892287122073,74.43681882837953,3,0,0,233.16598593059328
440.65280026717033,5.539727488207915,0,2,0,344.9591309126068
110.91105676619372,79.27303504785031,1,2,0,122.45017519623615
486.1608366174287,68.04379752535466,5,1,0,384.12951543689553
75.6785008190845,101.84661099165422,5,0,0,103.66984373258575
55.05696814992085,3.755462395355038,2,0,0,54.197539410672526
60.54471192740009,101.51015482643587,3,0,0,55.68647110794017
288.6983220199195,67.7140159485539,3,0,0,232.16522525008543
391.5823283554359,48.16881326136249,2,2,0,330.39680560855805
186.50025304794337,125.49978692664713,2,1,0,139.26827856204903
489.05851395413265,20.815541140686896,4,0,0,386.05937209057106
220.03796836857308,70.37226548184384,5,0,0,192.232517850264
79.47203263274206,41.727591567022195,4,0,0,93.76520858480168
235.65354035213767,68.57322924339365,1,1,0,186.2384093976352
341.1233968841077,71.79580883545357,5,0,0,273.76124506719873
416.95176134966744,11.628272295229952,3,1,0,328.73711572406376
232.0903035285135,85.94756909938546,2,0,0,177.3216379562263
298.8353788943379,82.48259446947154,2,0,0,227.9597724398346
137.33563251863242,100.03074570248032,5,1,0,147.35413802858415
324.7286805707294,11.78560417569223,0,0,0,230.54245633983538
493.05611225542015,38.643611097479415,4,1,0,390.0256005239429
29.28151843095796,84.51437796465316,5,0,0,53.320565814156986
443.832681999058,17.7750073690291,5,2,0,380.15075230917716
283.3298388699238,88.08776740249749,0,1,0,215.97106003900495
129.78883648333846,7.673472406654989,2,0,0,119.06732057614921
477.6704064545827,43.541101884751605,3,1,0,363.1216145101982
244.26038001415498,110.07244590322749,3,0,0,196.85559453705838
169.1866745783259,100.65786774955082,0,0,0,106.74421830211125
94.84132599406637,83.81889297952142,4,0,0,111.98926050523922
126.00384407704773,113.15959416126314,1,0,0,106.45811684437807
417.26027558776406,92.20504074238606,5,2,0,361.2824225262937
309.1329546119971,67.5187636774044,3,0,0,236.6354069333496
457.05658164671644,127.36327505015227,1,0,0,340.71154187333224
119.82438381810398,90.33129037261153,5,0,0,122.16522810962485
64.96359405520623,78.1777329856904,4,0,0,80.35177973679332
8.013327832917053,53.1531729239634,0,0,0,6.0
256.3917086199169,117.31362481527655,4,0,0,214.97459141106143
499.16193053908415,38.44218242864906,2,0,0,365.41232589406246
349.0078080652263,1.1985472474173486,4,0,1,295.8480940469258
157.6553230227473,25.576267916206795,0,2,0,143.70850557922898
439.044998597955,14.23727395250669,0,2,0,344.0153494570598
391.95252166404003,41.46919064249937,4,2,0,342.40726410693514
12.630507207886932,107.36422806959915,5,0,0,39.64945128978709
409.34593786780613,84.69885909745096,0,0,0,309.36480907570365
153.7607448330555,21.967476600382625,2,0,0,113.44394609628593
79.08836496888254,102.54682374200401,1,2,0,103.5257694377672
117.03376566985192,65.54858259292236,4,0,0,114.13666716910271
236.94700316569381,66.6529011353786,0,0,0,174.10497977682888
215.30962389866545,47.074583527513525,5,1,0,174.478257271287
147.99921319024224,112.40012742686305,5,0,0,125.28757538983886
90.24806949248119,41.382549501253045,5,2,0,130.7684698076125
382.3042408728738,12.238168887059524,1,2,0,321.3440192027791
495.10434294878394,39.354769216352864,2,2,0,397.5091135942854
390.0068323077468,92.99596101482514,4,0,0,301.355695296761
151.48879899741289,85.48564528443275,0,0,0,107.07535659716561
126.18043589900601,24.44222996196512,1,0,0,88.69947722600965
112.74460865263943,14.531958883642464,2,0,0,98.21496302205905
72.66406187207296,85.91254859222703,3,0,0,74.62021047651602
277.9086220976891,87.9289886351386,0,0,0,200.69243692405087
304.67318411690536,47.599452837374194,5,0,0,264.7090321328521
354.22381702825294,109.56417985878036,5,0,0,283.9687384401243
341.70561861216567,127.16667649398919,2,0,0,256.59554474551885
149.70498908527432,26.7338790484214,1,2,0,140.0051561884664
168.50394767143905,75.01893304178368,5,1,0,152.66989650654358
342.34969504395724,0.6950227705120915,4,1,1,297.3918676273692
177.976582187896,92.69707148341736,1,0,0,133.75681040306014
110.24847886155995,53.85667476323131,5,0,0,120.02706600792243
190.29639607988608,25.12499949741143,4,0,0,168.3050386987991
139.68165800109895,97.7888498293689,2,0,0,115.28800881672326
48.71479700319601,105.38434368229049,2,0,0,63.95077847833457
415.9187566269435,14.451645152871848,1,2,0,333.9809789534038
427.290137632733,5.32944903894442,1,0,0,307.1098361144311
113.77639858260534,43.430197416985244,4,0,0,111.66199325148762
37.062238764974865,81.37876054893462,0,2,0,51.50644170555126
370.71958148883385,103.1445385345223,1,2,0,311.07594573498613
109.70666980238978,70.9881245619595,5,0,0,114.08300810073915
199.7505672712458,75.49734091990749,0,0,0,141.8123995695637
36.74694985750471,103.98156882787585,0,0,0,30.82421891542125
117.00344445542541,68.74963864843872,0,0,0,85.9738309631037
397.4866277731697,79.45008372941906,2,1,0,307.67815354543177
403.17624122302493,67.1082541969527,2,1,0,304.48786415421347
107.50698831941665,114.45957033780152,0,0,0,90.01255411994643
171.2773533278113,30.617160416061555,0,1,0,116.74226549944355
71.44801745140306,34.319165990266214,2,0,0,58.66367123376841
41.71545199103658,16.63499000823735,4,0,0,53.27368886992335
496.1249986519627,106.53067769427483,5,0,0,379.7197946988615
329.5190058661954,53.53104777310646,3,0,0,238.4822551681231
273.3377720531678,45.22621231456169,1,1,0,223.94080758788394
383.9217577006233,127.57533322133031,0,0,0,276.78611106863036
420.83819404542345,120.4844376371721,2,0,0,305.7801161597827
404.3238101821401,126.35839867621898,0,0,0,291.67962229362206
13.18702739848892,18.49886957863007,0,2,0,43.86376348342703
97.46990960429675,115.86273570926161,0,2,0,102.18330261166416
329.17812454832637,42.73224792036869,0,1,0,232.72025738709047
191.00087716296164,1.6453801275421265,4,0,1,181.7793155070055
491.32891227524794,50.86878367779894,1,0,0,348.32964742713375
334.3753723559357,66.19552590794775,1,0,0,234.4800111550837
478.4917098209572,14.068655063762696,2,0,0,360.7591990027975
104.71600841466794,69.89809019365332,4,0,0,95.31673577312847
432.6587289169364,106.53026594297509,4,0,0,346.84701255602755
164.06939137853655,49.094623609095215,1,0,0,116.58182013228753
494.83458007771435,45.84382484945928,2,0,0,350.1683406469172
83.05589267620792,44.04535462998807,4,0,0,92.15318333682663
260.58821032497167,120.00227796487995,2,1,0,203.32364043647382
397.45804424937535,6.338552842725883,1,0,0,273.53125329323683
219.15802789899774,57.85989845908419,0,0,0,156.99218562366636
236.7016097928851,34.39792903946319,5,0,0,191.33030561468905
493.2461187753418,116.19491330037425,5,2,0,402.27106350958906
215.5275343990709,12.48679426589451,5,0,0,194.23041116805467
304.0156897965365,53.4875596684534,4,0,0,256.80026506406125
31.9971320341996,52.88609976404114,2,0,0,33.43387865662432
421.8939897040787,115.49127428111294,0,0,0,308.71226871978456
325.843184244874,28.01414785532603,1,0,0,244.42533763314623
204.9899509170927,83.83640333920944,3,0,0,172.3039221099717
13.003922277487277,17.47279649541258,5,0,0,43.65190297178303
297.8760661937844,124.01684283047055,4,0,0,233.70026270997917
11.265625099660285,77.09194470539717,4,0,0,39.8493038753409
5.595788884963865,81.41337494168714,2,0,0,24.18210375831364
309.96878826393055,56.39054221586138,1,0,0,214.65585792692605
98.56344833060436,44.49675264662189,5,0,0,102.6555767115802
99.98433711045718,27.64793583433392,1,2,0,112.07317272864175
328.3694250872081,78.51840799819365,4,0,0,258.05044558302154
31.580108029990267,124.09302689527094,4,0,0,45.015881277742565
160.13575292990538,46.772824032012394,5,0,0,137.04332829101642
78.96879156029944,114.81039552606705,5,0,0,89.00432046644123
292.18730304928425,19.34092067014246,2,1,0,227.15036282084947
332.57375159006097,121.6963827146341,2,1,0,253.90309507230972
361.96224753152654,45.56321690674995,3,1,0,291.9467537000914
131.33945237468987,49.36453750713493,0,0,0,80.39261807332078
49.17862706010908,60.16949341446267,2,2,0,87.63786387633134
43.94841018623943,93.37175509319452,0,0,0,14.87883471082057
215.94501648310828,93.55494637957457,4,0,0,180.6355603356414
473.19298248604395,62.34651601355648,3,0,0,335.31816392337123
112.77587195227719,68.00987691081167,3,0,0,93.19777994611758
132.08709266406692,3.901363410638352,3,0,0,114.64041553778195
54.939957042400174,39.558571202582336,1,2,0,69.15604017751113
304.75728557749545,44.98221964997923,5,0,0,238.3559653301616
341.5370726038516,72.63454493434872,5,0,0,285.9220425689697
323.2509480395762,72.57896975826958,4,0,0,242.61695189938808
431.25947030716674,92.2869737046235,1,0,0,310.5489358335342
245.7807883379055,93.21354850835051,1,2,0,229.97669067591542
71.5562351796969,30.57739414757079,3,1,0,82.39208120802965
148.25553969868426,100.12432964362722,1,0,0,112.1114601187631
332.90283684356916,2.5484638460166664,4,0,0,257.36831882083595
308.49537700207213,93.10104499887366,4,1,0,249.17028998529676
267.84654922276644,13.267943457525003,1,0,0,194.75817980297094
343.06738725090014,94.85426709475847,5,0,0,260.19624392020853
320.5084709347832,68.52535177389257,4,0,0,264.15577400654763
441.25582028515106,56.84308508880198,5,0,0,349.3428288733234
295.07810685175684,89.78663066898578,0,2,0,228.56032808956735
390.4076725567754,4.728208387140253,1,1,0,301.0161051338827
128.11004220340158,29.051142337825183,3,0,0,118.14380960616579
340.70037937158867,80.13721852079502,3,0,0,266.04618548232855
451.5860885994245,110.13800286200633,4,0,0,367.69301794327697
195.93750231041747,49.543992802865205,4,0,0,167.97585119145984
390.6565727326301,33.638991442362425,3,0,0,311.1290316953598
363.7707040917405,67.43573665256926,0,0,0,257.0089231715699
34.46546745155213,80.90098281028938,3,1,0,59.00040012459432
292.8466132639158,54.613394082747035,1,0,0,208.9351728117145
69.44372785439718,113.97238874576816,3,1,0,62.651199897521785
483.8229902541426,68.04703215180174,2,0,0,339.4828486690976
406.6467138368248,4.657066384176051,0,0,0,286.2847153779419
59.313281617324456,28.99701411180475,0,0,0,39.73288915268716
65.2672388356008,58.58411401931589,3,0,0,57.05126038794185
299.2645581817464,90.70431747220134,2,2,0,259.15107348384623
175.72014121572573,28.56779169303655,1,1,0,144.2889674480137
22.278400241189093,126.91346716326474,3,0,0,48.94420171766689
273.1125463773613,41.41257356445085,1,0,0,193.75604867431704
196.9833243444942,69.2224268918765,2,0,0,156.98330307806688
55.032863724012614,2.4656300150353525,3,0,0,76.09978778866493
401.9505941667114,115.03579378600458,3,1,0,321.0798565975312
457.962998813009,102.54850495827385,1,0,0,323.5428144387396
379.51399733699435,25.409540558427047,3,0,0,290.4048135177167
412.0990434580573,121.32076986117957,2,0,0,306.9564025113458
112.1628307967281,41.059169293662606,3,1,0,115.51090850896493
135.4686107047075,89.98421748941522,4,0,0,124.77646356299341
108.22113244809793,106.46692134215799,2,0,0,95.1440612912981
383.70639852595417,96.31887996083351,0,0,0,280.0287507206346
474.218954072576,119.28576192387935,1,0,0,332.47640342907073
359.8344173332818,112.3557188442921,5,2,0,314.1153227890652
441.3260486153802,129.29949683190932,5,0,0,353.0037080947273
321.1560519671704,23.73948363489892,2,0,0,239.71890196780683
196.89165077660553,39.619034159471006,5,0,0,182.75034042462266
215.75199939050106,82.7093627661119,0,0,0,162.0845965219491
42.28410892286539,95.29613416590588,0,0,0,13.194009202376463
20.57131164678291,69.4986570922422,2,0,0,21.387609046208304
349.2604240735933,9.610687435259939,0,2,0,281.4104821899827
222.02230154553442,109.40737948404966,0,0,0,147.5082328382905
278.3464586870416,124.91366628276536,5,1,0,237.22317071780796
281.04231757309606,52.717189697431316,4,2,0,251.6747053104971
142.3010275999842,29.225622620849986,3,2,0,154.10043405375455
240.5667928605979,2.5107881450713796,5,0,0,197.11756887246588
238.02630972551262,30.848874692166085,5,2,0,243.12018715289736
197.2714745077892,90.9894407289949,4,0,0,176.17223409109636
411.2343147835299,118.50662039745495,3,0,0,315.5617542501947
228.32618182535998,12.156698636129557,0,2,0,220.551130003882
303.804039630464,71.92369433105088,3,0,0,244.4996845344118
448.2824595885089,90.41906230653821,4,0,0,353.3468254150267
433.7856433151666,35.92950674381492,1,1,0,321.6627072651984
445.7589908706868,74.08661509213925,1,0,0,319.0916872524519
138.6524732501819,92.98229538075047,3,2,0,166.9303021442299
22.316331712491102,108.90350160759898,1,1,0,29.675435131011948
134.22806594818798,58.824980606597514,2,0,0,109.46351417566395
142.96013608225078,97.22143845946488,1,0,0,106.56338333198829
455.1333617288592,39.23178632618046,3,1,0,356.7302301402596
326.37515275479547,27.696077080380622,0,0,0,238.40621255018667
45.44346000310323,24.350786991786766,4,0,0,70.4566844376219
72.01240502549507,46.65345513734441,1,0,0,55.29851545807979
82.05968214327783,4.664358632550375,3,0,0,81.16392022832608
317.058765343617,36.78893889648246,4,0,0,255.5884805039705
369.0299426259665,84.78896717761967,2,0,0,288.06954772952383
430.5237357298711,84.22947613081777,0,0,0,287.8237484507731
470.61509264909034,9.56199484389386,5,0,0,368.3018980047615
104.84375590628868,37.364030220480615,4,0,0,97.01973917941785
158.3373799384043,74.04249640812982,5,0,0,142.97480543943
123.95982596869118,41.411777875403374,4,2,0,144.64664603074294
182.5869758957382,54.33844314455355,3,0,0,155.3370157219536
457.75922817475595,92.66539842504932,2,0,0,315.46752871608015
289.68072063498397,1.2046878293619057,1,2,1,264.43440873795896
370.40498917562707,35.93116073149597,2,0,0,259.4684555300307
247.60902188275708,18.508391692052168,0,0,0,168.55027979419185
19.284667101381643,16.589193759383924,5,0,0,47.689016788948514
36.776765568918094,124.67522813814212,1,1,0,38.50929413399898
271.2719004776035,48.952843103114304,5,0,0,233.61637995093932
360.8005722359127,68.52151603825318,2,0,0,280.3297428044233
111.58861112672209,95.39684531905223,0,0,0,96.39186679713694
362.3452391261905,6.168171731806524,4,1,0,293.5054766419319
406.27955787433865,31.332943012500785,4,0,0,326.03533206405064
208.88925178924504,108.17921235468263,5,1,0,205.62675849098457
374.47752025783194,112.05877971312454,5,0,0,296.05069022479773
204.99482541258766,48.48361968330426,4,1,0,193.6000699674077
340.7835615802349,48.73200795472987,5,0,0,256.97192868954187
383.1785394131738,98.39659402415464,4,0,0,301.95832027773866
496.00367606251484,38.35912947748299,5,2,0,436.5693948445797
175.97134772148007,15.22223054819975,1,1,0,141.30891658191555
208.46518638443268,33.47960853127585,5,2,0,217.43839093417023
86.9819294080348,50.35481511265073,4,0,0,88.44017706455696
106.01616390889441,6.786612247362775,1,0,0,95.25111728742735
348.23052628619695,62.22843304602272,1,2,0,274.6846702488406
458.93756712646564,96.2009766604612,2,0,0,334.8369017774514
200.32945107231407,66.78686878246,4,2,0,213.78987765603864
94.02300118359291,9.346394266885905,3,0,0,90.83019716774675
146.12425219458206,57.21945207497461,5,0,0,149.82836039899436
230.25059388002862,92.15759904556826,4,0,0,197.47018725947237
148.87191303585735,7.552565018724691,3,0,0,122.43916542759953
120.6216461453238,7.780134664495507,4,0,0,119.17787341676187
369.3123219347544,48.17818241352775,1,0,0,256.0147873955812
8.88323601410848,25.34531533608218,4,0,0,16.915808016516127
271.91911103155917,121.52150287009465,4,0,0,215.23931906780197
397.9145694797282,75.57466848616662,4,1,0,319.3999279898357
136.78300172714677,37.35230192276651,4,0,0,118.04804977392953
303.6292977529486,91.62097478494361,2,0,0,230.29598670697132
336.1055522812158,48.74077667671275,5,0,0,273.77772478842445
329.2372247205195,17.1750337692713,2,0,0,230.0617548765279
225.69556892836528,30.840189879665452,1,0,0,161.65740658845587
176.5561039985107,83.55714697971884,1,0,0,140.29717851799904
418.78241614876765,6.743893779608916,3,0,0,321.58974702551933
380.4307487149328,35.449575206248284,1,1,0,278.471264724642
164.0213108398867,27.0804920934827,2,0,0,135.74986982259432
55.994501248892014,26.14756438794916,1,0,0,62.5220983604097
40.54473499550725,88.75911355687624,3,0,0,46.399698550733255
51.66660905997335,107.35619917806738,3,0,0,64.74346645617865
293.52033379006116,93.06265904835364,2,0,0,226.84325375215266
30.572777035349894,83.94461605406659,1,0,0,24.484324583234873
171.778803107199,119.13873033632231,5,0,0,147.06044551139715
377.8338524475435,7.59100945515859,3,2,0,339.16224755122306
150.70234242511216,21.772801176911294,1,2,0,159.37574585193988
382.83749820416426,53.87289123716918,1,0,0,274.9358525448101
374.00618391249236,48.418713655502806,5,0,0,310.926240055765
126.68443065344208,54.34670838519292,2,1,0,117.81803029104613
365.766979145909,26.839137655551784,2,1,0,292.4443709985256
375.14943594468986,19.435431025429683,1,1,0,264.87879527027104
201.7396932051783,66.19512216953065,4,0,0,167.5298654331909
109.15813945205153,120.64682812894318,4,1,0,129.01375155738688
263.0290494114752,50.95603010548921,0,2,0,245.53538167954275
461.0918060600972,5.635917835538651,0,0,0,321.96860363363095
321.61028255387066,91.80175457563818,0,1,0,232.3543696796244
90.59663632549429,37.84363771853274,2,1,0,93.49812469421697
342.96467774309235,31.86235094963597,1,0,0,252.391057713237
216.4654985045081,42.15354009073507,5,1,0,202.59870968630977
297.80675469090966,94.09601810802391,5,1,0,235.75597262065642
368.3616973364384,106.44652029313953,3,2,0,315.47135332618296
259.8989389996502,76.44728875406527,1,2,0,233.90621661440048
407.9220674137878,41.922237983541706,1,0,0,273.95559718203305
362.46701176173076,40.36217030524617,0,0,0,241.30242274114764
309.46130330916276,16.160085487710194,1,0,0,209.6781490802166
79.64244383701399,121.32913627057529,5,2,0,134.07471571552142
418.7948099012263,82.95812186594654,0,0,0,287.25334281915326
468.27326473330896,3.506700581262323,1,0,0,326.93719031021976
72.79773628560093,86.10772237426849,3,0,0,73.48147063344646
246.67935906954813,58.12994514515603,4,0,0,191.76145901005162
133.14992727539973,126.43253519609952,4,0,0,126.85255665931005
378.48903717565446,106.47894722483291,2,1,0,312.29407449905335
362.2066698223265,22.271047998263764,3,0,0,273.9570082879689
74.73813468234736,93.61444545373264,5,1,0,80.26908899265835
439.1284992745104,63.12358049858424,1,0,0,313.0969974750754
94.58166666911113,24.315871277090665,3,0,0,92.77318471504485
399.6432176958132,90.83618795289338,1,0,0,292.81128360346975
231.2052780158624,71.1603852302519,3,2,0,228.34966897627902
167.49478531128486,3.9486042403041646,3,0,0,134.48746238532672
83.3284350237357,84.05643356874737,4,0,0,85.09976513830838
87.96905679258155,82.54832168211729,3,0,0,61.6282933110192
332.63582457694565,18.73107093669014,2,2,0,290.7282203605081
277.46304203382465,45.36840450957008,1,0,0,191.26473942748368
65.43228371736019,76.16686619763519,0,1,0,56.98802654606063
60.78544091697097,18.041791833874885,3,0,0,56.66621249869451
40.79373451253177,110.85403911851834,0,0,0,28.013772150220003
373.1648369499043,3.573186017401493,4,0,0,300.83631943805756
357.38163218849814,13.368863946016143,0,0,0,248.33472917601273
33.9233404730147,15.09389958113493,2,0,0,31.688963014942956
282.33368742050163,68.65392637675717,2,0,0,213.7175879834508
46.9146968451315,80.61482158192129,4,0,0,56.13388916870609
452.35415645142615,52.48630354519325,5,2,0,382.83247220948556
454.02312249416553,37.526687596861606,2,2,0,387.6862141014911
350.6253299574994,105.21125883132245,1,0,0,238.00662764382201
463.4635161125277,8.877177884434618,5,0,0,369.03544043129835
406.6692500547768,36.43794194726292,2,0,0,300.24024827677414
415.12659508388947,5.085025244516199,5,0,0,321.5980258673347
287.005386032117,1.805717545614841,3,0,1,245.3186451733266
156.49930311700706,45.939385301186164,2,0,0,125.17974031841189
112.81056198262868,25.32707611784116,5,0,0,127.51575564254588
166.96401090926994,34.88756112897202,1,0,0,114.84642929772704
316.10523789408575,106.72313046914586,4,0,0,247.2878558465556
90.46498523703747,21.18741251239878,2,1,0,96.3620583672727
133.0269171354742,101.43033772973412,1,2,0,135.25669687938358
236.6901270837549,87.75658100902726,3,1,0,202.59616152798907
120.3597987696847,42.43791826830825,0,0,0,95.89308445022628
296.3786165094505,71.05229887291742,0,1,0,223.26816104652812
461.9721340858833,57.77662927069004,4,0,0,349.3977884784644
375.3042360230476,16.691391014696496,4,1,0,299.56171298832214
334.8811740037119,117.93409182544283,0,2,0,283.39627180247373
293.44713061197046,74.05033578614882,0,0,0,208.53605975253603
246.53421508224713,114.43120595340913,4,0,0,200.99063245442278
97.34911051915655,107.09744653572773,0,0,0,72.16950900010974
447.88167543629845,10.370870290225021,2,0,0,318.9937182185111
128.02532099635397,26.94518658239882,5,0,0,124.24003924736166
50.19789440118957,18.883944868728005,1,1,0,50.92698653974945
376.2575137182041,108.00133926229944,5,0,0,300.7395922750659
91.92968949392737,112.1180614391763,4,0,0,90.14313784998494
189.08851977288214,68.63629627508757,1,0,0,137.8950463880655
19.001039504034964,13.5431494260409,3,0,0,33.98678726332837
72.8486315575218,17.630160410592108,3,1,0,95.16506322320143
90.73579722615648,105.76134561697476,2,0,0,58.62093884282875
31.933013236338084,120.79471774881293,3,0,0,50.431706236924086
330.04519352830835,25.931839064385372,4,1,0,269.99219036282597
419.31885892254303,1.447884941382498,2,0,1,327.833569513247
189.7911261511408,43.02387766960113,5,0,0,166.31445118288647
437.9153559755093,3.964920654224575,2,1,0,337.0329921902411
110.60655440726262,107.63673909014494,4,0,0,115.42707815286467
166.06825966281355,63.896593439412705,0,1,0,109.15888136517106
79.61481155042836,83.44190123919257,1,0,0,82.24414565809232
312.17680173240433,53.49303389775048,4,0,0,250.45719063520113
212.8354474808019,44.91598111162264,0,1,0,160.22396091245042
308.57525668673986,28.88605369989103,0,0,0,205.26988503931364
382.0290781701209,100.16923111495893,3,0,0,286.1285573668704
275.1229929363095,90.42118597401881,5,0,0,242.4360681559255
315.67702567638497,46.894767984491196,2,0,0,237.84893097981688
467.9489056251948,41.74509745889378,2,0,0,348.45869640128456
153.03683325637735,0.1615742243282703,3,0,1,143.47527528096896
182.7861496238068,8.261776905911418,3,0,0,168.36242312722175
360.26316404612174,81.02321823604252,2,0,0,267.324061380456
307.5962309424164,66.89895033061002,4,2,0,292.10134906964385
93.37378774715884,56.524416583052925,4,0,0,93.34947288414021
191.19291845519263,107.5752913042156,4,1,0,175.8875347368391
236.5798164967339,65.50676657237005,4,0,0,198.96731408354185
212.59796979435274,49.98416558295159,3,2,0,215.99026518928426
93.2460301194102,20.963325178248045,1,0,0,79.66966656565711
462.59289543320983,106.68944106790049,1,0,0,329.4695399712975
382.34778703851805,74.91227251575441,2,0,0,294.723902554607
243.27113689338688,12.019795569958449,1,0,0,170.00955597339103
341.6302090118841,84.35679173961985,4,0,0,259.2988285105753
449.1549227070833,55.25919691349329,3,0,0,336.02777150431496
72.40620046897776,105.48020906643946,4,0,0,83.45086997933755
128.93466009995396,119.45889760947951,0,1,0,90.81237715895135
273.6371173920393,78.06055571291198,3,2,0,250.05514251160932
400.51013381941755,95.10966651073764,0,0,0,270.25015551230274
22.946173243556053,7.356810188281542,0,0,0,13.77124467086742
492.08898434719845,72.83320915015044,2,0,0,370.50346126679136
230.17876842678658,98.19419718621162,0,0,0,154.88678415225738
182.8194146077529,64.57907943215348,1,0,0,125.25400317474234
149.89859673068707,77.16151163556384,1,1,0,125.41839773005884
91.30657028718146,116.86326412553575,0,0,0,57.36337514497579
396.8290849203638,25.752944364055928,2,1,0,325.32031995836985
477.9300115493178,12.772045981748546,0,0,0,339.0902461242415
209.7541536484721,89.78366970813512,3,1,0,187.88340033364727
476.4482439029608,106.97035771791772,3,0,0,346.08433581613934
412.7798196403419,110.56372451573326,3,0,0,317.0903083357111
243.12030810077755,83.41378462185864,3,1,0,193.15948472782216
338.6429586674357,108.31774436220444,0,0,0,237.4301147514341
220.31716868937917,91.08634674402774,4,0,0,177.54756479225574
281.56808706521343,11.358999067882799,4,0,0,236.91128957286531
33.73293682415939,99.06565602504845,5,0,0,62.70184933966628
349.65042027376387,23.316759641542856,3,0,0,269.4687535022795
31.14819901964767,30.75921453682646,5,0,0,70.23652085015183
409.4570487252265,51.30458150982643,5,0,0,325.17129377167623
413.348730082976,40.8937186224238,2,0,0,315.4490554414683
122.35325734032622,41.814725979378565,2,2,0,152.97237169114163
165.21307661272112,22.00373814652595,0,1,0,126.88233426632817
243.24863738635517,38.20323612424077,4,0,0,202.84073427600262
300.3481389315783,2.5561366968646304,0,1,0,229.6013705091985
147.2400625622884,61.47842306948238,1,0,0,124.06496297852112
298.2807702928029,99.91682464007488,3,0,0,233.30497269303376
152.40460124850293,112.09215799922916,1,0,0,109.04281054594387
32.46790693017503,106.65571266472699,1,2,0,73.91763389087355
6.25113716679493,54.13950346936471,5,1,0,54.55763303273766
55.06977366962216,94.9554425513013,2,1,0,69.98536915924059
397.164096581189,37.42580063237762,4,0,0,315.43980056102595
480.9084996297519,7.223121453290332,5,0,0,377.32572176485866
216.34826864420353,87.87629830086466,5,0,0,191.0977545038818
258.77855695772166,84.34350141573277,3,1,0,219.5874222855486
77.68984369134593,104.21182141017383,0,1,0,50.79414313368192
277.7605195766777,80.09380687137438,3,0,0,229.63337311850603
76.60417649345354,20.39591124660913,0,0,0,58.1233459912888
307.5510939434209,110.91111096652577,0,0,0,209.47967138947993
466.96304045252265,81.5428624424311,4,0,0,360.08699553544056
101.8707769550046,104.98926087455052,1,0,0,90.97609455372086
383.4590404382655,100.63392564888531,0,2,0,309.28946093552855
16.6336992950704,38.72238333926149,4,2,0,69.95292654797932
190.87113445420238,9.691886730766807,1,1,0,139.46213409434236
59.820511376101976,22.945573181646033,5,0,0,100.41028214543324
179.47534358987122,12.072103460722598,5,0,0,147.03823448728664
90.90077522124734,31.643616170417733,1,0,0,74.39747423555353
189.78597011082928,59.739195493379086,3,0,0,150.2878066554043
211.67378902322753,117.88537864756677,3,1,0,189.39875316902135
153.7926057765546,113.3624382696825,3,2,0,155.2127171542009
330.0278649891989,93.41797596244464,2,2,0,297.836181228805
459.8317653731603,3.134606741217377,1,0,0,330.6615725705077
203.2947101821098,44.380596171671954,2,0,0,155.9208551061073
100.2098624551356,88.70529544298756,3,2,0,125.51699159537384
139.00776530701177,16.77375658907889,4,1,0,130.58978594103667
427.73040763070264,104.14142050206813,3,0,0,320.2090368607044
287.9616630187232,118.89457839838717,0,0,0,209.7322420488738
230.23046099194386,46.033578062917314,4,0,0,175.82005532596978
79.07017714691872,91.75959804229834,4,0,0,77.87340129886834
227.61501762027206,19.266537246932735,1,0,0,181.3256782701216
142.8535416619064,89.80613838469351,2,0,0,114.42391319918366
471.8657482874079,2.789203597315627,0,0,0,327.9298159747571
442.61470416078697,19.600295885443124,4,0,0,329.7608389956777
46.53175820495802,92.2845880591271,2,2,0,72.71385346847525
260.7434771843152,92.5405289739198,2,0,0,207.29405655006852
116.40388102976267,83.35115175987302,0,0,0,74.76389028088093
208.33465931452383,62.05732316994642,0,0,0,154.30056332819424
439.03975913447096,87.73805185235285,3,0,0,322.6857865618256
266.1196873448297,100.59410377754247,3,0,0,208.31747653432942
170.43657021852613,125.64261567477669,4,0,0,148.48637625305432
107.90473528197354,115.52333410131864,4,0,0,98.18514692892587
401.16080540621215,103.2894463335962,4,0,0,312.6649460392099
314.1364176053518,90.31847717286848,3,0,0,224.30025152618288
236.69240291098444,74.64022090620774,4,0,0,195.0803795240622
112.65475516217413,15.679147035749113,4,2,0,148.32749419190716
170.45195520778,21.522389472791083,3,0,0,134.40454319528834
480.12249623556664,106.63634288721693,3,0,0,362.4270110416065
262.444519114888,104.43067858693867,4,2,0,251.43625195402376
203.3461442154102,79.87966037653719,4,0,0,174.08129465648295
263.10391096242034,57.04921725309994,2,0,0,188.0170482503081
390.59931042030627,3.384244477068734,1,0,0,283.7736992596085
173.35392356892004,42.53300252871071,3,1,0,137.46696523856707
93.45952986164139,54.68315548349132,1,0,0,67.50646063854145
294.54337857782866,63.15611720254467,3,0,0,229.478234056323
334.27603122312826,120.8121978129572,5,0,0,273.8346428068228
357.7954114644821,14.132221974018567,2,0,0,256.0777360657668
441.5838574292342,67.45269957137015,1,0,0,316.34872027964
188.73118974111097,47.829898604576364,2,1,0,163.77293785337932
42.30067363330144,128.71275549808672,0,0,0,21.0420978694564
479.3825488973164,112.0423221167777,1,0,0,326.20495121890946
220.33090408155022,57.04216105105972,1,1,0,176.4938055898897
313.5124672882,129.96042921611885,5,0,0,248.82304909396922
334.82113494850466,66.82822204129452,1,0,0,237.7924800966027
275.52428580709574,21.72531355688209,0,0,0,195.6631487959201
106.6024772194537,72.2637099374729,0,0,0,75.94413501123417
378.79580980749,29.406749554474057,2,1,0,299.9791374708722
402.8572272805204,82.72066920991276,0,0,0,282.1932167139157
278.7229150786327,121.86722273491033,3,0,0,218.96033553703742
246.83777448949658,102.20581498855367,4,0,0,187.80225097529086
61.39940064835273,35.51127975447717,1,0,0,56.1946849035263
46.556072442392995,38.591621245580924,2,0,0,41.040654877319106
173.08459855394673,9.007466401740563,2,0,0,165.65696890104704
158.86884698110967,37.16281863401606,2,0,0,124.62027154591281
477.05994322681926,12.04122395811624,2,0,0,354.96775097436245
392.89325750949774,64.92833351233357,1,0,0,290.27578593858647
331.6625261532347,92.08512033477349,2,0,0,247.71666224298608
261.2358040637145,97.65355099489061,1,0,0,195.5325856066726
87.84692770969241,7.73880019226328,2,0,0,96.70862639569532
489.33605273122055,44.194266770966266,2,0,0,353.0299087085722
190.64514562890398,37.462329651166385,4,0,0,143.18362631314284
57.92817321138618,13.5590419883535,3,0,0,50.76442098988995
249.4304533792943,47.12127042116074,0,1,0,194.04390876849757
437.6290157484762,38.9116141881007,0,0,0,304.6030808117184
444.2090458797781,82.48489981410597,0,0,0,334.5465316758184
10.428128447941392,114.82934628538268,3,0,0,35.5050511050628
443.71639365194284,59.12942371351806,1,0,0,314.5343413296904
139.38468766242997,97.06647245968641,0,0,0,91.38253717567505
24.29132016436942,18.981347724387657,0,1,0,22.13040744071317
424.6561838296228,116.3456292237024,0,0,0,281.1769820787395
432.6140442141631,19.837315967962,1,1,0,324.0743179794236
300.1343845219633,24.973153477920608,3,2,0,275.70127404118773
289.34470986169737,13.840294466397943,3,2,0,253.1373597220175
407.4945349476026,40.258335197669744,5,0,0,309.6790060511089
394.2232285915885,71.81335807301839,5,2,0,342.08022008782626
445.6022093541385,128.43923448282249,1,0,0,330.7177815534578
278.6099865603682,103.13784450548071,4,0,0,232.69486247164886
483.9853109027403,49.456654375957655,2,0,0,357.9747242721696
498.0926813120025,74.85998752746416,1,2,0,409.57166314519105
62.68958194932313,81.030044022097,2,1,0,52.44967883442718
425.52416097929046,106.95453876215512,3,0,0,320.0945917212174
252.41201758555155,95.73873210457407,2,0,0,197.61513474688633
196.8453374584169,74.00784650624824,5,0,0,182.0575717474344
308.4707933919439,86.99379351515537,0,0,0,224.97788365227157
32.702950844693476,96.96928942517695,2,0,0,43.999694683485174
255.69825378970455,17.30872768734256,5,0,0,228.36831942829576
436.0908321632,26.059209969699392,2,0,0,329.07933849471505
110.66345048878955,89.51595755797717,3,1,0,98.32564643116115
216.06299791086545,110.55532305839218,4,0,0,177.22152434500427
470.0430394188634,53.20409675096982,2,0,0,330.9378337584536
217.13909971382014,127.38574192125678,3,0,0,183.84148980314026
182.39197800453718,28.089325247538472,0,1,0,148.49853142393752
223.06564082107224,54.17090666564705,2,2,0,196.87476542755107
262.1291194261904,49.20799565022291,2,2,0,232.0125899620315
317.83571534507706,120.93847229443578,0,0,0,208.55579667244893
401.34293645378193,37.099207284430136,5,0,0,318.21176104122185
228.79059185333557,61.202801145488024,5,0,0,190.0562757515978
409.6530628696195,24.34039914999283,5,0,0,314.6574837369467
269.19172736927993,67.7646110131177,1,0,0,196.99479726594683
172.54785263214893,111.46254203026685,4,0,0,167.5351212499817
330.68565991911004,39.525130045773345,0,2,0,276.5812148051343
360.27251609802823,105.40296938116767,5,1,0,297.0443955248087
281.23424293659633,118.47050568283139,0,0,0,198.0811423308266
33.02441170168809,9.484525662893272,0,0,0,40.21626645624805
89.09202320460832,98.33518972150263,1,0,0,81.41623956270593
146.22237184066296,33.194646699563805,0,0,0,100.41982195332047
144.8996749459891,22.792596129761787,1,2,0,149.99271654775967
338.3432961222009,78.14591096325468,4,0,0,258.6432380121223
14.082587528448128,91.72834010973096,1,0,0,17.363475362915434
379.06247963951233,51.31892814557779,4,0,0,303.25143699852174
136.34452502943194,5.092581920684776,4,0,0,134.22635195557143
158.4608138769707,118.13158814558311,4,0,0,134.8934850684547
266.3153648322425,94.99709919017435,3,0,0,218.6031258214114
111.88317246478397,35.31668486879191,4,0,0,109.11232270741269
442.8133002198861,64.59230124681619,1,0,0,317.1773298068594
47.25754576664981,3.6130626957201417,3,0,0,72.14179375243364
224.9692693390271,44.10676163477244,0,0,0,155.55879445564443
425.46402338017054,67.92958062606537,0,2,0,326.3558637653639
309.8427277385117,67.23906996511252,2,0,0,227.06061266622436
149.70311034210354,27.064034141110348,4,0,0,141.00374317597323
213.27630284934807,100.9771576039058,2,0,0,156.06762750949952
354.8137182695447,38.852080608463645,4,0,0,286.7210151697321
486.76406796513015,75.45330301313645,4,0,0,364.7168151520053
447.1036655978196,35.29788931993672,5,0,0,350.92693179980387
174.5042401492765,55.27182348828012,1,2,0,186.2707866846097
499.1079502474895,26.97690128252993,1,2,0,387.56899219115024
6.734808447873845,82.29101302916499,0,0,0,6.0
18.67672912516547,55.32596681837559,3,0,0,47.090974434243584
412.80105500974094,2.0952495834093554,0,0,0,278.7861415889479
103.73402998236075,3.6614492221795913,4,0,0,94.71235464552637
35.080787856139224,61.24746140128488,5,1,0,76.32150408605041
122.3882962520686,23.819362697696068,3,0,0,114.18986754144953
215.9195762205258,76.05546625881651,2,0,0,145.44810038597132
366.6303038645354,53.06493163036277,4,0,0,284.51003769543547
314.0460856428467,85.07457862016395,1,2,0,272.54932751998007
122.6225026924081,123.8113726283137,0,0,0,104.81369941455628
254.11887180978928,68.73569752338297,0,1,0,177.2284928926026
463.47598217229154,102.35921846671295,2,0,0,351.1727635754014
408.42884960696006,97.89532952107183,0,0,0,282.34478270281454
164.97894349173774,119.83284356210248,0,0,0,125.83035204745211
491.2209578710697,27.822322740940805,3,1,0,367.9811173794266
355.7670982153898,107.55250620204231,4,1,0,286.85940021019695
35.912431055056985,117.71764920560929,3,0,0,50.43660974136283
22.404553077876145,51.059187523185095,3,0,0,46.003176196955046
88.36193475996484,40.79610529786586,0,0,0,67.5059048472124
365.2886546848227,123.76466825817741,4,0,0,282.78774406683283
95.95076829200181,81.59226687805284,0,0,0,63.20957336825569
258.1859507583726,49.48794308139089,5,0,0,234.25974100296042
51.16375948951171,102.93760372111193,5,1,0,83.61037123678203
460.8386481259466,39.58160721004296,0,0,0,321.01859948183767
175.26050372386595,22.93298618908207,3,0,0,150.15578305351156
454.52536799751226,70.71605265370172,5,0,0,362.44690930232684
472.7134427457194,73.60756583837843,1,0,0,328.69930405850533
8.033680420271992,107.34704269475395,5,0,0,46.047301576642674
234.74691766337236,59.4135561526559,1,1,0,168.3459938065257
17.204747574911977,105.8962501356944,3,1,0,36.94084999344083
454.8029193199384,40.471948315284,3,1,0,342.7608130422377
261.611734643615,74.79786628311295,0,0,0,183.50452983475327
42.09728628575593,27.101461257093053,4,0,0,54.58183167553692
59.5869804969006,50.107973619157534,5,0,0,76.25999029259083
194.83696712390582,111.48016071827064,0,0,0,120.47857667688785
470.4159254720803,28.078465146648156,0,0,0,331.37320012248074
347.99003002620003,105.33113017690481,2,0,0,250.12843153426374
434.47133876362057,36.773315520162804,0,0,0,327.23726582785207
186.39603993828993,4.4836635583289794,4,0,0,156.7769161726753
26.390781277249168,14.291494107390013,0,0,0,16.308484480566808
487.28723041618497,96.96434089170246,3,0,0,371.8228782259169
13.500630377872925,34.06922044527927,4,0,0,50.23229983331713
474.08756827513906,85.03892699136539,5,1,0,369.0514912124307
187.49532480532662,90.8958573584403,3,0,0,159.10705976797445
9.994750485831354,44.86540037650903,2,0,0,30.15154826957666
346.1328297036316,61.73946833744823,2,1,0,269.39100159704253
490.3674504955203,52.48972175925538,4,0,0,376.42335747028227
482.9847328046083,123.15536952608942,5,2,0,408.3229194666472
84.66382054519713,41.59335210570636,1,0,0,64.0630839308183
94.71766400274672,23.8319954892449,1,0,0,73.08957336851479
284.94176273673173,47.52706957382517,4,0,0,226.10208986999916
320.46588908202057,87.03704198826158,4,0,0,263.0038938028702
371.0118672646035,90.65714974699048,3,2,0,311.6441031502867
94.61992843371301,120.1274509968009,2,0,0,88.88982154876854
479.70850794839504,114.62808303385519,4,0,0,379.3679676374544
321.17593186317276,37.48166765424582,0,0,0,230.0408796680481
424.28822484092467,59.171222365787536,3,2,0,340.99218787890266
272.332529065665,97.14496846384642,2,0,0,212.14449953325718
210.0670395569919,119.14984647826327,3,0,0,164.08917214968918
488.705538764523,43.83145167139594,2,0,0,354.6196865428646
293.1500785558188,57.77738644300946,0,0,0,210.1871105738913
434.1024234855936,116.93217515896914,2,0,0,330.7738992518936
476.8797362013135,46.60290351059495,3,2,0,379.26860581580513
339.3005403692863,62.46668820492565,2,0,0,254.42441737796628
276.7246458667441,117.58553835835025,3,0,0,234.86076311311777
6.737871200772057,104.29161833868027,4,0,0,23.66531585372705
24.809722165807965,31.64602025127436,0,0,0,15.709070687099755
104.42135194530259,42.22335850355134,3,0,0,89.76526357356019
97.07417376871764,45.88463456971408,1,0,0,82.0528708294815
131.10560362392346,118.65600154603777,1,0,0,88.49083508328216
155.94264566034212,129.8613858235901,5,0,0,131.94281804015012
183.23241930761048,100.62055928020719,5,0,0,172.82885979948531
213.1661565840939,62.96241932415586,2,2,0,203.01815282366627
53.93883753572726,1.3225963487722658,4,0,1,74.19872026943013
25.96915631662711,90.67344735773446,4,0,0,46.51491765524475
338.6025022911466,50.61695138471201,1,2,0,270.67703571195494
270.98073829732346,82.28824112971871,2,0,0,213.98107522657162
224.85138009895923,78.87021525011573,4,0,0,190.02320240432707
319.0477708783344,62.50816735467035,4,0,0,247.5782392990931
414.70130656575253,122.77036170442199,2,1,0,310.90894595889387
216.7079900125213,3.0090248961944157,3,0,0,170.4376021003225
322.3541352007298,92.57722298143648,1,0,0,225.0690111642552
477.0182507984036,53.27918287894098,5,0,0,384.77862869842215
420.61412545147255,92.79275856390946,4,0,0,336.1723754756537
215.8704011986927,87.77855418015216,3,1,0,179.36773969753992
324.1348347182978,1.3309403348794002,3,0,1,265.57048130121944
92.65010634839018,37.09400437270726,3,0,0,76.89370528834172
282.4584815230695,24.581897665491454,3,0,0,219.53689685113534
490.7575041135292,21.708225882524,0,2,0,386.82027355242644
261.5659820252485,94.70196893574726,0,0,0,195.26554837144238
464.1809580991229,31.141675382106197,5,0,0,355.5919738415447
206.63078564911405,61.71588994834911,2,2,0,181.09435775774608
499.42818945639243,32.10856938713834,1,0,0,350.6732141698313
291.7139174376411,75.43039704659289,2,2,0,261.32163861411874
25.923152146787604,93.67458984779584,0,0,0,17.90711334879261
295.4436243622371,43.039716030762946,2,2,0,267.8798880302992
140.91348436140032,78.39271027732586,2,0,0,114.24263833731621
21.078254407767883,107.23112067378607,3,1,0,60.02012244669377
411.3223858238583,12.249157071383916,4,1,0,313.87428487808165
141.4861703054742,92.38717787536525,0,0,0,77.45915227131954
399.2915342530168,42.00884277659943,0,1,0,303.03185015008467
147.66770356315416,15.944494348242754,2,0,0,111.47394470401733
101.19154516751827,70.93504698986534,4,0,0,101.4676432471104
487.0981091816916,29.41410150480513,2,0,0,359.44347007576687
184.01443723873467,106.7770330469905,1,0,0,140.0339009987574
302.68122466436444,5.576468239039897,0,0,0,209.39382102844831
306.94083894316344,12.824876515216669,3,0,0,229.69732355073637
282.43437367588336,67.7294963781562,3,0,0,211.67859583439457
457.7743930430012,76.56243193000438,3,0,0,350.16783972737096
338.8483303265999,94.88526638795709,5,1,0,291.1305446419866
204.84783703194043,33.7038946727852,5,2,0,214.34766467156317
431.8782903395156,109.42885306772793,0,0,0,299.48407016323466
94.62613506240238,123.90850417059181,0,2,0,107.91295724663843
274.39719501715666,64.87510946733227,3,2,0,237.95753574709474
475.5224341121594,98.86907744607416,0,0,0,353.21017762929216
314.57182679080427,68.23028609069306,3,0,0,247.72208306708464
409.3993829850637,9.03071382358738,1,0,0,294.7525242428064
328.51255914487047,42.39449666954074,1,0,0,246.56033061857846
420.4885774512557,11.37326965151195,1,0,0,309.6914395631114
472.5215005233956,128.55428550315176,2,0,0,350.06007856401806
140.0962551287047,29.773368569539034,2,0,0,96.27917563386514
88.98223522207583,82.66705452404344,4,0,0,95.30954043365774
244.57542141460726,36.96486325284185,4,0,0,214.54444612190494
352.4219012779868,84.92200799627037,4,1,0,281.57143179851084
117.45967032519698,27.352219813162716,1,0,0,98.74054951429737
7.030217962932702,102.08510856830969,1,1,0,28.80382568643898
174.75288233916913,14.405508368762614,1,0,0,133.20164299413787
484.5853710565553,116.36955201173643,0,0,0,343.59174551680354
349.0088929998941,109.25482003030328,0,2,0,287.3978279961071
203.65609475090585,88.24495467299012,1,0,0,154.69973074025853
100.32516818668597,8.763901528570221,3,0,0,109.4355093617968
181.26438850859975,27.11397368276068,4,2,0,201.4521300649738
89.07051948411774,111.71700743983988,2,0,0,83.63731937011077
57.62138154991095,15.856676459337368,4,0,0,78.98865731892603
453.83747442341416,20.271172520042608,3,0,0,348.32604492355165
498.83691749585944,70.72043208821769,5,2,0,405.39282489349915
86.2366475999162,35.64306715766468,0,0,0,59.82214275082607
31.988666644748463,28.869840992710834,1,0,0,24.20411113361247
168.2168980373751,74.85574614026348,0,2,0,157.6930653853525
233.52129447690058,48.434967939543775,0,0,0,159.82816191697913
106.38651730254796,18.272786580056934,3,2,0,138.01642893905512
154.20533134028645,69.53098978091037,0,0,0,105.06075812104608
104.43101416737056,50.311612426220954,0,0,0,88.99515912988514
388.2589813740634,95.48718065559002,4,0,0,317.71579404154306
357.7260819073941,13.358207501676596,4,0,0,268.2918948864618
319.301000301686,80.6797217129766,5,0,0,264.2947847613066
196.67283925420637,56.7441325026222,3,0,0,156.2709712079007
454.9752659505468,52.788043756812534,1,0,0,330.627138019201
484.9186080598349,30.197399441084357,4,0,0,376.3756930935862
90.95145974957893,3.9553836663524455,5,2,0,124.69226481043412
115.39125749887963,110.19959526740392,0,0,0,72.69020373329202
265.187358860183,42.433311184475365,5,0,0,215.5485853522389
50.169031794711415,88.54183516488013,5,0,0,66.45067241961829
221.04195741744084,123.18636197097196,2,0,0,165.72932341773557
292.9866760649665,73.44873875067711,4,1,0,251.78501250952155
263.4264177129799,51.62909732758262,5,1,0,232.950482353323
168.7997486236229,34.87556362533148,5,2,0,183.31236618130484
273.5106740082174,121.42569304417414,2,1,0,213.5897235140296
479.6064723581297,88.66998634664857,1,1,0,333.4187002967963
106.97861512423114,86.48658112335274,0,0,0,93.69174840676725
329.1415224050318,55.400582268886005,4,0,0,261.29781375822034
26.481363607245665,109.85633267276599,1,0,0,34.8261556335686
37.87612021831029,92.77738431123332,3,0,0,55.4746250615412
278.1549709906746,36.813825331532094,1,0,0,203.22007562919975
56.944894262334984,77.94522580325624,3,0,0,40.359200559144
16.06166027129438,55.92521409816453,3,0,0,27.916272647653674
89.89893383577099,0.856721167862694,4,0,1,113.44060284349113
284.60033964478936,104.99104609523366,2,0,0,215.83894073351095
353.15377248687156,15.967945359561103,3,0,0,280.2483882792592
105.22688924998309,66.29408578033984,0,2,0,110.26015212343084
335.78842141804637,43.70940510102603,4,0,0,282.40570900561505
95.32578389411852,44.471575356088074,5,0,0,93.75198721449361
308.66142618247227,62.05743484379504,5,0,0,258.53777409895724
208.92004154842044,129.61300352256686,3,2,0,195.81256564524335
328.6307571201403,53.08935848209185,4,2,0,305.001395987473
497.55111247722743,23.702799876154412,0,2,0,380.43463248347877
469.2193977901182,79.76882394641797,4,0,0,344.20449176384363
7.119470128871296,30.717402045137764,4,0,0,20.448665448880472
443.2921883593413,13.721387772683553,5,2,0,380.66353227668753
37.912943611509434,6.522642368570785,3,0,0,62.3898077840088
476.75806014912325,2.974565622558903,1,0,0,350.4076215496032
144.50371115434393,56.051404280438284,4,0,0,134.82458629096053
194.10724105357912,55.474351383541176,3,2,0,194.03128515105445
50.36091156198528,24.120902010133882,5,0,0,61.41203736395069
60.57501537281025,101.92247699025721,0,2,0,70.36358438489215
364.7365797885132,16.80518162958424,0,0,0,252.49535222206072
472.44445669540437,118.99123504310931,1,1,0,343.9089674888747
307.3205050023832,76.38487709362542,0,0,0,211.0211936771409
359.34575768577145,3.59012889364085,3,0,0,266.69310704069255
382.17502357559096,125.18644134655315,1,0,0,277.02533596534937
135.09306590370613,40.03236374096097,5,0,0,124.59850592951275
27.388667305506388,58.49674474512094,3,0,0,51.117895569399465
5.927008239988449,36.95493008929178,5,2,0,86.2779327679392
178.57139506223922,94.69476874439108,5,0,0,167.45957829320474
124.52479295861197,63.13842869354002,1,0,0,99.47008443039552
35.847273899346895,17.208484722325338,1,0,0,18.53414585205871
93.86650478436505,13.546513806728992,3,2,0,144.47613801496215
66.62695464263416,94.29880373219473,1,1,0,60.69645397176536
457.8647984055983,30.820582641065293,3,0,0,351.9421036655696
74.43227066228862,17.91313870300143,0,1,0,69.03715608082233
271.1359896739012,64.92558760971956,0,0,0,182.01924701566045
298.5874477805215,104.35948737971952,4,0,0,233.91697998673632
274.0272815657737,36.24175696350696,2,0,0,211.4122131189789
54.032934936914046,35.93610952110501,2,1,0,47.62623204242957
162.80518906652284,108.404563833849,0,0,0,114.11693422220274
30.378814569260868,19.218393293941745,4,0,0,28.687945978702892
200.85660747767642,80.17458693225115,2,0,0,156.27234390342898
98.35647097943804,124.15175278773611,3,0,0,103.40491201047482
283.008103975768,109.36940944504998,3,2,0,257.34877903771525
347.94015495530476,8.035980391364795,1,0,0,239.63552640900411
268.3993308013297,41.588413953011305,2,0,0,198.88257648972703
219.9471648226409,18.508680527040127,5,1,0,205.79286929009578
196.73004332406276,123.40128289932817,3,0,0,161.9694085564789
421.63742520801685,128.17240360887055,2,1,0,325.09381140717653
113.58719220730869,30.549092670204928,1,2,0,121.82885119171848
368.43807806679007,87.06087582773783,0,0,0,253.18210832773354
379.95375074635893,109.41212516612539,4,0,0,298.1314416719903
212.50400359901357,30.378436973881946,5,0,0,186.6143097479304
152.16379661669149,24.398482461727074,1,0,0,123.85429454246653
237.91803559275775,1.4574330221464382,1,1,1,197.91329428837224
51.14089331688576,53.55511940239837,1,0,0,43.73813456363736
27.73536595339954,116.92687011131314,4,1,0,56.07094005366209
60.24358372868644,117.38735437732535,3,1,0,93.59055696422081
97.63679057380195,16.606606576172116,2,0,0,76.54311508362143
254.5675260673313,26.565822468691344,0,1,0,185.2330985410156
425.3226348997554,53.04615302148937,0,1,0,300.61085284267097
121.64295433984506,101.48119087128126,5,1,0,142.60012974540004
467.90519531965515,79.54069285912472,4,0,0,371.48761491578557
477.6794149228267,66.80046665762814,0,0,0,335.2333865491758
479.6577793983766,76.9511449489384,5,0,0,385.252306289172
419.5935536647803,12.505960194298565,5,2,0,371.13659931583044
185.0933951948717,62.09627349313791,4,0,0,165.7723473620774
40.978535946298415,128.9682276400867,4,0,0,48.77234340298353
286.56527222441497,11.497999102081415,2,0,0,218.1337678194588
281.5473147489307,67.50206809253524,2,0,0,229.99061748888778
425.7380047192498,38.434404015458696,4,0,0,342.61801781176445
498.01557021832207,70.18872859205467,2,2,0,409.1881006090852
256.53786674727303,74.59643880438706,3,2,0,247.24512229805052
175.8759953646932,75.07147675553186,1,0,0,153.2448375184302
97.02134722035217,110.78714209041526,0,0,0,75.55755310199928
7.375913284598514,50.66716390757592,0,0,0,6.0
257.0112777819952,67.12604114664447,0,1,0,201.33682436510793
279.9817400177849,1.420691865807312,0,1,1,223.96540776048587
413.34454750961174,102.64157820536968,3,2,0,353.77160360082036
254.7655991069363,33.73340195886088,3,0,0,202.50098585148947
458.65183258969796,106.15215312526713,1,0,0,324.57516087697013
315.90132090286056,34.53302662944124,4,0,0,254.56567428296205
420.96643791943615,1.40250451412399,2,1,1,347.2546506974493
78.40935872983482,20.128071365148077,1,0,0,69.19658336169677
428.39138449964577,128.13877733438184,0,0,0,306.71329252829355
339.19620794970496,41.57416197323851,2,1,0,261.0268251728659
89.26535105697361,14.147107261657132,1,1,0,64.28013087109316
98.93296128227539,15.438644471347569,0,0,0,69.40847767862807
463.61780642688956,40.344552827439095,1,2,0,375.4482269510993
20.946603422934572,4.893855345179194,0,0,0,6.0
233.95479693137452,66.49351645585399,5,0,0,200.5415243330774
160.17026851738026,27.78631901361162,0,0,0,112.2080045264448
334.21333279922186,67.51038338159339,5,2,0,299.6832929815048
420.61654684665103,18.299348430898622,3,0,0,325.3495482510853
183.38717017050195,55.88143977227401,0,0,0,137.94749363897188
216.3165332248044,77.72919159216178,1,0,0,176.221276461926
491.04930332820004,8.059991983954042,2,1,0,369.769254834611
393.0386722912054,51.837410202637614,3,0,0,310.6626693888586
449.11604481123675,39.32809672865941,5,2,0,381.64980148966197
222.1872992225567,31.246776143522425,2,1,0,176.89738019683386
120.86772097213704,78.58950139098454,5,0,0,127.43372162845802
208.87241536629358,76.51045814950295,4,1,0,179.33504081385377
359.4654993265992,81.99097486810017,2,0,0,266.6807661761665
59.168050393809764,20.654747156227778,4,2,0,114.12168689953016
138.88220728017188,37.14220183210261,4,0,0,126.78007320779601
28.08477072848724,27.258241139360234,3,0,0,33.147801042838786
219.0121304773751,70.26546864971945,2,0,0,163.69082750441171
414.5856393099086,59.93853959725012,5,0,0,326.1881162531828
17.208525707515346,42.93818588705751,0,0,0,17.435131273829715
339.28514576954717,102.1819251528963,3,0,0,258.1710883203707
466.5854578843011,12.216586773089764,3,0,0,328.9131964833307
122.27929144803522,126.73656953823348,0,0,0,93.39126210596261
348.3492461601858,15.150730115991434,2,2,0,302.10258175866545
487.67544104459915,100.49920563388802,5,0,0,370.6516095452103
481.32763977546927,47.86992459090814,3,2,0,387.16095195901374
121.28995054942592,112.48408978713474,4,0,0,126.57627395330849
54.66387133997401,9.642093341941067,0,0,0,36.42089192815666
78.3998562584784,48.71382232500391,5,0,0,98.12325643653259
352.50765589866035,43.60764284503072,1,0,0,249.78319250010307
364.2506433493714,129.1104149693196,3,0,0,284.61558152451
338.7470980059585,128.1213693356513,5,2,0,302.8099218717326
171.35880193240786,24.67451462663044,4,0,0,153.55971958529977
89.03958518027046,81.89310489078406,2,0,0,80.46353028757295
292.4767405163653,69.61752458842223,2,1,0,211.27282572508085
244.42182065014393,20.068553861296035,0,0,0,173.64884617131153
365.7729028255402,21.811361793574996,4,0,0,280.52510730191784
223.47323894938262,128.6027247023421,0,0,0,167.58286255674506
172.62664886980184,58.85489917072125,3,0,0,145.57086709766443
150.27189579271212,16.354167960009555,0,0,0,103.84857734625808
109.67780842462453,27.922705036103057,1,2,0,134.28931048540557
136.5444562123974,34.885248742311454,0,0,0,79.25537012757958
51.941067227830175,66.4192442314205,0,0,0,54.00991437080313
176.69422040980032,43.62125683582021,3,0,0,163.20438752978072
23.10205711966431,59.15153216568973,4,0,0,41.60013134253562
97.27485434733177,21.644941643177155,5,0,0,112.6601813151278
374.6513700866174,42.4747297763758,5,0,0,304.8280700317214
166.10714939492823,9.141157053308024,1,1,0,111.08540066610561
335.7773234037852,115.66233555186034,0,2,0,272.01558363134683
359.85766692065226,25.837822031915174,3,0,0,264.23175022702833
292.6867446523962,98.39701760573604,3,0,0,215.99637959535477
479.5553819758722,45.44173246643498,5,2,0,407.93144877786904
15.612733978441062,61.67165146217313,3,2,0,66.35468222127386
370.63306204113036,37.863935129959486,4,0,0,301.3656881017718
479.599388750502,90.53736524395808,0,0,0,331.76829657853284
431.82450602970493,109.79103450571196,2,0,0,315.66395131776017
88.1068824434816,37.215124016146454,5,0,0,110.49910206493938
166.7760515946074,31.488293676267016,5,0,0,152.07095604353094
90.36366073885037,88.5872345103066,1,2,0,102.36782364389815
302.64764008827854,25.369897873803712,2,0,0,235.74533211428468
357.5330510798487,83.1791695292704,4,0,0,285.95196131935865
161.9515158347138,12.27565036017262,5,0,0,151.21807842341752
272.05575412222623,80.61783079488933,0,0,0,200.3558220989977
347.00568218524154,66.7428754213563,2,0,0,248.11614064000597
213.56320922246894,14.807743024920086,2,2,0,195.91354980071566
427.73768757545236,84.38347253239797,5,0,0,355.91751816135144
386.91721796746947,58.05243041442986,2,2,0,296.2079224633249
37.00944420603248,28.22495660622114,1,0,0,27.268942718621282
312.45702304996036,45.93994024128305,0,0,0,209.90696633984746
121.48614772507605,63.97327373306085,3,2,0,143.9940926344134
280.9715410103013,11.90204954436966,0,0,0,203.77730338711214
478.6597791033183,124.48923280668605,5,1,0,392.84014864100794
440.1356922533638,86.52308030757575,2,0,0,321.3905631068542
205.2356195419902,13.32954756740048,0,0,0,136.56712667932763
149.29935988045494,106.97208396269973,3,0,0,113.92635565005142
121.03084348208822,41.932141022998906,1,1,0,102.06486116850166
268.59486052947744,77.5839397727139,0,2,0,244.74206014253664
61.55298436273788,36.02856940534452,0,0,0,38.15989266951308
276.8911290234831,95.34277283889894,1,0,0,202.00653681310317
5.660151547942048,93.9911667500133,1,0,0,12.421128067209864
165.3055672191932,71.76564939341434,5,1,0,157.8806593530651
113.86748534613773,31.32032702130515,2,0,0,107.58627111225213
485.7533010305871,32.981494976578915,2,0,0,368.16858266408263
364.9849481871396,49.772163570342585,5,0,0,301.00083826879904
178.07842332880767,18.85158176151709,1,0,0,141.54722255751432
50.95831783265715,43.895242714820064,3,1,0,60.40346569064231
260.8162943718589,88.96609816228063,2,0,0,188.1745223166978
110.65670125639095,108.00988640772476,3,0,0,93.6145678098051
270.5326252196871,43.23569776413699,1,0,0,200.68792564752636
418.5043653185518,30.366733573067314,0,0,0,292.49367991313704
309.8173132901858,108.24353518356746,5,0,0,259.8163971114239
318.7252676747761,115.79152356016976,1,2,0,269.15651625535816
272.8099930860917,53.30279803056836,1,2,0,223.71787768767044
463.99648815254756,3.4975400004524007,4,0,0,367.49393139156945
466.29182878819864,90.34501071623976,1,0,0,331.74526946872373
258.79798453140836,101.92432070380683,2,0,0,204.15764914882206
156.35094613603468,2.3431529113772296,0,1,0,111.73691617573996
232.49556791032472,77.35401093439671,3,0,0,177.7851148182805
97.34616653682976,76.48793857174275,4,0,0,89.15390079182536
319.9904360824542,49.23202813722882,5,0,0,248.989000860817
252.54570621220543,97.46975236060891,2,1,0,188.9967463201063
56.133736517573546,55.663274954866885,0,0,0,43.04938095268187
102.8356516542096,87.98087373287733,3,1,0,94.84230363153857
242.41781831876577,67.22524960256975,0,0,0,174.23181911610772
444.35655040583487,32.30039861136971,2,1,0,337.979305455732
285.3634067123932,78.84511219131713,5,0,0,245.3535287952933
342.35982510319303,95.79810432995941,5,0,0,268.4994404518497
172.8191321232353,126.60773754681047,0,0,0,131.5375735324019
287.848639556896,49.41416308431375,1,0,0,202.23460778660288
226.45301220584338,8.381430806625644,0,0,0,135.16740723619967
331.26930674846454,128.43625875877575,1,0,0,242.74945631376136
30.034905209110132,81.0948657253197,5,2,0,85.32447739037778
249.18360703828478,123.0385595609,2,2,0,239.79267223154045
151.51634944626363,13.497521181445514,4,0,0,138.46161766915156
166.46160533256509,44.46439918315949,1,0,0,123.93562332625079
480.6541286212404,17.411770853454158,5,0,0,377.0993892938999
95.43393229213447,108.61632009566773,0,2,0,98.88878951701547
159.0664000264055,114.4445563858111,5,2,0,199.4406792852455
257.39682498678155,65.17052098375265,0,0,0,176.75878622532554
432.1983393340637,24.258808296063957,0,1,0,318.2509177270632
211.25169118715337,16.52546597516211,5,0,0,177.7481718869594
373.2133140396447,76.46133431042688,2,0,0,277.8596217151262
428.9051786163272,65.82892219608908,3,0,0,313.22342378928295
158.45809613181524,90.32258330779678,0,0,0,113.91021274952222
199.4113408516614,39.676944140598856,0,0,0,141.3443040924182
181.49533072573635,52.3078393531671,1,0,0,140.2539637246523
417.2636252658709,2.7769396006504588,4,0,0,327.5522087449267
26.95169666703257,79.31859585981877,5,2,0,91.28674770812704
157.6684389701966,55.00865777504212,0,0,0,129.65078998375876
341.3072360095893,119.56940239574823,2,0,0,255.15816103837327
284.8945322848446,83.43221870162463,3,1,0,232.054542457931
220.96323285037866,51.830283888460194,3,2,0,212.8070092518907
272.2743724745853,34.26659351353555,3,0,0,215.61709268225314
102.80436998501754,117.68704253899304,2,0,0,84.39313523995082
218.20472769596515,2.114459635267625,3,0,0,172.3124719146242
253.3429771672928,42.498620742810985,5,2,0,257.5988915371131
451.08861536752784,122.65572589244455,3,0,0,339.5799061534375
134.1134055879683,85.02429090760462,1,1,0,120.35432469273532
434.57510857164164,69.25347926682888,3,0,0,311.3139312610335
323.899493408861,26.459513329655564,1,0,0,249.54029967370883
15.068711378462487,108.33872065307033,1,0,0,25.89398059318005
363.69251176519987,26.545878137060892,1,0,0,263.46118386078626
22.59817938678227,32.272959097762495,2,0,0,29.653844052433932
498.70365777283746,24.94064857334118,0,0,0,357.79225390441707
436.95516040714296,20.559429874037853,4,1,0,337.0017070964382
152.1851550323226,123.93062447724436,5,2,0,179.77044214304635
132.41855894736918,78.2641074983701,5,0,0,130.86837420010175
193.8133356422764,82.91882716131221,3,1,0,149.0133943877937
181.3026478306493,124.06231053824186,4,2,0,195.91005804768034
189.30722010076363,29.974757166323144,0,0,0,121.4584005425662
162.5468903291428,0.7692800176999681,1,0,1,149.68567717431037
312.46103638992406,77.85487444413785,1,0,0,239.8032679990809
86.31051354170886,66.01983091914062,1,0,0,81.72004145819086
423.7607397607765,62.09454906177823,1,0,0,303.42331338471854
407.1392295955011,8.044427462005888,3,0,0,305.9645594816233
240.85918788835886,59.07653265472199,0,0,0,152.23171528175837
427.1013328128811,37.38274346179086,0,0,0,307.6050661499531
127.33680966499517,35.6934080391607,0,0,0,76.30689883057411
13.69490057346364,28.909605423282066,4,1,0,34.42476931411763
311.50792288976237,43.22868676809419,5,0,0,253.15430569177718
231.66515644753412,45.90729976864361,1,0,0,160.77678584833222
285.74645041645596,40.140850927059674,2,0,0,207.44767340800655
450.1730074641095,127.23785304353616,5,2,0,390.1930391508297
485.113158915142,121.25504111623333,0,0,0,350.36605193365784
319.0543041790235,74.68631293823209,4,0,0,258.8702846589174
383.207516976957,127.53712899334027,3,0,0,293.80441580626047
46.48517457614631,128.8557413414947,1,0,0,50.3352629896616
84.55421452129528,46.27216230224933,4,0,0,89.6339152962794
367.9363784517234,57.87438094616679,5,2,0,326.97980721681915
218.52590091206096,124.67803100800653,2,0,0,161.722946575936
225.75280885018083,79.12140590882925,2,0,0,178.72605583636366
157.76080240954113,27.680780768845427,3,0,0,123.05117722709441
305.6414098214832,89.61948688374504,0,0,0,218.8861834680102
96.65669748102029,26.74700366599138,0,0,0,64.37296500043678
315.3235582603783,44.116506677339956,4,1,0,252.83951358053653
91.03043428194364,29.5828212023957,5,0,0,92.55953333552705
36.59388718130823,31.847428071399488,4,0,0,63.31907600358463
168.5270559060352,0.6052256036816928,5,0,1,165.24220962660715
119.4144692948746,114.49214818592874,0,0,0,81.779599633381
445.0508610853845,38.4787643858532,0,1,0,318.93557504371324
32.20195966497017,11.228669337963282,4,0,0,61.06316901346685
92.42377782419081,11.30836273854151,1,1,0,95.2850545132683
276.61620476360946,72.28237593992378,5,0,0,239.438126430849
243.12825946949945,129.07967156941183,5,0,0,204.23913161509267
27.696749095477262,18.852920745124912,2,2,0,73.03098192064233
8.589951867496515,12.95083152345573,2,0,0,12.276251855563585
494.0936312707692,56.97950445227179,3,0,0,372.26578200945045
331.1231766776249,73.2330629993034,2,1,0,241.32020084897806
185.87603479627063,38.26944665413226,5,0,0,169.32418039645032
237.86396259330445,39.32787202680263,4,0,0,196.20733536062556
136.94230962487202,55.18194524036343,1,2,0,143.83192901880543
175.71252292813884,40.838929969578786,4,0,0,152.72149029309372
326.2770112977659,118.99310586390718,0,0,0,237.82869302744447
441.9918404393485,5.454094267781765,5,0,0,341.12279149046844
96.1443614251865,30.494120783135703,0,1,0,83.67486159968789
420.9789451657328,105.11186350956477,5,0,0,337.4124548369179
65.1705316115432,108.41455620644439,2,0,0,70.20815869128859
111.42115067625365,14.502160265346149,1,2,0,132.2604779987535
23.40176758457476,126.58924850165317,5,2,0,79.95171312716751
74.70187173603473,90.13613048688416,3,0,0,78.98402709085023
459.065057004705,35.43709727786743,4,0,0,342.3547657717489
232.4221795760974,59.28492242587909,3,1,0,205.09972373019076
43.44460158028501,38.62802054383573,3,0,0,44.58865720296046
480.0647848292858,19.502892481074518,3,0,0,357.0490493301929
440.1011923405318,37.85314841735897,3,0,0,334.2176520108894
378.56784782972994,75.4119518736504,4,1,0,311.67067220626666
467.0690320140411,107.37606032861093,0,0,0,333.037511541262
113.96406331370325,47.258779735645035,4,2,0,152.13594084808366
419.00280003999274,45.227200271219424,0,0,0,295.8790075232333
346.54564219538156,60.84009114057194,0,0,0,246.81733955047693
435.53082853600574,83.79222799536502,4,1,0,329.332181197904
399.47122504260176,97.7101141162002,4,0,0,320.0144998530188
176.51505627252837,42.4839356239316,4,0,0,150.7783240001457
388.3272758235415,76.22582081726806,5,2,0,342.2394362056679
134.9158699775207,50.61690936651472,0,0,0,112.66600509595514
167.65312069888714,93.13198054724018,4,0,0,122.7638988394896
58.41333002537319,21.407739667212706,1,0,0,49.29054284441861
467.862924910332,33.40023245666849,2,0,0,324.4973728109381
149.04666488313936,55.38785457955747,2,0,0,122.66492720290749
262.7081202598687,115.6239226897778,1,0,0,186.34893536806342
198.70975405076535,74.53235261558973,2,1,0,137.25709803641627
480.1644196888333,125.50149546758351,0,0,0,348.741759073082
170.8493396145488,13.426099086540898,4,2,0,173.7915857623658
390.38018160423104,59.822803774621526,4,1,0,321.90112693569705
428.4309965424341,54.48020890589994,5,1,0,338.64988490959047
220.62521625307812,78.0268029327759,4,0,0,180.35692442382452
192.19504815420098,105.55539913198517,1,0,0,122.31475524756347
375.13418136165086,109.38824332579783,1,0,0,275.8223663657821
456.88351025158585,87.12529913171608,0,0,0,317.3406001993525
378.6912078707579,83.39972735192197,1,0,0,271.2124057129657
117.42755096797347,123.37384046582497,5,2,0,154.0347987452546
444.7123349816641,49.879362212995204,4,0,0,327.8824642909589
196.85292538123238,108.26183084450348,5,1,0,190.17492591679525
290.23355883007747,119.79548452199823,0,0,0,199.7992457475624
416.560631549892,63.9001017544756,0,0,0,314.69957026383116
98.25540986324364,94.78333521842904,4,0,0,93.8403855671607
393.3325171603888,49.01258136721779,3,0,0,295.74032949461576
300.10058496578534,20.65427184540253,4,2,0,264.4264538300379
447.20411270466604,76.24550459141528,0,2,0,337.1510034207901
90.12534891255376,25.541314610439144,3,0,0,93.11707536091961
213.23770733525959,59.48788700450297,4,2,0,224.87103063466662
417.25733096908453,113.47431073268332,4,0,0,318.2459883589601
14.519693211096286,11.182364383278466,3,0,0,32.941111935584466
60.539676548993214,3.955709636404454,3,0,0,75.5106821962427
495.3297803145837,78.84212015964539,2,1,0,375.6497409845853
143.79511840222352,43.03797245733636,5,0,0,141.86578223896055
487.89388089335694,54.33190190036898,3,0,0,366.7810797848901
95.35311774929359,52.7423765255831,1,0,0,68.63544959974124
183.74174928863113,11.260629771243263,3,2,0,190.76913261380224
377.67037502926746,0.4636362483472922,0,1,1,310.37359652695386
330.60031158289837,116.79502157235436,3,0,0,250.2811424548599
292.6555879648825,28.31381291748703,4,2,0,279.1876080383654
267.3000920234787,55.39026894235748,1,0,0,197.51472316438472
422.5030196140464,126.35035356724022,3,0,0,314.52932882745387
121.2995386025294,107.47913565787479,1,0,0,100.88072683450011
224.02310886179163,14.031011184151284,5,0,0,201.144907939998
81.94888461744635,66.10747410963614,2,0,0,77.46981751353354
299.99108988669866,94.91027344435209,1,0,0,234.69595703789733
129.01949001430347,90.79106204989762,4,2,0,172.39250588376302
170.25182184997598,98.90944081258112,2,0,0,135.06346041846444
238.26910472864643,59.469105135444586,3,0,0,188.83494347488298
18.251439923048284,22.86998081293667,5,0,0,36.036984333780744
50.50927828081464,60.433417709518444,5,0,0,85.4524373449373
344.5349642505687,84.22534239252796,5,2,0,314.5438541788879
217.34014045516608,79.11697125867184,1,0,0,155.13705189487467
433.0711598899482,9.167866992518967,2,1,0,320.6964967592758
348.8626418038787,8.443816430684928,3,0,0,259.3910997035493
9.00996611542461,125.48351805017755,5,0,0,58.18844477388482
310.2726037297317,19.734709155170236,5,0,0,263.10046086100715
51.39380869955963,38.28012032152385,5,0,0,58.886078907167956
391.56192399629464,99.79248268030152,5,0,0,299.36865441271124
495.7963056978585,53.25801985701274,3,0,0,372.6706493846901
267.9434031495482,23.590430923804252,1,0,0,187.1883657675219
342.9758525960945,60.74020970027159,5,2,0,311.8320795780888
122.47050964290202,73.96349619923755,5,2,0,172.42696876856473
221.61088315812782,58.859659206149836,1,0,0,173.2559673140617
428.7671894570099,119.46298981137417,2,0,0,301.6567763104169
87.87435913439435,37.01090836293556,1,0,0,60.1289032292475
136.44012477881225,85.97318089095722,3,0,0,120.12193474991915
225.48966926658494,14.598313783286702,4,2,0,234.1370784899288
357.56320146278694,50.99710949632345,2,0,0,259.40077230971485
191.06255762385854,96.32912270604658,4,0,0,166.98442136301827
464.2274784925869,29.226202276630506,5,0,0,359.59572563827476
51.75624037801599,76.67023593507365,4,1,0,90.1023897196458
188.5480777846995,19.946813797177843,3,0,0,160.29449596226476
355.93229109706886,13.351219876978242,4,2,0,314.30696383284817
116.86344900243876,68.02025736025554,0,0,0,69.03984662587793
329.9245014436881,87.75142949118373,2,2,0,273.73479371592833
86.28739432253624,14.737718610482847,3,2,0,95.7817145174853
32.71024100653476,119.31091280847896,1,1,0,41.73980647705105
64.90277979058118,29.35039415067069,3,0,0,73.40804268558931
465.34246765139665,15.596790060709003,1,0,0,342.12514078837063
278.11668705507793,26.35085808552737,3,2,0,248.3917315443057
399.1911588624263,22.044419349139453,0,1,0,302.3026708739224
169.66397794800037,11.78770457968337,2,0,0,148.41484564999524
298.3660307032961,103.71910052123197,5,0,0,240.62303493500661
250.00130618397083,64.41991071673442,5,0,0,223.1051172353525
473.1402899041355,50.507527249228765,4,0,0,364.0401098480924
375.04944484678464,123.5816305079373,3,0,0,281.599921250098
366.61860259080663,48.2310903184228,2,0,0,284.27036762562676
27.94486836996837,21.70645438613462,2,0,0,23.267138768339713
277.0864861568271,35.62557595045752,2,0,0,196.62598420710677
236.16076968139834,31.065649366517537,2,2,0,213.5358723168972
464.28192197006626,64.83636634322963,2,1,0,349.0716017655768
132.38428415381844,37.89566611409462,4,0,0,107.45799723618985
138.56755937909168,67.08795238422704,5,2,0,174.22837267533816
208.6163931963427,87.00814524308255,4,2,0,205.0340167610625
125.46800813615613,101.04884214272352,3,0,0,98.38150704478383
68.946039315331,92.32051156474,5,0,0,90.51483785818253
429.4203490921464,26.726793139326926,5,0,0,335.25555965047903
281.34687957993833,15.066963501557991,1,2,0,251.31591562978306
431.37454588350056,70.51852068316262,3,0,0,330.23284212878156
416.41170887482946,25.858532857058872,2,0,0,306.5561086339078
144.61096562088719,11.041383830296724,1,2,0,155.16009601549396
276.1300349405156,68.52226458732423,5,0,0,234.6986476808048
46.19276285633487,42.48324406401341,3,0,0,54.029116562828655
458.0496825952254,98.2993715520055,1,2,0,371.134612498189
205.11004395725078,40.844911971294344,5,0,0,185.68188270747166
199.86971102506558,127.2332278172558,4,0,0,160.03497941329857
154.86390845588684,98.60801486389205,2,2,0,180.93939702365424
233.0285536317984,7.500118793552078,1,0,0,172.29953181493815
129.6208963399968,66.1534562463159,0,0,0,92.28590249445875
190.55187503441826,73.14066515783435,2,0,0,133.09314083952978
400.97378904951654,90.38935238860769,4,0,0,312.99714186733206
417.9564742746601,64.71358361438857,4,0,0,325.37439399986255
155.57032642611549,62.847667793894516,3,0,0,121.06613462065607
237.16214312363002,47.83201951808966,5,0,0,194.05250637117226
437.54078925862586,35.28997990689258,0,1,0,309.7586652969259
31.073299255700082,123.00602755697548,1,0,0,26.47823329011033
445.12675618791377,41.287567052468354,3,0,0,337.72681462090844
113.49625109790419,8.244772195442987,4,0,0,106.90815781056506
340.87692588611606,21.747016108143594,1,0,0,250.5437840361563
293.3630897103771,111.44596268536766,4,2,0,277.95730483235207
278.7056703536798,76.26234968603991,4,0,0,230.41940673928988
430.3833112526466,101.24147141901854,0,0,0,307.0768973629372
55.27821110410733,105.14160099816026,2,0,0,55.99109603265434
176.77887253618985,107.02073709743952,1,0,0,134.58780211347784
271.43510944065895,71.57978200679914,0,0,0,190.2803814274733
406.5879827032897,23.025677440883634,5,0,0,317.0647932068656
112.1393262887774,19.270257790698427,4,1,0,116.11867428272896
402.45027148026674,74.61797464876462,4,1,0,327.76092041548975
202.82104883449819,47.646865979137935,0,2,0,184.99515812792433
98.51235893467923,72.54627136194975,5,1,0,119.10896323063459
380.6982880195239,64.80211975092243,1,0,0,271.65139998894807
49.99495622990117,78.2857503606813,4,1,0,71.14240124511628
259.8098501673443,4.174532795753494,5,0,0,217.48139213558142
36.61851301163476,4.268768481916036,1,0,0,27.584808049671146
181.42683830310486,93.80737221030614,0,0,0,136.11152829308458
302.53301550816434,25.106541696953578,4,0,0,225.7873785206123
280.2771930361705,84.78580008496732,3,0,0,237.64079446262497
205.30443186280993,71.05486840288908,3,0,0,185.18573099704437
217.37875701619726,127.63328128260105,4,2,0,218.69389396329615
117.25092890862943,108.6027642547981,2,1,0,109.81217429305246
230.66188126993094,53.70748777307543,4,0,0,199.26261647481402
476.86115358181297,80.13366661211145,4,0,0,358.58643853867545
425.97419430297623,15.247629439311362,4,0,0,334.596090370359
76.89027019279018,50.23018558510953,0,0,0,66.14701871067037
19.741489723855864,95.40540634168366,4,0,0,26.51070976724661
467.09453479473217,80.94730593672497,4,1,0,354.5477447068914
265.7411261909701,62.98127216905652,0,0,0,194.3337525437745
271.2297224589073,22.94878352684698,4,0,0,217.82554298837027
391.45540787472856,104.40897040048081,3,2,0,330.4418705209136
160.77104206630665,35.511658573505,3,0,0,132.14091179292677
243.54424657382108,106.66228061604824,5,0,0,197.77084099003446
484.4881420076351,79.50917816334915,4,0,0,367.09984652288273
337.71360003154155,48.455085633342364,0,0,0,226.50287775761205
81.10379083791403,5.278678854798895,4,1,0,106.82823587881242
70.94724025225489,30.214449764768993,4,0,0,80.07977387937069
106.11105537483768,115.5792203134613,5,0,0,111.86089625672247
384.52227883825515,106.33666470644327,1,0,0,284.62727778096746
151.21161690110495,74.73093068143272,5,1,0,176.8495284948672
15.587479104164494,60.6219203150765,2,0,0,15.930503154203645
472.36630993530264,84.12854831291419,0,0,0,316.8550537419569
89.00814111548078,60.61225661962919,2,2,0,112.95309681039264
9.731302143293949,83.75962929348823,1,1,0,6.628600294993056
122.38014317974488,39.96253295582053,2,1,0,106.7380226382478
121.33924962347618,109.00463832849177,4,0,0,122.32162974356805
213.8925991686329,91.24932615048466,3,0,0,186.33494417731572
460.5929665925182,42.896831695599936,0,2,0,347.0325747889832
440.19653430065347,107.98659492704736,0,0,0,302.23750974558607
231.16280471630182,63.35452901091326,4,0,0,195.2448784858274
208.39545297094423,22.703052415869994,5,0,0,189.8883274094287
279.7294978050514,10.102620060458467,2,0,0,219.1533628508751
125.50973592602405,90.94874719283865,0,0,0,101.87115262007518
30.831571023349603,112.46570454704138,5,0,0,64.32084933874333
469.9159474047473,104.96745851729067,1,0,0,337.8265132172354
97.4159975142005,85.23463392887975,1,0,0,85.52208278004545
103.2083609766296,18.378757228619847,2,0,0,87.88122837510146
238.86786278270407,12.22572987696496,1,0,0,178.28507172745265
248.3486056959637,44.8538509915243,3,0,0,192.45688829565793
14.124933801867263,111.13841575183994,4,0,0,40.18133914836107
78.2375956931155,125.02571513986635,0,0,0,40.55988195787537
192.18663518756716,31.376911130119264,5,0,0,180.97371734475848
343.4466932877168,99.0724371756236,4,0,0,262.1508468326146
118.06713613180824,74.60299819793674,2,0,0,89.74896432829851
214.3921508896725,4.134957720132556,4,0,0,159.19677801465048
280.88580703465107,70.57912549128217,0,2,0,226.8698181703472
444.85328483852953,104.77225238861618,5,0,0,341.3883495324545
166.40489865192603,35.895961834723444,0,1,0,128.41781914161223
71.11134160242435,116.65701111615992,2,0,0,52.945417565262204
247.18975181931606,30.713852893702796,0,0,0,170.49034759095915
374.62719283361076,9.94150724372706,1,0,0,265.52193726416664
59.38057974110305,20.792110227143322,5,0,0,62.074521057939165
215.2183283899954,108.81037293371938,5,0,0,190.0618526629367
13.803644924929298,54.24976947513868,4,0,0,36.57059066039753
21.61179491538931,103.6029232708155,3,1,0,46.21481431997822
244.06191479224947,69.06029792864736,3,0,0,201.35073255135833
152.60766258471008,62.472686223276085,3,0,0,129.39086236069664
423.328113007679,104.8987096940205,2,0,0,310.2231627910025
303.06638153259485,55.05338952260887,3,0,0,243.83274824825574
229.69681606278021,104.26425503862788,5,0,0,195.20773195008687
206.92800867187668,13.086081445247927,5,0,0,177.52547324086603
251.13651269383382,82.72040602010334,4,0,0,212.09888804752478
25.017221450267364,91.33631735175801,0,2,0,46.63900939153608
446.93271142822664,116.88266149842654,1,0,0,333.1870172797633
499.16006208830936,29.162109433105343,3,0,0,375.3918724226314
94.83612680505584,78.5485844120707,3,0,0,102.66404631894889
64.58956756343677,56.323353279599,3,0,0,66.65351994683856
76.07084440705464,49.760315220723776,1,1,0,78.43141491845633
332.20839382601173,13.87276217755447,4,0,0,248.54762806046023
332.4132150331335,17.45033297734249,3,0,0,267.78346731530854
424.7224603278134,108.80849998819401,0,1,0,315.00770390346923
377.1540622709954,97.46794620232306,2,0,0,274.8172193276468
227.59638831782317,49.70434693784306,1,0,0,175.64063643534027
308.3634039748328,107.70325558065201,4,2,0,271.06376516542593
345.7009118321639,10.499604027065198,5,0,0,275.5481901769867
258.80455279118644,81.22060921431192,0,1,0,184.02576423250017
240.44723730356014,112.86288685285749,1,2,0,221.20742821564846
324.32323559311334,109.05235003406243,5,0,0,276.16900931519035
280.9499017429486,48.46175879244178,1,2,0,237.47702322949613
323.7514411412756,96.88040089740858,2,0,0,231.4876557428015
308.3631131118651,55.57085891758408,2,2,0,259.27621036175964
361.00229745425906,109.21796137069342,5,0,0,291.6538047557806
323.18773684752364,68.999053520153,5,2,0,300.3960539971199
262.2725307864473,99.43141638365535,4,0,0,210.87273982129557
342.4894215857713,10.214305697917323,3,0,0,255.8899135022602
227.49357276678688,76.70337630915216,5,1,0,220.23952295229398
124.62725685643751,71.53694307101402,2,0,0,96.79217337254951
5.702018966288152,79.29697382557082,4,0,0,25.329301695095896
282.1822528371924,90.43340902902672,1,0,0,216.71341886160806
297.3743371712773,119.35416610443845,3,0,0,228.96890993999216
486.1642375639786,102.13867063088404,0,0,0,347.782018058304
183.9317753766664,28.55293888653761,1,1,0,138.15769764059104
200.09595520001432,107.36651500797248,4,0,0,174.59895216920222
104.89079276438416,15.870358089962433,0,0,0,80.65730507389954
39.91447614247434,80.88581613775905,1,1,0,34.32826571336679
387.5382239665616,114.75799507197262,2,0,0,283.1497293012478
128.5921268479659,13.145867047937513,4,0,0,111.42740155425989
306.40790620986877,110.46004493033388,0,0,0,211.5357006974457
345.4476525950134,103.82069544993193,5,0,0,294.25511458791095
238.26216020936562,65.4908063990792,2,0,0,184.89709872357005
438.7942959484599,40.15668829840253,5,0,0,363.26941997382687
224.67844628496573,52.706969649300696,5,0,0,207.94152658916806
146.02976840567374,125.92555764102752,0,0,0,113.25784774634823
448.5276838660031,26.220682299740027,3,0,0,351.2972012927263
431.47432070372844,75.34855741788638,3,0,0,336.6094791160188
86.19977380282444,10.8212972242289,4,2,0,140.9875707481433
17.85070408519087,28.326098344592385,0,0,0,17.502441562757827
49.54285039306224,99.23113044968768,3,0,0,62.748325683276875
146.84096228413944,39.337875246868535,1,0,0,116.77380618177651
486.2686018621468,128.1495891731555,1,0,0,346.4932452452421
281.4654958146084,65.1062156021992,3,0,0,227.89713773079657
189.76455735448806,67.15011229000656,5,0,0,181.27168499902686
444.91446683330946,4.7209161136455835,5,0,0,344.65356027505914
229.30248408185733,124.34847744504458,3,0,0,175.74540928180915
161.04312105850545,22.650347314974333,4,0,0,137.51835040321217
470.9036667291004,69.98427784535754,5,0,0,380.6132379714846
425.5112447653756,51.43769929463511,4,0,0,327.0268041942232
422.6158458326233,54.02601109679875,1,0,0,295.57985997661325
258.5809478098555,83.62902158469409,2,0,0,187.58091389971574
395.7720074136502,86.07152802202206,0,1,0,280.2340153181239
93.77991283595317,20.05751993155259,2,0,0,74.18173494551593
288.7453639903406,64.946264905846,4,0,0,220.02970468749362
492.0037318095351,102.76206838844139,5,0,0,388.7472770079014
149.02442310639103,57.62724286178984,2,0,0,117.88969443424548
398.2044029775992,21.554581207455417,4,0,0,314.6955238800368
247.78681156799328,40.71820261036979,2,0,0,168.63153978994998
24.70381319493323,27.609343333659126,1,0,0,34.28980770384791
382.6946019187554,16.356270828928817,4,2,0,334.1983420304003
88.44172647409583,49.08554656659599,1,0,0,74.12958310461346
317.57941573071133,70.32171161574976,2,1,0,261.2656364497579
47.40377605325158,9.457698285962127,3,0,0,58.37213058568024
473.6993617605026,78.49703838966384,3,2,0,410.9804474298101
149.40332415427864,129.09317722204898,0,0,0,88.54365166213002
117.10002238031048,125.33624116261088,3,0,0,101.40076940569566
68.92252001283549,107.79255265989065,0,0,0,32.419985995861104
473.27108570282866,34.624344664312396,2,2,0,387.30330159093444
357.39235250844604,2.9129875423177487,0,0,0,252.96547353376843
372.1221399154539,108.36042137477064,0,0,0,252.84481837367437
252.20525788322107,7.24363015723272,0,2,0,233.5888215284051
239.9902537088893,26.73165059120015,1,0,0,173.37000501131314
59.46051528078094,70.77891800808197,0,0,0,22.11646262290167
282.12134231407595,23.189145088673666,5,0,0,241.2661426417668
127.22366507885127,108.39248306882345,4,0,0,124.86603450811363
488.6869397362009,101.03076051377778,2,1,0,364.04004863401724
399.30756530749795,98.25003574584247,1,0,0,296.15943774299524
209.43106979547935,106.09659006668495,4,0,0,168.0814939654312
79.91392305230885,28.56123143439957,2,0,0,67.05552046366584
393.73918711369805,94.75600889946742,1,0,0,288.67689095086996
65.41661470525142,46.186595336929415,2,0,0,68.8954589871322
98.7202079810499,86.68981874389193,3,0,0,89.26694860045158
109.70265628339257,15.862824722052721,2,2,0,123.49546220864475
280.66086594518174,91.72625540838693,3,0,0,219.34260475246867
394.5930437252313,126.37400462710134,3,0,0,281.7187602467455
160.58586496872266,5.6680474914331125,5,2,0,182.83868286806342
46.911558066268256,12.197757151721017,2,0,0,29.688944738166263
234.9465394445875,16.072779753941802,3,0,0,179.87005782765863
375.31456937416806,55.973307642369164,5,0,0,288.12637301426554
114.7236023282572,37.80142404129698,1,0,0,92.9356770356129
113.86265127949024,104.89961996029018,3,1,0,104.3952883705521
473.87737853662185,61.592341096125004,0,0,0,345.64280090780414
477.30609492399304,62.98985454951181,1,2,0,363.4968597612211
495.2805373704803,93.21495317229598,5,2,0,419.4182839404051
404.7915027795162,47.055967729646945,1,2,0,329.69611272399993
98.15116373813305,45.916942164660256,1,0,0,80.89382676392789
109.93085279563437,98.40043039157246,0,0,0,96.98057055404585
173.41149455358402,101.40542695877942,0,0,0,104.70758723326283
162.47560301007798,1.871840429266537,0,0,1,125.8704978975104
478.4812357936145,18.69276185929529,0,0,0,355.72433950345584
395.59162152643836,27.70276354930237,5,1,0,315.9514377190488
363.38435211996915,45.70806093852392,0,0,0,260.48240238611254
97.05179590877525,37.888250846153895,5,0,0,96.04926337490826
455.21515188435313,86.90760629047594,5,0,0,344.78252214384025
414.79583785555604,107.65758039438457,4,0,0,314.2572303427273
86.00271145732223,24.97130770628314,4,0,0,107.30641107589557
436.2293143206814,73.1874078782533,0,0,0,297.4275876619075
139.7625305033833,47.816112640534676,5,0,0,131.97196298652815
45.03052418689249,65.75112375598805,1,0,0,36.694545647092035
330.12704172453397,80.6985194318412,3,0,0,262.8779306252704
328.63330639524366,116.16797642866145,3,1,0,272.73643128084433
51.991344734980956,24.998046817546495,4,1,0,75.46955453646285
162.83164542360828,11.310856317287845,0,0,0,86.23241666060814
496.44315881649163,81.53754947589582,2,0,0,356.8273787033901
340.82120016932475,51.237010340441444,3,0,0,251.39749681090535
366.38720746864794,21.177350128088513,5,0,0,305.0544014248445
110.39405637413131,15.22133175612981,5,1,0,114.63572194448355
43.99712514693759,72.65827229362388,3,2,0,103.80822641070846
142.06633642176413,39.06117728866543,1,0,0,111.15582052024773
128.20470067063002,129.66542934617712,3,2,0,158.31061618691297
121.09932987028628,52.76710651299282,4,0,0,134.58381997230185
100.41338933408458,27.59725913947375,0,0,0,62.385596445396324
289.5040668744251,81.75037586524611,0,0,0,189.77631039599865
167.41122054170177,31.7531356597659,5,0,0,155.855617345646
411.07078244852755,64.23118562005095,3,0,0,320.3542984098892
96.05397183445508,62.734903883730965,2,0,0,76.2188536947576
234.99040007992951,58.962491863045834,4,0,0,195.0030537779953
11.760629030909591,103.49114051504473,5,0,0,55.25496436578524
243.43274961532006,28.159690190603907,3,0,0,203.49742116778597
32.63991933385482,117.5599496591611,4,0,0,46.603975424181044
488.9731383769586,102.87426541775946,2,0,0,361.9995975883185
396.34310368195435,43.30590735163209,5,0,0,307.3501547748638
247.6051809350454,23.478325816418007,4,0,0,190.53047313219957
47.860742298778376,36.33955318587637,5,2,0,118.00806559671223
298.2604931912551,43.242712098180185,4,0,0,220.13798161441045
380.5880565974294,72.40131194491607,4,0,0,299.16932367632717
99.40504023734891,6.027861945774518,5,1,0,111.83561453476544
286.26312868980796,118.8666868807669,0,0,0,207.00693199088732
408.0343946995196,12.827731365944427,2,0,0,296.25930550695415
385.2826499349266,36.305541233004526,5,2,0,354.2387736364928
402.48104884424066,14.207366933885655,0,0,0,282.1042586837928
440.2650953105113,33.367467448335816,1,2,0,367.0383519639015
469.1526405689378,108.89759641914509,3,2,0,390.73627489316283
205.7329718257503,79.9728554798215,5,0,0,171.77491606266028
286.5407057488242,29.552019261632488,0,0,0,207.14710833854852
396.37646539257736,113.3286088739139,5,0,0,319.5534811878613
350.0842079031627,104.09256769840302,5,1,0,291.15516880886867
497.78251299086753,97.97440670180548,5,1,0,389.6406636544628
11.77043729679885,110.19225079014268,4,1,0,53.854273701695355
180.7909415813164,80.55445859738097,1,0,0,126.13014097305827
144.10882350375022,65.1868568274602,2,1,0,117.38372667157068
134.84634583193963,48.61155340228062,2,1,0,123.33291014294917
115.15224233694846,29.08932265300079,5,0,0,115.38656335491027
356.0163012035384,72.46351549409633,0,0,0,233.62271257028635
46.955939271284315,115.63400494283148,5,0,0,60.48837667885539
372.09637280195244,77.21763256900225,4,0,0,295.1088911898507
348.24579179805534,119.54889202368278,4,0,0,272.19280577047755
129.14804558794373,46.39925804711126,5,0,0,126.25344224643351
130.1527226667548,90.3679364285747,2,0,0,108.63090895392162
316.2859897455286,84.32651142014335,4,1,0,265.16740378210716
382.27469721442054,87.15639972815644,3,2,0,328.4859591721516
438.86037847824593,83.85546159130304,0,2,0,315.83183833147336
426.8090841079655,28.81510774182518,0,0,0,300.7799946976108
482.6170821111073,18.666816776809366,4,2,0,400.82381805793534
292.785523191573,127.22167331016762,2,0,0,221.34781669361735
454.784502863478,5.888366749525156,5,2,0,402.63359199573614
405.21407026390335,60.80574331367514,3,0,0,297.98130600773294
447.8604740354367,55.26044122844205,3,1,0,347.3691800618489
10.755167636256484,46.80246456795991,5,0,0,47.885275127141284
483.12198097357646,101.65790096497224,3,2,0,395.8415141200597
239.39743060900676,96.89553748062707,1,0,0,164.40474908444088
400.10057983954727,117.67924005889225,4,0,0,300.3888726602276
67.96603907220153,51.413378404299884,3,0,0,69.26508723206538
200.99084242791716,73.34333863082976,4,0,0,165.09267183874448
139.3730281953905,115.99991615447568,2,0,0,95.4305794522762
149.37109139796382,129.20024817119997,2,0,0,112.655317042238
66.01153187568647,126.00826710749614,5,0,0,70.89123293307239
403.85309710878846,93.31970326493544,2,1,0,315.2083409093395
9.574945717633689,18.619582515323348,1,2,0,36.60033239520772
159.69020120767524,3.014181533093457,2,0,0,139.90609159407322
91.33321889212544,107.27838633238244,4,0,0,112.70796016364079
296.57427560112853,109.3224631839373,0,0,0,202.68126764793385
130.8549392941992,97.02691807425104,0,0,0,86.84423728848145
133.20423499140932,36.390053179898615,4,1,0,140.3203746005625
246.72738127768275,83.17632174780847,0,0,0,183.91658179628516
328.08107447375824,41.11229743598565,3,0,0,248.75484832703512
65.04582875975599,58.58427199312021,0,0,0,41.95698971170998
91.8781689704206,49.716561047466364,1,1,0,77.1708106850321
127.35149857428621,118.77321128270722,2,2,0,132.6299621403473
487.00536598839045,30.440452996703826,0,0,0,351.97198118040325
201.59048747174558,75.08941759458753,0,2,0,179.69798802686705
301.5000948623581,46.92759877440169,5,0,0,242.29552408554252
124.56369229440905,86.19924454884935,1,0,0,95.70884325401663
247.7774649529565,73.39320835307174,5,2,0,243.49683216378426
41.68899132104924,120.11709857757226,1,1,0,68.15893986773096
22.197362231551836,13.209579721157713,0,0,0,13.42951499354165
237.0230957766228,28.683309168379242,3,0,0,195.5721837881071
202.33634732161397,99.62523529803727,0,0,0,146.7379845396337
72.75575824745471,47.94228918632964,3,1,0,80.60118362483891
345.3627073157632,21.55189220973411,5,1,0,292.7477928166353
496.4872279951359,65.43176370190041,2,0,0,366.7559850752782
200.84517649237267,84.7784680094802,4,0,0,192.95401681268712
314.15652477911027,5.827472839954817,2,0,0,235.28372433391144
481.67309147042045,37.91084561776781,0,0,0,316.543335406022
416.60981136120324,105.22492990048558,0,0,0,313.77888103523156
234.45835053482944,67.63179365932525,3,0,0,182.51324097810044
370.05729480766007,4.599297972531598,1,0,0,269.1951085120912
68.4268449240094,36.65363068571111,5,0,0,79.40731136979034
258.4914084545806,83.08828527732479,5,0,0,213.07427791300455
143.1348372040686,25.916731045143216,5,0,0,126.9683988181872
84.77602550859974,107.56088280852386,3,0,0,63.41952306427402
216.00904859599476,87.95486792087635,1,0,0,153.2195618165775
69.85220444463914,61.27927792321311,1,0,0,61.13567362084612
350.9976285463704,119.03109153868203,1,0,0,240.14527656001502
230.83882180640109,50.93410022020602,1,0,0,174.69314226338952
267.9165931195086,30.559543373331085,0,2,0,245.99532121809742
77.45608964073772,85.98238902847112,4,0,0,86.05604815489119
74.18697224127976,74.52837437111931,5,0,0,75.86199807323513
293.7906404537614,43.58222712105927,4,0,0,239.80424680565648
492.57982517557593,44.67639297211703,2,0,0,370.72190884564674
52.64403870267418,51.76734012243323,2,0,0,63.2985663276576
146.43705714006174,37.848013772318005,2,0,0,119.45662736022467
435.3822626862543,92.33138282691992,3,0,0,334.36860840698915
40.774646066342285,84.6765926566567,2,2,0,86.83398526315843
438.5634320766409,57.30109483103105,5,0,0,350.994594154146
264.5215617705018,51.72110785130083,2,0,0,203.98624860299606
207.0920530935808,47.45666501676166,2,0,0,154.8329656465341
158.29187935397064,36.85088178099296,0,0,0,120.32523760340665
152.07299327328172,11.140566210417719,2,0,0,116.92322474756489
156.372278312492,34.86660911792507,4,0,0,162.6027571058373
442.9775250752969,41.75617533009846,0,0,0,306.93161526247906
363.27863893651886,71.19892081449463,1,1,0,279.85521401458044
336.51288887641954,100.59250618014647,3,0,0,247.64090861988035
400.3808287312404,51.44127882842412,0,0,0,278.3311566301355
132.27175818705177,122.81839776077193,0,1,0,97.06532804870227
310.93119198046907,107.55549524735112,4,2,0,271.9754535232319
232.73278828418572,128.02424022488688,5,0,0,195.11228718100972
392.3086094240957,113.90639533539263,5,2,0,352.167106711286
158.08177468427633,80.17437341021929,2,0,0,123.7604858674431
323.3734153505984,77.80230741617345,1,1,0,255.2002936362569
441.6951438495702,16.838396478048214,4,0,0,332.2020882037358
204.0644857164897,93.9119023559038,4,2,0,215.12143135890935
37.977933246893414,78.02689148704728,0,0,0,21.47477887152514
260.4451570591874,65.90117344147801,1,0,0,201.2062348059321
176.25638146447784,90.12729343244752,4,0,0,160.26658792740295
337.7515633708516,57.72621956893918,5,2,0,319.529901924389
475.76129775056,68.1017561130772,3,2,0,391.9791945516999
245.37611740843926,51.785799624423326,3,0,0,206.77088361457766
235.76416392698926,93.25821613818968,4,0,0,180.2820592607325
329.0194760947728,113.95942617122546,0,0,0,236.26561764801497
56.231264278816006,109.30984208723834,3,0,0,62.536678201478324
130.48556351788224,102.18328536643095,0,2,0,135.61334111114377
459.89476612269726,1.792401590791619,2,0,1,356.34996692337114
336.6215936150643,118.54446030406972,2,0,0,243.15879359624665
11.654801771791046,35.73384369404121,0,0,0,6.0
106.28960891671483,115.43661258523888,4,0,0,103.72167311407945
343.00444668430504,25.605853401618948,2,0,0,254.17973809457845
383.3776052684742,57.15394768521585,5,0,0,314.33180857219213
420.7304884736507,97.42184326249878,2,0,0,319.97080758402745
149.62751767411223,83.23626288603243,5,0,0,142.0498679459344
465.8591551573935,54.06985194382589,3,0,0,350.67276435192855
278.70871232105674,88.22110137623619,4,0,0,235.11707300878018
349.78681608200696,71.36343630606314,0,2,0,280.7038807845742
300.38573707605445,35.8457198626192,2,0,0,224.59962789428528
65.75632706393714,84.02282791462817,4,1,0,72.31156166044187
481.7417563955155,26.55212122478804,2,0,0,362.36010465662457
65.82341204760556,90.2184769536915,3,0,0,67.25526485235346
131.1665684235359,0.40441409102156434,4,0,1,149.6198546634708
407.7458007103752,71.34042678903006,1,0,0,284.15744632414874
311.2054959430452,52.13879158229833,3,1,0,245.85174336295438
419.8838368612967,39.40349059425315,0,2,0,340.90326668255045
260.2894132451522,67.04203574050288,4,0,0,215.4694148918965
191.61165150648426,83.89051222966545,5,1,0,169.60711563581222
461.31352227615355,125.49059460775044,2,0,0,348.33610739954
22.944897169823452,108.29838368545269,5,0,0,40.45324797544393
428.7844590747577,93.2294848008954,4,0,0,338.9230256731119
119.2548036679519,62.265698518289035,0,0,0,75.36300728008625
425.12448223821406,50.978735556366054,5,0,0,346.99114952177877
73.90232364135838,4.228855096179638,5,0,0,89.18235992902788
292.20838702681755,46.68259739767626,5,1,0,254.36120432349023
444.61341991067866,110.28902802744015,4,1,0,350.91538405839
239.4021252149508,49.9231956569177,2,2,0,220.17881525500323
374.5505035326795,60.00604987807904,5,0,0,301.13523554298655
403.31245083850143,35.33847512323762,3,0,0,312.6420918786709
369.5646333148057,35.637258645737674,3,2,0,317.90243845894685
463.0382197529262,8.043328915927292,2,0,0,354.41128382579944
226.18294410736468,79.7945103305741,1,1,0,169.23330608981496
90.6970923867521,58.249022395895025,1,0,0,78.96740985734128
28.666476532727494,78.7749049738033,3,0,0,46.91273765224583
126.99763547056503,71.09529700375086,5,1,0,145.74599341869165
75.88276442071984,103.84979634863272,0,2,0,90.65259837249862
281.18462701006786,97.63154860049144,4,0,0,230.24808404106824
96.54794191980734,100.28900090792432,2,1,0,94.41434557462404
24.272185108238734,64.90107090241783,0,0,0,6.190012553624475
22.814965289990592,46.004575676010965,5,0,0,55.64912275783512
416.6269016906065,121.34675676928387,4,0,0,352.31873830044003
297.7677160642973,7.0550705831520135,3,0,0,246.27151426805415
182.2522244372222,19.84077002052994,2,0,0,136.0296747727612
447.6428811564222,54.54788198296316,0,2,0,335.778527689484
39.74732264681823,79.81449483384145,4,0,0,57.326590995246455
490.25942600027383,1.0660487248738137,3,0,1,395.41542776500734
310.0644361759582,93.51196651044846,3,2,0,276.1211817040959
95.81480571457999,72.63445056268891,4,0,0,113.43674973439825
341.13920399359944,63.01135862800028,1,0,0,240.98190979268787
382.8737235928635,55.05435504762287,1,0,0,279.48855853442416
217.52467776853337,67.53331412628118,4,0,0,181.36920828287282
431.50814009154595,21.03214548262719,4,0,0,339.97670722847135
79.6125416117528,14.132526106007727,4,0,0,92.19636661881927
143.02460387091614,37.652872237739,3,0,0,133.2562578510148
51.278718984074935,92.23562295809221,5,1,0,80.08133537128631
109.38453110063932,76.47742489861453,5,2,0,160.5327407765753
123.17076189601678,62.41599229047164,2,0,0,104.44890774818654
459.2284295062465,74.29772556647485,3,0,0,357.9987220301933
43.66429593182232,72.70354169511461,3,0,0,65.91866899700275
216.57048449291617,39.9154503136903,1,0,0,160.23803845679566
268.5373501773219,12.669273141814358,4,1,0,221.29066458366856
449.85306163206957,116.58170792619659,3,0,0,340.97647138308633
498.8596282373007,77.98846414110889,3,2,0,418.6520040540669
377.92711688531875,90.70723995851071,4,0,0,282.02668389612586
485.5415403316696,60.31963916770417,5,0,0,374.28169335665535
394.6150606052575,98.34247539695313,2,0,0,299.0951687840671
481.7853072808512,75.98464431722674,1,0,0,323.99262459070513
355.0990093425053,6.99414587263473,0,0,0,241.35066790752853
44.48289559828018,115.71261460117985,5,2,0,97.8824486379867
203.95049256137486,39.719699082425294,3,0,0,164.81366201998173
325.06565548222284,17.925801064773612,2,0,0,240.96181870465495
178.60566217985425,11.445331001561051,0,0,0,123.34850824541525
140.32503946632042,93.65724079947441,5,0,0,123.07307265211935
290.81263723088006,91.51588768456678,5,0,0,257.2073904017435
467.0834289677053,91.02107622572518,4,1,0,362.03508365822125
22.316027390496014,119.04786044860357,0,1,0,7.625272007997422
385.76944575301167,45.36259285969469,4,0,0,311.32511529366974
362.7500026320904,72.94729732666002,5,0,0,285.08304571672755
482.1569455672021,80.53442578926543,5,1,0,374.4372241920464
465.70205505460905,127.33263771364014,5,0,0,370.8329276856278
382.3051182118755,40.60499868341694,2,0,0,279.59276232752916
262.6023385178863,124.32305598751226,5,0,0,222.88273506174875
106.11243885059233,19.335463300709577,0,0,0,69.20088211386224
274.8916805711593,99.32018928361946,1,0,0,197.0747922776079
383.84923699022863,82.27516700265366,2,0,0,276.41922493877485
448.3562602557571,106.19648484535837,0,0,0,305.56062589489875
395.9074445592218,3.729124573180128,3,1,0,341.3080238036412
101.65713291957172,10.157035582077256,0,0,0,64.30609679650478
301.8447255428894,9.06045134398896,0,0,0,199.901462088013
169.42586246802173,77.08472921464741,1,1,0,145.9688559317057
9.55680535836828,78.38168878481994,2,0,0,23.544630071953698
104.1093632153897,117.79363561614691,3,0,0,95.24567525235624
61.04422171705739,60.78845688739784,5,2,0,110.69880269114957
422.1459661520369,8.846377150645313,2,0,0,308.7266705495522
132.96059481316695,27.238822210927005,2,1,0,114.57808973100123
145.92549459933997,1.049502326319578,3,2,1,188.8350601654884
480.1686030404477,100.97288826669265,3,1,0,367.30726061581953
192.64792790918182,106.02792679450069,1,0,0,153.48252244747388
9.744891871475307,129.73225411693767,4,2,0,71.19575395533377
145.50384343133757,53.58527837690226,1,0,0,108.06228679571382
64.05329239789717,2.508788802207027,5,0,0,72.0220433769044
55.89023805924771,30.514884593748388,3,0,0,80.35447133556968
43.35620861719601,76.40995279622845,0,2,0,66.73918469425118
298.6634377368118,125.05258571685573,0,0,0,210.81025181366695
98.72712319678003,13.46521169120326,2,2,0,136.8195530804307
183.81518305030016,15.804492620896562,2,0,0,147.90044903757052
431.6987694843583,91.22866808626259,4,1,0,347.2735415936097
215.04737919915644,86.73691715280144,4,2,0,217.13572455157887
458.2672182755606,32.5658261905383,4,0,0,345.31585854493477
251.4793364308251,105.70882283188746,4,2,0,253.26566362188086
202.4241243456791,16.741238212070215,0,0,0,130.14043535853062
376.4425189098973,120.34643982097877,3,2,0,314.5334661066274
41.22167389016104,26.13415094321478,5,2,0,94.10423073378504
49.29179957629661,10.57580845399065,5,0,0,73.05553834366275
327.7269883918655,44.137871241601104,4,0,0,259.99415975533987
246.0356530534279,24.419367509490844,1,0,0,164.10801397309342
396.2555489080091,68.50235925468428,5,0,0,336.5663857413612
458.55406448504806,89.2900498583244,4,0,0,359.32372688192027
197.24160444741602,63.81980520217786,0,0,0,134.8105546790511
300.2229631593999,85.8789531354271,2,0,0,230.22210276608723
252.8448307586784,47.43966687199797,1,0,0,189.70159166279203
490.8972745430043,3.629937641023199,4,2,0,408.3444774192195
416.38678164151463,126.62833614926939,0,0,0,297.46483840726836
456.31016559729,106.5237555901994,2,0,0,340.1517438309136
130.89834335091408,9.54444713100165,4,0,0,131.02160651890588
387.4005794654842,58.39293150032348,0,0,0,274.0807793531674
136.40924637383623,82.55247910934371,0,2,0,135.1836080071259
108.327554047053,24.777255174442924,3,0,0,96.1867048851962
472.4117490294977,75.13851947716029,0,0,0,329.56632936225327
14.555686275343989,69.37432035529932,4,0,0,32.14899903420318
482.8674083133977,27.07447450951162,0,0,0,333.61120046499235
78.88463900945908,18.357340206068923,1,0,0,58.699657353571666
410.62185048766776,98.66509765042287,0,0,0,287.7279391046393
141.58166376871102,41.93623799945238,0,0,0,108.99302525892533
178.59765207821005,31.725269399491633,5,0,0,158.65532572954368
112.29506710438255,95.92418586477852,1,2,0,119.47360909429983
294.82945102813443,95.68892996298766,4,0,0,234.28353123901567
177.30729601639766,35.93221532370979,2,0,0,139.12697533938388
330.4095545498583,113.43389996274098,3,0,0,270.1139052221696
12.745422381322658,89.4725214594045,5,2,0,77.58447589372392
36.86556733994461,44.949348316799956,2,2,0,81.47275765640163
54.332270601968084,55.573654524005654,4,0,0,70.29949715651577
212.40187422856437,94.47225917098031,4,2,0,215.28940163873497
408.32410546668814,27.50589827641396,5,2,0,351.60577539823055
444.6480656372994,60.938903021779126,1,0,0,325.78221030862824
126.18131633014588,84.96258449355295,2,1,0,95.13843125611326
289.31301349831193,70.13481124113272,0,0,0,195.03596064987542
385.34067138283723,79.08268496758413,1,0,0,274.33077101378115
147.9705678102063,71.00762493198135,1,0,0,109.6290475568205
207.45882968445525,25.899567692702615,3,0,0,168.79816702625357
264.3672303294284,53.32669484644078,1,2,0,242.3332157381316
71.76304897198361,69.15811441208093,2,1,0,79.72778833430957
17.861235394261257,101.408156504973,4,0,0,42.92775544529871
80.63887561255021,85.00755083204054,5,0,0,89.89823696332911
315.292542520499,55.45682287417152,3,0,0,241.2310497124651
41.44103945917243,126.67197818068891,5,0,0,55.041956991694896
98.89970060081352,14.013417818364273,5,1,0,95.84419873853496
172.23767341917534,26.88463291214589,0,0,0,110.10201833102718
43.545681831651336,44.370639304116324,2,0,0,55.67572395138591
99.89113922500904,29.71437000842832,0,0,0,64.10597216781409
456.078545546838,81.30745958478147,1,0,0,324.4155057181888
14.553070452357456,5.141594813713183,2,0,0,33.86218278065857
328.44880246630925,23.06678195554407,5,0,0,244.0689388297298
195.28242080301652,38.13514089561857,3,0,0,154.17230752013919
337.9611260190237,88.83495076031114,5,1,0,273.6794895483773
296.40240157988524,113.86243473554664,3,0,0,233.46742918338828
115.63188340554892,103.80393017189708,0,2,0,122.63460393267793
424.3686963488273,23.670521322533133,4,0,0,333.51281590018664
248.51048939163155,73.50274859733898,5,2,0,260.99313333474976
412.1553293621685,3.902943894809341,3,0,0,317.51913251690206
205.97620541316851,40.369780795871954,0,0,0,147.63542651936893
492.4193491880433,104.77789332768248,4,0,0,398.29061192528263
386.3922324581417,59.36654278663414,2,0,0,267.99593507847516
483.1453515307239,19.492371895858494,3,2,0,418.45015705318406
259.5916070603801,57.01193959348065,3,0,0,220.51854632560602
239.47711048389672,25.744280310089678,5,0,0,203.70664877593455
378.94963561600264,51.11488952231517,5,1,0,306.1304784353852
440.74417519164797,63.41835145721964,0,0,0,305.18889328440787
482.25216895345125,45.4425546264337,3,2,0,395.41652841249527
165.65319348608736,121.8059635564019,0,0,0,127.69887465172116
400.35876405210627,73.12893868232965,3,2,0,318.00521354219774
109.26957082959066,109.57604761309658,0,0,0,95.21907990922789
275.0593016389954,98.89471111722543,3,0,0,215.75111635196924
94.02483346255359,85.95162020481095,2,0,0,91.36162202747333
176.96169406641775,64.59553727933569,5,1,0,158.8477281518598
466.02239176719735,0.2825918916063752,2,0,1,367.8697574926759
77.3148963876776,79.7507880717709,0,0,0,58.055838688017474
318.03844309192226,46.2744688903247,2,0,0,243.97388476069094
298.51236509906465,15.309081684171442,0,0,0,204.48840304199706
64.7654845909483,57.8014142695701,5,0,0,78.272904943368
166.35962666556202,95.62193189682961,0,2,0,142.31476647237176
283.67584473505656,125.01811331083151,5,0,0,243.118610881487
97.65341144930268,48.633635845870664,1,0,0,88.21477777183203
401.30870992434365,70.55402883164697,2,2,0,336.21756029733046
486.21747221970116,110.66176983726605,1,1,0,335.29811827549355
111.30590298142367,43.419924593501925,5,0,0,126.77928149937445
97.52142257133508,18.493441846206,5,0,0,105.91085325656901
230.1928605397351,36.64463806024958,1,2,0,181.79952925935467
375.1438121843159,116.88596787509044,5,0,0,285.4779302469516
144.39230206644945,20.721104100038907,3,0,0,114.04097649249786
14.840554805153799,42.798737930881664,0,0,0,10.47200070034494
272.9042108762825,60.403240365044276,4,0,0,212.24476856656034
478.51728104481725,110.1247190538196,1,2,0,372.9673616125647
198.68204342643804,121.90272687488671,3,0,0,170.07150589287022
212.9666043206347,55.35534025232313,2,0,0,175.415831353273
484.60634997144876,121.15402628595703,4,2,0,415.42041614376404
348.8307677552305,20.989682331508092,5,1,0,276.50949310387256
360.99010180685195,20.390797946528153,0,0,0,263.30355439490614
283.5374926586785,123.40260655252372,3,0,0,217.434002881807
487.4315593773046,66.25841735868306,4,2,0,426.532313158219
345.98890979065027,24.16801859601401,0,0,0,246.56995916249696
448.0412120445589,63.43874817482304,0,0,0,327.2119345756333
351.1925385379445,101.81745019927669,4,0,0,281.7059388621706
368.882333295996,107.49964754405808,3,2,0,321.8830597276573
148.753406460412,112.3160033644015,5,1,0,146.68957968700406
155.2219555168404,74.0442174013644,4,0,0,149.23556982581303
392.5774015401345,112.70298186782445,1,1,0,301.6924152456599
151.8696131391003,66.30392714442311,0,2,0,140.22245519615424
283.57118504675816,78.91778731084005,2,2,0,246.60468030894532
128.42939389881747,98.63357429531388,5,1,0,129.24400716129327
409.40677350048935,55.30658805236611,4,1,0,334.1509839341413
59.69816885770655,9.56559332804072,4,0,0,73.06698784017686
415.5760866820239,45.52162639150069,0,0,0,295.9367899286087
303.3512512512629,81.11274818347485,0,1,0,219.88579264131536
97.52021973940326,25.003208053131992,4,1,0,119.757971136757
273.3075158255285,19.290097254953206,2,2,0,229.92278894244546
144.83692423943353,38.10047079688689,0,0,0,109.27706881410845
165.1163306915958,4.174490096116776,0,0,0,125.39002652055001
179.00638059045576,96.64497675129957,1,0,0,130.70061110480495
36.343027251298864,33.63302828448404,3,1,0,43.20520928026028
493.0510337787016,16.150991562757937,1,0,0,358.6786397155811
20.609640924955926,90.88682407524658,2,1,0,48.716387246824546
332.9359522262178,109.58064163062743,3,0,0,272.56140554843665
188.75768563992813,2.5838274620311985,4,0,0,167.9547024084419
324.77509401861596,30.36797019635923,2,0,0,238.12944166718938
181.34288527835398,122.88020223304585,2,0,0,148.64649166187954
338.50656989813507,50.08303767126078,1,1,0,259.65058688277117
365.9715771868386,122.01696823965106,3,2,0,318.8295811335002
346.8235569978242,35.64762998818806,2,0,0,251.25490352844938
61.41118077228538,28.34879262435116,3,1,0,79.3352644085705
330.1621511540689,27.834093524639464,5,0,0,273.2847698991832
143.59383697977816,11.079725855241975,4,1,0,161.00933353294798
19.25667843182009,116.53619750618633,3,0,0,35.98047931866425
210.34118258503221,127.37855294227714,1,0,0,170.93446470557274
219.6038358878815,124.08614494531292,1,1,0,183.73622712249065
236.251196009461,110.76365817754562,2,0,0,181.6150286320352
353.88796186840455,110.09542799462677,3,0,0,282.53802710125797
157.87768552551728,85.9411107319684,1,2,0,147.5925942890459
161.06385398644167,107.40778255357976,0,0,0,111.9625641569007
34.973366839423996,27.08450736459621,1,0,0,27.06507251587538
344.9765019161865,50.42864195032671,4,0,0,270.89502485142685
286.07391524279404,83.30871812831722,0,2,0,219.89594315299243
177.9654307834251,113.72027323300752,3,0,0,163.41707080872072
354.06854456409053,85.86103010794187,5,0,0,283.190179317052
270.9920858673042,109.07285458344677,2,0,0,212.77108137556428
237.27624820591714,61.61343706040867,0,0,0,169.6970580054455
258.1056491122576,93.24948590165576,1,0,0,186.9475761416495
319.99232200719297,127.39750482876127,2,0,0,228.78262991664462
331.70128926442675,19.953512426868507,5,0,0,261.9155803585388
148.034120474655,120.49969000106569,5,1,0,147.3736324593208
74.66796487862085,67.90731321944736,2,1,0,71.83502717503143
82.53391968930679,83.61834399490755,2,0,0,63.89517362294481
321.4984885219858,114.12297089836666,2,0,0,235.15627488660323
437.07227645472733,53.2550424318012,3,1,0,343.2720295917404
207.70065778104814,54.430034735706585,3,1,0,185.10422170392425
88.91247936308388,68.53363872512304,3,1,0,82.8634961554055
379.51823665545805,2.4832709845905754,1,0,0,267.17438308094455
417.082289837627,64.5666035226356,3,2,0,353.9462392685256
440.88830934487845,37.841344449249945,2,1,0,333.14415207558045
305.38155731229796,120.63404371093158,0,0,0,212.26722658944394
431.0606368971019,11.405588837894072,0,0,0,312.57968537507276
12.6304044319618,59.71166006257423,5,0,0,46.57889816990408
58.08172187591414,123.17086214905692,0,0,0,26.390476667460753
50.82515319078888,117.13458254140208,0,2,0,64.68115282301116
357.73931870609283,91.17529750869153,0,1,0,246.57212048214302
39.442982854071616,76.6169367594897,5,0,0,62.229437559970364
250.700364370822,36.49502182726922,4,2,0,229.81191300350295
238.9899148249631,47.704424657819125,0,0,0,152.84880575974242
158.79824416132925,11.71753241803654,0,0,0,93.59566525700127
435.8505591213394,102.1940787085709,0,1,0,334.5188388136962
89.36443493059802,42.103069827495524,5,0,0,86.79247893388239
179.4690782776237,86.81164687392696,1,0,0,131.04313681974813
388.2148925113499,46.48732103581975,4,0,0,303.36935352466725
20.0590456246757,60.36295738151415,0,0,0,15.23072339200325
338.11044812195246,72.15032140893135,5,0,0,280.25422815929454
409.1168745489774,104.24081309077846,5,0,0,324.3293112307155
466.4725802248928,27.45032908028845,3,0,0,346.7923643862855
438.766837043285,51.839500287881336,1,0,0,318.89545488050345
163.09513783267417,16.910604345936285,5,0,0,153.0108565633278
295.25024995486154,9.848865639763709,5,0,0,244.8683197051183
43.2602791094806,78.60766630194294,4,0,0,65.10468597953789
132.64565175626427,24.58183576665735,3,0,0,109.60059029771598
51.64007748001615,7.773914450392846,3,0,0,56.244648697070105
161.0177086262121,116.6227310568327,1,0,0,108.92718678713018
438.2176706620708,69.46087457210146,5,0,0,343.1257191008232
176.84758563877486,17.501666962388004,3,0,0,140.6902506172471
283.13956098570605,6.9453965681814624,2,0,0,223.76145075224343
219.5235198168957,15.581806943775296,1,0,0,148.9956711081501
232.16367952787397,61.27384124167983,1,0,0,166.80320379876423
484.93816565909634,86.90048317195671,2,0,0,351.9917364764427
151.59646179060968,83.36640974818592,1,0,0,120.2465294819075
315.52561241396984,18.775001214384808,3,0,0,232.8365641153162
212.9310214418263,82.35356373890214,3,0,0,171.9377392690322
35.26735961860467,52.632531148287924,3,1,0,56.20248728048008
247.2187616539968,60.41669195893046,2,0,0,197.2204682299179
407.60494787732864,104.18595281189123,3,0,0,301.62709144293524
53.882719497435744,43.22491844835299,2,0,0,40.66824393537306
39.44796446117294,19.10987613123599,2,0,0,46.5210570912809
81.047602594667,113.54890736362427,2,0,0,59.05673800487612
383.3780551377065,27.57697486262394,1,0,0,273.11515188639066
363.3777151516453,38.22388317210355,4,0,0,283.15434326851016
284.68379560852475,91.8567076573409,5,0,0,242.4949667136026
236.77207002585303,88.86154121748895,2,0,0,167.65741544089263
444.7212782777979,104.05200276689773,3,1,0,341.85589042133495
384.5154227975738,23.90266338823234,2,0,0,286.0570366711149
406.91141439439355,45.79638613084643,5,0,0,315.4823017998435
407.5648391685738,16.36482106431394,0,1,0,293.47426065949924
323.1449915990512,70.33508913191855,1,0,0,243.30378802552138
231.7172390363932,38.03417703003116,3,0,0,180.60143014088152
433.0154875298969,89.56163333111316,1,0,0,309.5824456472931
463.3736717136091,0.04476783799033934,1,0,1,360.25778107454084
16.783991412879793,7.758789799745303,0,0,0,9.88452665605045
30.519662266794395,56.23283906751464,2,2,0,83.98835576319543
479.57793196967646,124.5639402768239,3,2,0,381.38011436722434
142.1945038528764,115.81068035669378,4,0,0,126.71211817369931
437.31787262646225,129.22117364805783,1,0,0,322.8815872106609
197.4535838858943,54.187929232325835,5,0,0,168.9049286464955
63.95452851663102,6.053903215587701,4,0,0,71.83497516416674
44.819384103620465,39.774298462569114,4,1,0,80.80698859924827
82.47141004482596,87.8502107826137,2,0,0,65.64293015900202
128.69713145934554,17.571295269763986,4,0,0,123.98840879992692
246.81658519575896,38.996383238800135,3,0,0,202.5433421845819
352.2414607800629,7.301601390831628,2,2,0,299.73075285220307
493.26729536022344,61.74571499073045,5,0,0,384.54879323392873
223.54583792813966,27.159688100361432,4,2,0,213.37281969961867
261.5015464598394,11.862243496870306,2,0,0,205.5686632157941
263.29877218471154,53.45805523272227,3,0,0,196.16894295890665
272.02000596652834,45.65930256864014,1,0,0,202.7352676216162
261.28162526670883,69.877305802914,0,0,0,179.76847456352732
9.343503755649325,97.37502519077309,2,0,0,17.44272494971924
5.85378694437115,14.633935735445679,5,0,0,38.32065720892408
53.34482747243084,102.8463267273011,0,0,0,42.15064561635502
55.27051869744352,3.417697383773415,1,0,0,60.2719656782859
353.92396993262406,57.60324732446021,5,0,0,286.83069583055936
106.43343609541988,76.36593729516466,3,1,0,99.2492177381786
447.8834818540284,124.40982750817369,5,2,0,375.19705774991064
464.6601331406246,74.60999349305446,1,2,0,381.6348980500413
488.0672022584699,20.637395125280516,0,0,0,346.0963895349273
469.84524591907496,67.28043469470819,3,0,0,351.17094625439154
139.58471934966968,51.4519131348841,5,0,0,135.0570283685853
257.3395381282387,62.31622378803168,4,0,0,217.35140920461743
91.8502102474858,25.622611905681342,4,1,0,98.94479953478267
404.0737793103544,65.10751550046534,2,0,0,293.6344336013243
444.77369404632753,19.50516935781399,4,0,0,330.96847804014374
426.38797545226987,96.72560048981309,5,1,0,336.26676978433966
219.51663960493326,77.20781382932772,0,0,0,151.85010568023583
380.5435729199566,10.208599906931829,4,2,0,343.0910643127037
53.30168894025337,115.64988083076737,2,0,0,47.448370614617694
24.92116145652909,80.12934860003298,3,0,0,41.53672964136716
377.85202508283663,41.093917166618084,4,1,0,314.6397468555646
215.55086079269844,5.93351193855034,2,2,0,205.9894218885141
497.79688604608674,82.1894704503123,4,1,0,406.9493746950725
53.14083684848854,48.54723397528379,4,1,0,75.92093371063959
428.5357023599407,117.99035363420339,5,2,0,373.08296146570393
242.5916174368509,4.534118252842692,0,0,0,167.80597232241126
414.4393467744191,5.083316594491634,2,0,0,324.8763474701395
409.4780046742217,123.4089072979016,2,0,0,314.41834296165274
458.41604067422827,125.43361293833581,1,0,0,317.6534731606332
152.43575558662087,3.606489480443018,1,0,0,133.7925051742755
475.1506799636915,93.08432054237258,2,1,0,363.28230401110363
80.07514537702204,28.79433080274926,5,0,0,93.68504290867033
45.57454490877781,91.18105961718942,0,0,0,36.83474916081697
218.64968109931283,112.93526356553787,4,2,0,210.5118607340175
415.0198694777121,13.108092252095801,3,0,0,316.3272499005655
239.34345966355556,31.039634179065462,5,2,0,238.17004187333166
415.4969053776045,3.1300968824443274,4,2,0,354.8488397554941
366.1949688681811,5.6978799077773035,3,0,0,288.72036280268225
108.66705113877211,3.850321568310644,0,0,0,74.32593864959095
474.6964043252346,104.08870633543388,1,0,0,343.1765738032306
35.08667847155469,38.77804819600097,2,0,0,42.11672329351072
449.64845523417847,64.11748714435858,0,0,0,325.89136895285134
155.69950725023514,102.41975426761212,3,0,0,142.91775735655946
252.57330116637766,64.34267615187335,5,1,0,223.42044458146617
214.06417698686357,55.79548814119749,2,0,0,162.09965602448239
90.05810567387351,1.5045168436296452,3,0,1,120.30458644648694
182.2826988688381,73.8451353297783,4,1,0,143.2472511905923
100.50254596493366,16.216600157821233,4,0,0,107.54947538821952
105.9238053529593,99.40427130283341,5,0,0,109.47326921968138
97.59313383305827,33.505904095952545,4,0,0,102.82381694211716
247.06360327156415,87.64436340512516,2,0,0,189.1653412390286
399.9760269181012,84.00905861720832,1,1,0,310.0693761429196
286.6401667118143,80.16782838090262,1,0,0,213.30635354754233
447.13726133266675,34.70376097983504,3,0,0,324.4377657274732
320.0895218454785,34.721671032823856,1,0,0,219.9518445200038
346.2233572381392,112.19624564737289,1,0,0,249.6575479099972
335.4655787148666,1.664953241955509,3,0,1,281.8679165955699
227.48230062595186,23.59794234901453,3,1,0,202.9406129408921
346.222716989041,79.32221929345806,3,0,0,259.9678145123613
39.505334502135774,106.21601307241207,2,1,0,31.3836683287949
430.62647859825324,46.58491612747162,3,1,0,338.45136081470724
390.0170110047391,84.94764961940402,2,0,0,290.08738681808364
126.38882932468101,72.43033455063072,2,0,0,104.90470909410676
385.1760648557708,8.390213582664602,2,1,0,285.37811977832746
11.258087693009156,80.82752560098815,3,1,0,49.28202586702642
112.53705337803581,105.80745139542415,1,0,0,79.29110910884967
37.24293314209349,129.0182816389232,5,0,0,65.06161012400523
391.21232372585786,3.853209444723972,5,0,0,314.63110701673406
379.15770483330164,85.80756243590284,1,0,0,279.7896771615804
407.74983178190615,53.891441909235084,3,0,0,302.72196211571554
7.218438196136773,1.2724255318066868,1,0,1,21.985094801614004
253.11019970581197,79.86692268210648,3,0,0,207.94355377720265
353.8939177710816,15.915548812232615,2,0,0,269.1811846016109
81.92355872581265,49.21369052458776,4,1,0,98.64400322899952
326.6464101187492,33.9777220234923,0,0,0,240.70574611097862
46.63449915829443,46.95124229524291,5,0,0,71.99374692928406
94.75629877163502,64.05042559512344,3,0,0,85.15642226003895
240.51942342232752,46.697239223636885,2,1,0,197.84032103791424
328.5147505771455,71.8551431766401,4,0,0,264.74698764096024
77.20521784217857,31.02445973027099,2,0,0,73.17779602447595
96.68554876131425,82.5970297656896,0,2,0,96.30104570270194
106.20095169750319,110.98919053623094,5,1,0,111.15377843326802
123.15689832599435,29.128716098977613,1,0,0,102.05571873561986
117.14415502051416,66.02403806123093,1,0,0,88.55438497710536
200.59880870633017,84.32967199148553,2,0,0,138.5103809776486
328.62587716417784,73.40139705774409,0,0,0,219.62897336454392
221.82573265156248,47.53442800498937,2,0,0,159.11613888557193
389.10708483119464,83.48596204074728,1,0,0,291.4697473284761
361.0379104445643,3.67200680730991,2,0,0,268.8148961920189
67.63082245429246,48.08781015953629,4,0,0,76.8576017484784
29.176603543768245,69.23958790333042,0,1,0,26.416002179975717
439.581074179805,2.679710648662408,1,1,0,316.9635854777175
44.51637794862234,65.99434785895897,5,0,0,74.26150347437597
78.42789445625797,85.05307989953168,5,2,0,133.2318132956108
15.955971401268439,98.69700070269586,2,1,0,28.32247371419886
316.0265008228336,14.738630583225952,0,0,0,235.69603870728145
293.2734287633825,128.77343373592032,2,0,0,228.12089886885622
493.5173148854515,78.80180117356242,1,0,0,347.8806484767937
444.03153617700013,47.215193039602894,0,1,0,319.8482478457213
208.3673728530503,32.38207107937279,1,0,0,150.97121205085307
188.93499125170482,74.4765920188439,4,0,0,164.9774166517249
151.9417569685926,114.6225141316542,4,0,0,123.19530238614928
80.44142541875128,67.67350149837742,5,1,0,95.43676877611924
73.35141001799448,85.99136722864483,3,0,0,80.52704343610242
70.48043546475469,46.500537140272826,0,0,0,35.46916072399111
61.48680480745538,50.45979745156644,4,0,0,70.42273299703021
124.05346099074077,37.20276375034596,3,0,0,98.13073164397947
156.80097200499262,91.73284826787116,5,0,0,154.90186644190285
480.98159066426336,46.694381944153456,0,0,0,342.60618426939504
291.3442592459334,24.793132525361102,1,0,0,199.6454483417978
493.85990838407406,48.02207425161093,2,0,0,353.6251951078457
189.37113917370826,110.99753701825831,2,0,0,148.19897689413926
231.5251831317733,95.97276566500004,1,0,0,149.86638018368814
165.6664362868132,43.50330978026331,4,0,0,135.8398287676497
95.52938719379358,117.8851654287713,2,0,0,74.41675892264958
75.8665303499017,9.728242565270705,1,0,0,72.31639036781729
472.8142029148768,6.4679928837736185,3,0,0,350.16118595802106
493.4712874903841,16.571146122081366,3,0,0,375.86708464521536
27.23020077182212,15.139118261618403,1,2,0,58.16486855197217
79.42120799222442,11.418460951604267,0,2,0,98.76290897247559
214.6444256890062,85.97453955973901,4,0,0,166.34379969508436
97.23507079048163,78.1095093552051,4,0,0,90.92706161750738
185.12079484530722,84.1887163756229,1,2,0,172.8896425289864
68.90269318051851,89.4875870410639,2,0,0,64.63772802678564
230.97331957728616,98.39436782248838,5,1,0,210.95407140779045
139.48883500378335,26.933000573233347,4,1,0,137.99706039686797
179.1930026005371,80.89945672052397,4,2,0,195.84275359388226
51.68476247406006,75.40632571372852,3,0,0,57.97896306127006
216.92338510152015,122.67580335445159,3,0,0,176.2888060130008
491.71251742597707,30.207804151154313,3,0,0,359.5723611752534
167.7723582061892,7.633981468663082,5,0,0,139.86497693979692
438.83249104700536,84.95435906289062,4,0,0,328.5033880024393
422.3835751037241,96.22246923077253,4,0,0,311.77004315798655
476.26891705711927,36.815480754981586,5,0,0,374.2097636442216
396.10420857221175,74.21029602215697,4,1,0,325.85480092879465
331.5004293941134,7.739688519439576,2,0,0,239.8695204388714
429.0092998925915,124.80582935187758,2,0,0,326.3066484972903
42.44411692538807,14.29024652889192,2,1,0,57.4266863854061
234.10117531340984,8.784169699759442,0,0,0,160.2641494831142
494.68183811445414,5.734320734300477,4,0,0,374.84267593495554
385.95207489089245,55.54534784543585,5,2,0,354.4760826235956
481.2273121284254,12.630766649434705,4,0,0,347.5762747800144
390.91900628607215,96.80427132422479,5,1,0,330.94560368816184
438.0665738838614,116.85364088143274,1,1,0,333.48764893149917
354.7321679900795,33.828461202231416,1,0,0,252.29613568415226
381.4484921865337,81.74050550268186,0,0,0,268.42206714162114
263.9731148705528,5.50399811153631,1,0,0,208.1750004316144
462.4976619029958,50.253381320063404,2,1,0,338.0799791108443
413.39426075856403,38.082474745604685,0,0,0,290.1693493145325
422.72305800448794,29.720482537246646,0,0,0,304.21784708388213
338.1395049767109,83.81405365173087,0,0,0,240.5740662367307
155.76707380818826,16.929633026609718,3,2,0,168.02172833273605
22.63674871811897,111.89236802860849,1,2,0,75.52979526797021
468.14928905772456,86.42866782793551,4,1,0,358.2846822175722
295.129572658721,92.39557322944755,3,0,0,220.35654625764195
152.58077071832943,121.59476012549686,5,0,0,121.08673737819096
78.82187838453122,122.50847329532691,2,0,0,60.330986347546656
415.61396692287354,71.71480209650065,3,1,0,317.9888458954639
419.0774962515515,64.39937624717746,2,0,0,313.0981632686704
408.1814442246131,43.599609069498314,4,0,0,325.5658389563358
324.3159325235592,93.02430932632087,4,1,0,258.0535995769046
186.17761685797856,69.96715530737568,1,0,0,137.33542842012724
155.51479096622722,121.2737603662162,5,2,0,194.3384822949099
9.234611208494242,31.021373332638696,3,0,0,26.431079806987984
417.635741550679,40.332849212563794,4,0,0,328.27000886693327
48.27918525935302,41.09175816459594,2,1,0,67.56729503700434
317.22372403018,104.77979909237192,4,2,0,280.3536570282288
254.51709868584373,12.875243139479803,1,0,0,176.65904333251876
265.7112326685438,59.23438572856736,2,0,0,216.55017377358365
463.7228584273478,55.585495806496155,0,1,0,341.5467033875105
20.649430579264845,9.508150731788618,5,2,0,74.63330010283332
387.8291511912423,53.40360981076513,1,2,0,307.4518072132234
30.765937191817027,66.73913782691757,1,0,0,27.113795101947115
23.886034938011715,8.463610025638722,0,0,0,29.403551908963404
217.75976057998406,66.28207669780676,5,1,0,207.5483731102713
36.22221129976853,124.70092760884214,4,0,0,63.972200122069545
395.62625588999146,127.2588620109992,1,0,0,282.53776743716645
267.1337313559269,69.11837121667546,0,0,0,188.49605178555805
19.37419741658835,66.96260123838466,5,0,0,42.490748023839274
25.047839808550158,37.11606163413089,0,0,0,13.939919903192157
308.27092222104227,129.62501132257322,5,0,0,243.4977158893208
404.0253497409104,35.649792233279385,1,0,0,284.5472111062517
221.7107679810129,58.87716905719433,3,0,0,171.56635650154539
279.51743241013406,0.3814275143479484,1,2,1,257.200521003886
400.9155797547013,45.40019781818779,5,0,0,322.7855200118339
307.2005561507005,9.287239079147106,3,0,0,253.44404236871438
116.25631764111564,96.6972201500672,4,2,0,143.5737727523657
308.4607528053919,72.9318788938912,0,0,0,223.0284013045618
315.9983322372807,74.38234404739535,2,0,0,235.84466689880963
368.38295553615774,37.24646716696139,1,2,0,311.90090253863946
312.3327228406166,105.93651773288657,2,1,0,232.57240951438607
484.7748545767288,0.4252202930625226,4,0,1,384.17385791718755
102.6577128149489,43.36815329134497,1,2,0,121.62988810813746
475.78988638570274,85.73467375965281,2,0,0,355.4858264239348
271.47804772325804,118.02992986419973,4,0,0,225.83108435024357
337.61828954498145,30.500074400280297,3,1,0,281.60197156038026
54.23349073883398,70.34300672456435,4,0,0,51.47900821484247
193.38509098216298,69.93888466933174,1,2,0,168.41711744015674
385.84267749927045,113.64266797568098,5,0,0,313.4108353604646
354.9209524740002,6.567195642779505,5,0,0,293.8531466154899
24.86899714187804,55.181822939191946,5,0,0,59.45042201463112
275.5641604311361,23.7205377229511,1,0,0,226.09411656499034
48.69770551936267,2.7992380388177462,1,0,0,33.33198505798853
497.94893244319036,19.11402226766277,4,0,0,383.61622868335985
449.1618113239808,126.94118747026589,1,2,0,359.61738651252193
15.434926912125794,27.930306237634827,4,2,0,81.2876764180878
430.03154155680227,121.55400053365399,5,0,0,342.9340891192964
460.1176522764118,26.683064542022418,0,0,0,320.13050665039333
180.00637016891028,121.06837955998297,0,0,0,130.55353461970913
361.1533192486441,85.10072157604087,0,2,0,291.6829755622942
223.84135437285056,14.71841507525048,2,0,0,173.5594226365947
329.3400798652903,75.64897016645511,0,1,0,251.6793831688055
173.45711512760477,41.40682488023622,0,2,0,180.76645180161208
164.66682213346783,49.80991027714913,4,0,0,127.81129231760433
215.09477498450164,57.2222245185465,4,0,0,192.23117846732055
77.05604053298808,54.95191292894349,5,0,0,96.17476511092302
416.41378739551436,86.33415576279376,1,2,0,330.46407678145204
177.60545820401015,99.8878489167992,1,0,0,129.30534167473056
203.07402918339335,42.79309959614577,1,2,0,194.48493906646945
447.5570332875616,120.16731501913968,5,2,0,388.377432848346
250.82878796126982,122.00062082245394,4,0,0,205.41464792121786
274.40568512867713,5.289756829648642,4,0,0,216.31823889305676
478.46657176466374,1.9381425547924047,0,0,1,348.90926173204264
443.92955965676964,55.25862291963793,3,0,0,326.27078179972784
88.88602089977756,76.7838826283956,4,0,0,86.95385258946888
239.241439809462,36.12761716876801,5,0,0,203.7196593599993
485.79163257713003,33.723787641150665,3,1,0,376.7018563741848
189.32131762315834,88.18339786219478,4,2,0,191.03121734481687
188.92868871551903,78.22155700522407,5,0,0,176.16108137036076
101.5399647356314,21.729093749104255,4,0,0,92.30400839395749
61.58994148896698,114.98512522447065,2,0,0,64.79530933060185
371.45087142421096,88.39688912093908,3,1,0,285.00651977852203
386.16508200725065,47.134912391971085,2,0,0,305.140880224693
484.661416933985,88.8712096988495,0,0,0,347.94882327964035
387.8420143981547,14.644901279816072,2,0,0,295.74007487779147
125.45948454663136,60.87329619462729,2,0,0,101.41161843306678
24.857706252815145,21.96797324274271,5,2,0,95.01064661352252
492.7915052629818,5.386061996696761,0,0,0,336.5834031687656
173.52309429408484,43.98241513747897,3,2,0,171.30241263605544
159.42591350404828,19.595612852501823,1,0,0,116.9697884872615
453.4478288259443,82.35733440399721,4,0,0,362.5418723518253
294.62444977976816,87.62882622230234,5,1,0,262.02933632885265
111.36123105532161,19.329999809458435,3,1,0,89.07907681745124
445.10264014453855,3.1996907284454155,0,0,0,305.3155086324782
496.713623252098,103.06537301257084,2,0,0,364.24026815550604
47.905887769661206,0.26741269471309725,1,0,1,70.32288590709891
431.8145560097312,44.708701593892535,2,1,0,330.4079760763127
198.30527035377503,64.29582874593707,4,1,0,154.9437600896797
264.4158610208187,106.42348450999627,0,0,0,176.09259875110814
457.83390800366544,109.01262355699829,1,0,0,336.8574965429062
486.82270190868303,94.24212727935921,3,0,0,367.0764302598529
134.7711356523557,32.13569093018672,3,0,0,117.94684498849318
110.36113162515733,93.62430146149221,0,0,0,87.90975935844934
44.85569650279837,32.05009572400242,0,2,0,64.54731024644025
283.0899370677583,27.899064925121213,5,1,0,251.11740325206893
11.734175748080794,71.12663404996921,2,0,0,37.4595486109737
208.8896573169186,88.25107769842813,1,0,0,156.67147789079613
41.325088242744236,6.896729568518477,4,0,0,49.92125177969606
205.58676255002032,7.802938146199097,0,0,0,141.28149693829258
24.766433686476585,101.94218928618268,1,1,0,25.553073973532662
418.4325440013406,111.73464262551238,5,0,0,311.19502158673566
108.8208019995901,78.57731912444622,0,0,0,69.69974424903799
167.51281162716643,55.747641261895176,0,0,0,123.9638695216172
435.673758320164,109.89114234789416,3,0,0,329.21899127162567
374.4017003594415,94.74621426079293,1,0,0,283.7134023456266
113.42398901281895,75.34724579606491,3,1,0,111.95930513486911
40.59021223546055,41.56842585333924,5,2,0,108.60444440515816
359.25851954339305,25.73935801538611,3,0,0,259.3572283671755
198.39776259061412,54.427495105297034,5,0,0,172.0978246516916
384.20959956351953,37.2869348748275,1,0,0,275.9862065684652
225.42091232572915,44.10361640547992,5,1,0,196.69163213106302
176.27119442127682,67.03203719056422,5,0,0,174.15845240633314
228.34667706513628,21.98221440370927,3,2,0,201.41650817506678
375.53669790698495,104.80296840959731,2,0,0,278.45980659856525
451.5990418374852,18.918830022919767,4,0,0,357.76839030841586
29.63476231134489,62.52917312472381,4,1,0,65.58887554065656
264.4352129073428,96.97627395045676,2,1,0,206.6418604141721
21.253537396519413,63.052691999647514,0,0,0,6.902319531368402
236.86272478705757,46.93286826652304,3,0,0,198.61622711198515
443.2150004029657,61.73586975695763,4,0,0,336.96772344932623
183.9871818780533,110.32719085363826,1,2,0,165.59864374954518
466.5629584349184,128.75612077691449,5,1,0,383.33928837708623
317.15119346705166,82.04862760762661,5,0,0,262.63783683384776
467.40689517753816,103.1477255443311,0,0,0,326.7660909178758
379.7974795791972,1.8835292007075266,4,0,1,317.81929246285785
56.200407491137334,114.44737323819444,3,0,0,65.27706775437423
119.41992694352516,124.02646879062937,4,2,0,148.61269613033554
200.11437501883557,74.77201442848417,3,0,0,164.24074027601992
89.20290659597764,97.99463206782858,0,0,0,43.50265961967129
249.98124436444695,66.65681658480973,5,0,0,211.5069443225901
238.32723707223784,37.206486259226665,2,1,0,185.87457658714257
478.34830302355374,110.79223635779167,5,0,0,366.4635850782789
219.695302033509,77.58877255947243,3,0,0,170.5169320657463
393.8852681225589,75.31980089288291,3,0,0,295.1669045249687
471.2457197014825,85.68718649935683,0,1,0,338.96974955329813
439.10947133212284,111.28041155775028,0,0,0,311.45424482731767
108.29047413323795,95.14779635022536,1,1,0,86.0385655529274
250.5347976555044,27.446145248046882,5,0,0,217.51086846964907
177.13119223648323,60.68706077295154,5,0,0,167.65656658041854
202.93005409292167,127.4387831582068,0,0,0,149.77520829625644
183.59937899164686,72.0928927891607,4,0,0,166.81576911708538
414.04780903662703,121.97189595120382,3,2,0,344.75383195980464
228.8088322856115,105.73803322069728,2,0,0,173.4758296497618
264.22869446112065,86.58304743513865,0,2,0,224.73377180063378
491.31144173830194,45.41747634576818,3,0,0,364.583542559581
34.68973973480064,39.56151517830707,2,0,0,28.460420381423056
246.53903169642066,83.64473848868643,1,2,0,212.70631349629664
388.16054493832746,56.2329613100334,4,1,0,326.50789702972094
79.82516930317213,103.83797096617452,1,1,0,65.85871869889117
307.7081393343131,98.85937614022546,0,2,0,246.06203677068348
123.53506586956105,40.57696327600686,4,2,0,147.07893528543164
434.3650360461609,91.35474179802907,1,0,0,318.82288186489023
166.91433437303925,64.29152471263393,3,0,0,142.55400378474224
167.8860943659502,42.02797310581962,0,0,0,124.86397633159874
301.10596986635727,53.6856570594032,5,1,0,280.33817642644897
95.86363951935482,116.39574273759405,1,0,0,82.25792326415906
146.01987625701523,46.73729997593026,4,0,0,139.9683752196379
211.23276580910868,37.361905531529544,4,2,0,239.6423578117275
180.05074225435462,45.73493869231792,5,0,0,167.5006861546407
264.8142229127633,27.90039670712992,2,0,0,197.80068605936367
301.8218713141383,70.80254836152272,4,0,0,239.12492949625087
285.50038960633145,19.16673672192919,4,0,0,239.8408639375108
328.81331443600646,106.26769223679914,0,0,0,220.8374648888014
157.33601072087103,29.32543214193139,4,0,0,122.34138034429296
67.58098244173888,77.74715358015393,2,0,0,54.71463617019343
381.59973300838317,16.253314859586162,4,1,0,314.5432402098223
426.1362894021876,127.19890926786242,2,2,0,356.53662287969735
132.21808495010396,59.09480965617413,3,2,0,149.4904796089879
206.51051829821978,106.88227429864588,2,0,0,169.79482785021315
251.79176239695985,99.92421863449789,0,1,0,192.21002308072823
268.9967871627035,92.78009612893825,1,0,0,200.17586029049374
331.44763468838767,107.55743325659927,5,1,0,278.8076019037635
25.593600510884066,13.060269125761758,1,1,0,42.33323780659601
362.1311559533384,88.20463567135508,3,2,0,320.0197765556873
35.67564845480808,34.55754058559155,0,0,0,22.725306865656304
236.8028409980696,102.16331632865668,3,1,0,205.07564787908115
414.6972121067511,124.39293878022553,3,1,0,317.443962856661
228.35158007280614,117.19363887955046,4,0,0,192.10326147572576
78.79942564028265,14.943788921576592,4,0,0,88.02676302016287
492.59175327795003,48.04181468746673,0,0,0,344.6966375284521
445.19630372676033,47.36195843568797,1,2,0,358.6631689823731
386.80024844638194,15.89851462673898,2,2,0,328.9078357878806
208.69824343510916,12.756386935087567,4,0,0,166.37450839579196
96.0036348102024,50.03571754599362,0,0,0,69.42325486417514
470.9985348021581,128.96930156454647,0,0,0,352.40231903173463
268.5138076259838,73.96254463861577,1,1,0,198.30214655690787
426.91595289180515,80.8316117185533,0,0,0,310.62216418338545
174.33702785091575,61.232458302428704,5,0,0,158.20060483740875
170.96771695433796,86.10297179952296,0,2,0,167.33001823395043
492.84253793364934,124.36607049682004,1,0,0,348.57787514290453
263.3073590049506,76.53073396987094,4,0,0,214.7186199629914
74.64423481106941,8.454999763755124,1,0,0,79.78796533007673
113.73896560738017,64.07577399186582,3,0,0,100.32749772402168
243.5624182993968,129.05766552275367,4,0,0,206.4271910903472
26.023100691763613,50.36235367725423,3,0,0,45.319972144791265
233.95432276225873,77.20456083788139,0,0,0,146.8873780429563
212.37571682966316,13.86277924574621,3,0,0,175.52832594964994
390.77145133314605,18.353464835753698,1,0,0,271.90089879021974
180.69627242217467,113.70858891001512,1,0,0,140.44643118263338
491.36163696210167,39.04480167270949,2,0,0,362.30293826948486
94.48111005394705,39.70866553609709,5,0,0,92.65631149567761
297.53840905922675,50.337689480302664,0,0,0,199.3130362530753
49.40115201908604,125.64222747758792,1,0,0,41.41658553337695
368.2626720770211,10.970764484793936,4,1,0,320.0793702826928
497.4030755906759,106.43933333167354,1,0,0,372.91792859612127
410.47362568705796,44.40252394057824,4,0,0,321.7819781109848
280.07325265654913,110.43084337811173,0,0,0,202.33662954637865
244.94697191284757,128.92823443559053,5,0,0,214.31834756431883
418.3398308270892,45.32676332752722,2,0,0,304.8886516295816
468.3071719318085,16.816327607606183,2,0,0,338.73617931455954
494.657230270056,18.768814737780673,3,0,0,378.4294333813108
201.28691764441965,98.63631582339417,1,0,0,143.86959833141657
495.5041500232836,18.839801803957748,0,0,0,362.73260584654207
82.18349482604658,33.854803909502756,3,0,0,67.43234211376011
130.50713908629507,26.57178467607037,0,0,0,84.00845171203676
49.06298174327862,46.238213324027726,0,0,0,47.3736677676285
139.5105656598184,9.667654769459372,3,2,0,153.4963740672371
385.1290880509155,111.37652271294354,0,0,0,270.7524418646226
427.1975572983326,111.81902053412917,3,2,0,364.9601033115692
390.551859325773,53.68127680274967,5,2,0,358.11261573877493
317.37756019300963,79.57138397305178,1,0,0,236.71922559939202
259.41342369870955,83.4537042175596,3,1,0,216.30073080665565
355.808623160755,97.40355499497075,1,2,0,301.5650702063907
198.4626068872748,67.68971138072665,2,0,0,158.17356022444335
421.4476339923524,66.34368590741917,3,0,0,328.85848333184964
340.2090965185088,82.06949105266742,5,0,0,301.85972712521163
350.4133257547322,91.39629143708407,2,0,0,266.29860226590284
270.2883165988903,45.06974901380273,3,0,0,204.65315626473262
443.1883471845304,42.94816152494596,0,2,0,358.1875494565152
129.747293171131,35.06339253246819,2,0,0,104.67016030208222
193.6680884137201,71.35005219065731,4,2,0,204.54118884535353
389.9330719904561,46.82023964225041,4,0,0,307.3468734970615
248.91070358402217,70.24072480199214,4,0,0,199.26704140050043
445.16093664497447,52.7780195574998,2,0,0,325.2939897356974
176.4676632826119,108.77544373184591,1,0,0,110.99020303856892
187.81843356572415,9.506931166909895,3,2,0,189.26484614221295
444.92421574637956,74.3873771686077,0,0,0,319.1113560812164
234.8633084901103,74.8310875763357,0,0,0,165.91757497480947
260.48166918023094,49.88325037003098,2,2,0,230.12919826546093
169.7180390911613,54.73271629320861,4,0,0,151.99492271099467
141.95162137864554,104.01707691478072,5,0,0,127.7185561527593
329.69461186500405,36.48758233384353,0,0,0,223.20394155078367
64.32112746289592,113.28249288540117,5,0,0,86.13568255259007
440.2399573855401,116.52462953751014,5,0,0,351.98567488156675
390.7055526987284,84.58050957228548,0,0,0,280.3916253225028
99.42039053437237,100.4715027820528,1,0,0,74.67434129859168
348.53987318315984,79.6831786860835,0,0,0,255.87048379876586
303.30329603638927,68.28368478705691,0,0,0,203.98266249472695
96.34485011463883,125.66810805252985,3,1,0,95.93508400804583
140.23573549486508,36.74514534957034,0,0,0,105.72021651257916
207.44831934824802,20.039623063604576,3,0,0,175.7704353422282
351.12515394650956,37.373097208526985,4,0,0,269.7015951264482
321.16808736441794,79.90132908932787,1,2,0,289.19025052705194
268.4562495999655,24.073846953148678,5,2,0,260.3239216757984
385.36321884144695,118.14582561942083,0,0,0,272.811478053997
380.1791811050521,53.43317208650105,1,0,0,284.36486446823943
310.84028126081665,110.49517417793966,5,0,0,269.3840908858537
394.5600912754885,32.40075078874617,1,0,0,286.26681940671307
170.46037051570855,40.71188616075718,5,0,0,166.88435904335685
441.2185165196898,7.699041632424556,5,1,0,352.34289780669803
309.3804924719607,33.50979998412461,1,0,0,240.6021150481775
412.06993933715313,63.74079646522918,2,0,0,305.6202826448355
275.40815687119056,122.9977993040215,3,0,0,218.835643662699
113.12693126939678,50.55738660589476,5,1,0,121.73333386264713
273.4930136957628,83.16670433283497,5,0,0,230.9977795492777
188.7002735694111,55.602315270942434,5,1,0,171.62704594420555
350.26202283836176,6.0829405998323605,5,0,0,282.6817240132793
240.51792690869422,65.45924136657135,1,1,0,186.13149246071183
418.8758384392054,8.568774071509711,5,0,0,322.1737313962152
340.64589359934877,114.88099019767968,4,0,0,264.11532067402254
343.8494943505054,97.89480505361881,0,0,0,223.81984274616227
112.49189007807716,49.2246912628076,5,0,0,104.24002574745447
492.20363441318875,83.22842660486766,1,0,0,354.5113229757528
421.6292285893869,14.563660190733174,5,0,0,342.256032212209
395.55741785754384,91.33214830514461,1,0,0,283.20400198749684
168.4565364542136,106.95521316889104,5,2,0,190.6354019366061
270.1376681593798,106.82693430997048,0,0,0,201.14065520695922
72.86607809679268,36.95608119978526,5,0,0,94.93391207574064
271.54560844803945,34.28700538598746,4,2,0,263.84795613965724
77.2151770092272,67.7816994273482,5,0,0,91.5777900439731
278.7537327748526,125.8103810508803,5,0,0,228.3562168888974
326.1173306766783,119.66798708879108,1,0,0,240.96232315910387
198.14700378870165,46.753002628277635,1,2,0,194.61115101288812
251.77971477399015,101.37783580379573,5,0,0,229.9938958182972
438.44842689892,119.77130933188946,4,1,0,368.94687587523464
58.73875662789064,33.920440543288656,1,0,0,62.42993445679129
396.9077820348282,107.93843444838217,4,0,0,309.36342739486764
89.52350274311722,34.82643149819295,1,0,0,59.57122848988934
23.170451488291054,44.62667636533738,0,0,0,21.77351679619249
96.85942835879865,25.84668981059804,4,2,0,143.0406439913009
383.6963790353924,65.92037387945275,0,1,0,256.8646128367702
205.5374063017457,109.63041625396136,0,2,0,167.77327294677892
436.89765583886003,68.64677786661659,1,0,0,311.4868875404627
264.7302328852216,16.047201260102682,4,0,0,208.74833607101115
16.013924203533826,32.730871189532095,2,0,0,11.222433491328465
359.7732367529537,73.17204274657406,0,0,0,257.37801257033317
59.56528981701019,75.81436922417282,0,1,0,62.21679209460829
395.7429185636526,74.99776746083307,0,1,0,286.65228156457465
88.21076215356412,10.010454025808075,1,2,0,90.52561897210805
175.99596097372915,97.98046604251805,1,0,0,133.28901050388032
381.82935766455336,118.22566586857086,0,1,0,268.53689326190676
477.3445219508287,66.36746320488699,5,0,0,363.8714907395291
188.85980557013252,93.44780728034218,1,0,0,149.15044196350595
415.5531089984732,118.82201396475166,1,0,0,311.3335700736734
99.44217141054017,83.54095814324207,1,2,0,110.79084075600059
404.5539862502331,87.66234417603664,3,0,0,313.74749216336585
330.4595593318443,93.7825737399141,4,0,0,252.39725363401055
100.40803607012238,33.86531868902847,1,0,0,82.83802391498254
154.73946037394873,75.74812371318757,3,2,0,163.37298611489163
70.22658985553282,109.48276489077931,3,1,0,68.24157899536362
194.56867047683508,38.50115493389759,1,0,0,136.37833289014452
105.80607735602231,116.63216494759183,5,1,0,123.37715008904222
323.7789870470844,80.64965346953215,3,0,0,236.8244518918495
497.28002658917654,55.01273068629731,2,0,0,362.8861417174906
10.94453572671075,81.01378498203809,3,0,0,38.94116413637338
272.7553075772128,52.24178773957993,4,0,0,216.89772667823212
288.9649657867598,108.9446282402627,3,0,0,211.70389783832937
457.53335089200186,62.701415408787625,1,1,0,336.6717337727408
255.47264070963408,117.15773676806377,5,1,0,231.43250360212159
274.13220272423416,66.27505051021744,0,0,0,181.82602387909392
238.46813665755235,85.84789065286033,2,0,0,193.41401732202232
138.1076307579333,129.70677473089057,3,0,0,125.95772905631362
32.73442095821227,19.10555933111035,5,0,0,62.2577015848595
207.28555269386888,95.77478933534273,2,0,0,165.9152164046612
31.032778264135874,18.053389629071365,4,2,0,87.8500225195561
277.4937723856293,109.05262754937151,3,0,0,220.4864129347071
157.1103534049351,77.53893955106152,3,0,0,133.14456238462995
269.1331887550868,121.9607428788397,2,0,0,212.32267061009776
71.4769973756174,112.57435825283288,3,2,0,119.6902524964611
466.65183304098304,9.733364870947046,3,0,0,343.6138313913308
447.78801555721776,17.849330418251917,0,0,0,309.769168590577
99.04827205513082,78.15222071888728,2,0,0,80.79494612840793
175.0049202305349,67.38090319246973,1,0,0,125.25387995883779
308.6789220667299,21.913466979747795,1,2,0,271.29535309952746
52.364672616423604,16.816699675314474,4,0,0,52.26677439028337
180.51107145249466,73.3188018474097,0,1,0,141.30392600298407
129.30058197540802,6.359801236749933,2,0,0,118.15130061736932
458.18078071476486,113.58558938394708,2,0,0,332.61308723945984
426.99276496315656,104.92077957434066,0,2,0,350.65522288070855
292.01720692709756,102.09809632244162,0,1,0,225.54580066286223
262.5714367514292,2.0796291152963384,4,0,0,211.00140147799434
465.7092682999716,6.193322643655933,1,0,0,343.30509765497004
466.5517525745136,71.47908574959472,5,0,0,357.8910936879537
484.8184120490719,129.2753395562431,2,2,0,382.70913826376864
67.0625476335529,44.50110612627572,5,1,0,88.16417174694254
84.47611632776926,44.76872613269472,0,0,0,71.78298891574653
339.98466584654386,17.456135692057835,2,0,0,250.26442041067543
273.0100659218732,87.66365448613519,1,0,0,200.2880683863298
14.1406229221518,84.06796956922074,2,1,0,24.342231706766032
35.67764281481209,13.171914129290679,5,0,0,68.98408848976557
444.5997892181085,60.76359731888565,2,0,0,335.7182847838792
435.0910437919962,86.71973814685666,0,2,0,336.78439447579154
181.84910638804234,64.15709772185052,0,0,0,107.5106075098285
446.07005538061463,87.66726564241822,0,0,0,311.6174303182605
298.8691618269614,106.11515166609367,1,0,0,222.1492555765202
403.9232952743564,89.15600630582979,3,0,0,306.60356939335554
216.57838022430607,80.0948506579681,1,0,0,160.80318300872784
61.13217203572982,110.96673340278412,0,0,0,46.297871006651334
219.69489600977803,117.07651382307246,4,0,0,179.28014618696238
231.36340000846445,50.55523683285454,2,0,0,166.41742711407065
277.71737595109846,22.522485404105172,2,0,0,217.08683929753053
57.26344288769186,106.32185252104658,5,0,0,68.45716104740605
495.74392220955764,27.78790394893281,2,0,0,353.5223280052558
125.84772629941864,120.76358706738114,5,0,0,129.33427166706983
103.28343975086099,2.9741328788474486,2,0,0,77.35363054337878
265.7674448336886,119.76525374050945,4,1,0,218.0368657680637
270.9180488004699,76.59378903956815,5,0,0,241.46147231146702
222.71126522745593,100.71647514667458,0,0,0,171.50502204984366
387.08661243100096,51.80403631837258,3,0,0,305.5590050192295
260.74392836065834,128.9231179481544,2,0,0,205.28883374417785
306.7992502967671,29.581685583617755,5,1,0,271.97175856334377
363.2544607768539,34.36467614296272,3,0,0,295.67835271717144
17.387425274113973,6.686217724871481,5,0,0,58.12066174882985
287.46887035979717,122.26153719798697,1,0,0,212.3807081589557
442.67626325804275,59.28380946782789,1,1,0,336.5339032282134
13.607427748089785,87.73081391351539,2,0,0,19.82076983952517
205.56514138147574,89.36729457016929,0,0,0,146.4216916279765
463.48258785188585,113.68527199674809,4,2,0,393.6813288105757
179.8114291298562,86.44028258403321,5,0,0,161.68296631698223
232.07076797911924,73.06275369954433,2,1,0,184.38106688590148
490.8629895569348,92.34140814483567,1,0,0,365.28227766811517
103.66531018053404,97.62620387040644,1,0,0,71.79871550846256
37.30131861687794,24.170633012302655,5,0,0,63.660304980713164
430.4141824763457,14.256715066977891,5,0,0,328.2178153576741
434.8903439001224,9.730350563123205,5,0,0,324.9119791515434
238.67852816660653,48.62695428792976,3,0,0,200.83562199461042
259.5325513662567,64.74003117890688,4,0,0,223.5722740759495
418.72415296082886,80.0344867776819,5,0,0,327.20132747118055
370.5869515673186,124.54448755964931,5,0,0,298.04648093922606
136.24875609742028,43.002416626910815,2,0,0,107.97195038242259
13.362210760401636,98.91362677004568,0,0,0,6.837947637472431
242.45158045410514,69.07649054733504,3,0,0,188.35001910976538
430.16160141734247,28.611691171299192,4,0,0,336.5841741625915
448.43816496163026,79.98970578673868,3,0,0,334.71414320302006
478.33196755269614,125.73290317766147,5,1,0,386.3812102952315
440.3838026183267,16.16007890266541,0,0,0,325.8685378129856
292.1215598725587,65.94636939139977,5,0,0,245.7094649463545
225.07977162186992,6.709086039568669,1,2,0,203.20303446807264
388.550674034379,41.7581188565271,5,0,0,305.1277140539471
371.21170901097025,80.67834808721886,2,0,0,276.30230380563785
271.3809978903199,109.3374016839981,2,0,0,190.92898656037173
48.22704941644221,94.94269482438924,0,2,0,83.89968089612154
463.4102666595248,60.17138116801161,5,1,0,363.49062898337326
230.52325606332275,118.19895842353905,2,1,0,168.8548644249071
184.85022204855082,39.352906453090185,2,0,0,143.94156372484804
316.635860608542,98.01784332927163,5,0,0,262.6956516476419
338.5497907776536,61.62117282719612,3,0,0,272.4968738507128
109.29051892999921,116.82264810746084,0,0,0,79.34936029353852
419.2847281809283,103.66626681498882,3,0,0,325.89508736533594
148.51886136287703,117.19105596992237,2,0,0,127.60533431802568
97.40854332758677,27.852220362469538,5,0,0,112.24678612431481
206.1679271629762,86.85955617510703,4,1,0,173.12754923853936
366.6272400442453,96.00024305061321,5,0,0,299.3941494164545
482.9017983277027,96.51385448673717,4,2,0,393.20651178609114
405.59422586385944,65.52005856075388,3,0,0,325.85135295896936
470.4724469467449,1.4625679052338303,1,0,1,363.5770413949048
74.59987301788075,33.98600190297974,5,1,0,92.03557998926775
40.23251543752001,42.02911375056954,1,0,0,38.982113328943
281.06385714380224,110.764760246629,0,2,0,225.3029458460314
148.697254106797,109.31515622354864,4,0,0,119.77059244950466
414.8872116197901,13.608413524911825,4,2,0,365.5525889174348
337.6339963441514,123.47866463026348,3,0,0,251.1021946271015
485.5104411729682,23.719473264693825,5,0,0,377.08412235562207
131.1222160869956,53.866728669119745,2,2,0,144.80681618920647
245.46313660584002,27.970405594398205,0,0,0,171.6263152823443
253.11403632554988,111.84322094781646,3,0,0,191.016410607579
123.39251345440121,97.42226414171054,1,0,0,94.84693364369441
297.0962327465638,45.95874489541452,5,2,0,283.0472127058512
224.42656310922357,88.6442213833872,2,0,0,180.6605316490829
226.12717021498744,23.967694942300504,0,0,0,181.6231860687731
184.5546407463794,49.698622008880214,5,1,0,157.48698795179226
13.380029450639855,49.02398648395407,2,1,0,25.658036367702117
263.43714227282055,30.931768623781714,1,0,0,195.16210779957333
170.9476786716639,113.92056644577474,3,2,0,187.36587098369094
5.653335147243189,88.24994561228641,3,0,0,28.707613078979026
157.43213529265634,36.3921103732939,4,0,0,150.0354999763959
142.9210248794297,31.47569888177485,5,0,0,123.56705268233016
199.75683584569973,2.3339512299010767,3,0,0,159.7458382259585
70.2667348734815,45.055692993006105,4,2,0,127.55447891307456
256.3034931943668,68.48026683099137,3,0,0,194.7778659258797
347.75797449647433,36.10242244808894,0,0,0,219.38489785238895
316.9418566820134,91.0595759358701,5,0,0,252.37272137988253
402.8586990467494,53.52743877146462,1,0,0,295.50674275064426
228.74410255360516,41.12131881138682,5,0,0,196.8291768456058
261.9504065181655,122.07749564274306,5,1,0,218.34230439155073
406.14896072519673,34.16411404745808,2,0,0,294.5996359393584
216.71207955552308,51.773490612565325,1,2,0,184.19800205796955
352.2916782003005,49.69780250770035,1,0,0,244.95936709294372
220.12817251540596,31.355784937262282,4,0,0,176.273639648988
211.7794162832235,28.271976175354173,4,0,0,179.24069580742588
381.3017841419343,39.309402445742464,0,0,0,247.66197650372584
91.54427315577452,112.35070209105352,2,0,0,91.31114127221726
172.6000561110789,99.72077533980777,3,0,0,142.5037255794241
115.96527698971637,88.52993684080678,3,2,0,129.49791288360848
182.75942176896058,59.423389043524146,1,2,0,163.44482812613185
119.03553707118189,66.00801800223844,5,0,0,114.31245943296604
291.80578738789404,34.72804991414984,0,0,0,206.0367739046334
400.09454729583337,9.661068798669291,5,0,0,319.7817555491534
394.3734653028614,43.03527237366269,2,0,0,291.0367480464294
185.42797745165225,64.4258882790076,3,2,0,181.69161077877993
494.43640091765957,7.450696047513218,1,0,0,356.1152653821135
298.95791052937136,11.470329267423837,0,1,0,201.36321807907916
202.70314938025592,34.19328027499374,2,0,0,146.54636210855068
418.5919432245056,47.720448567059,5,0,0,325.39076841936094
366.2876362581072,51.131185445431676,1,0,0,253.67592617039546
375.8912917279317,15.325188617440666,1,0,0,270.5665925632671
102.08897811826644,29.356776089522544,5,0,0,96.02025829178463
236.8205321474348,34.01414276826913,0,2,0,218.58472954434237
431.60492475817836,8.792533906162006,0,0,0,291.5437463269582
254.49881377623484,42.39296107666065,0,0,0,193.24737338427443
343.3091079934199,9.388804458215938,0,0,0,224.28876874859625
296.027197851961,91.4495196042571,2,0,0,241.40635605856008
421.9666099205991,50.18620965245036,0,0,0,303.11476329862177
145.8576156819933,42.47781061918871,0,0,0,110.08262631254523
289.8602625537506,16.447882295468897,0,2,0,228.31942528543374
66.00116066485297,29.445475207836456,2,0,0,58.08500914597808
346.6543344662366,30.251677162086068,3,0,0,263.98018799561254
367.32407998459246,128.07654793352938,1,0,0,265.5806884403249
26.204473988554213,108.59541933610413,4,0,0,58.75070074823637
339.5165269958526,1.984097912346111,5,0,1,299.8805874947768
210.27162631206426,80.18875679990236,1,2,0,190.13553786795194
66.42795367429275,33.26831253485009,2,1,0,79.28222491437393
212.85423611074145,13.569000746545955,5,0,0,196.89833848804085
101.14530019931294,91.72796920556812,0,0,0,66.28516036577517
210.70196840104168,17.1087214308854,2,0,0,157.75559126964757
195.24781883947122,57.68630133886564,3,0,0,178.8772470393644
370.50386028334844,82.18147142919015,4,0,0,288.1735067700814
388.2367012923476,72.08431830014852,3,1,0,298.86269850899265
305.4791839203506,127.09178277935658,0,0,0,214.24179613088648
16.229986880311532,102.14653970592794,2,0,0,35.526620663077544
465.85602814014203,100.64513889657367,2,2,0,385.7049768609368
344.6854736477416,46.22740123053406,0,2,0,278.1771502156468
21.926747710988472,1.0914139709384207,0,0,1,38.98200346943929
410.32228511098833,95.47342085718948,4,0,0,320.69181912789344
104.13174658540808,129.9651709584374,3,1,0,102.8248167914219
291.71448883769784,52.764284006670024,0,0,0,203.21585133507708
235.98401312534264,128.11740486442525,0,2,0,203.90931792119943
212.82019726576294,18.422054239465034,3,0,0,168.0806326404438
445.40829146157677,38.546605712773264,0,0,0,315.0415907949049
221.49383932349429,22.194501126521185,5,0,0,191.90277631329585
42.295338198709615,61.772876480486055,4,0,0,45.60002887355179
473.58616997140155,103.60758219593865,4,1,0,367.33254150374535
460.6649394636156,44.286019899934004,3,1,0,353.4496575577978
343.79418134289136,117.8097618297433,1,2,0,302.6156799337646
236.60680142535236,70.82795373287206,4,0,0,194.37636790557497
50.965439107043025,60.50517378644405,2,1,0,61.83476908208768
396.4203186958507,102.31465948538592,2,1,0,322.58801112202036
42.36156763989433,13.187654615431994,1,1,0,31.889212253475094
38.9574875230971,100.58782125738772,4,0,0,42.489784348992906
271.00500200748724,31.58376002246747,0,0,0,184.2927182742007
84.26347889139691,36.505631133820884,5,0,0,92.48247782239234
8.826482333472747,77.92899053161038,1,0,0,11.341438133314625
214.4411483429142,117.25147525600667,0,0,0,146.7723596362327
72.92252964698264,75.19290347021243,5,0,0,76.3717237591595
84.45513056394216,84.36341534328331,2,1,0,91.78128010617836
43.070766173990656,100.95729664868564,5,0,0,62.31667168249777
106.52140809318692,33.71221866902328,1,0,0,93.05059833546801
359.1646689883227,107.54037746453852,4,0,0,273.1746819345849
405.41901707280675,54.33481937872946,2,1,0,327.2153382897138
229.00415379450382,22.835240153851124,4,0,0,175.4580403676029
255.74413886130176,45.515350329946244,0,0,0,180.39485020736745
21.16424212413029,31.997044523369294,4,0,0,34.7541096217141
39.31154937880184,29.732768667633962,5,0,0,64.06939981142001
132.49602419651086,36.7332158334916,1,0,0,91.91099807833317
274.229718253008,23.521005916471633,0,0,0,174.26577291444158
371.0778186238215,86.80122842074357,1,0,0,262.11106969294747
304.4765153623264,75.39892841456523,5,0,0,265.28956296878516
199.1032882184602,84.2974460878457,0,2,0,167.54329267135117
63.570416136553405,44.684214097660856,1,0,0,56.6492391144964
391.48275126915877,100.06534233462577,2,2,0,326.79202702551856
185.07409554153327,16.849136324041417,1,0,0,133.74844764009512
369.34673716898084,74.24777222997683,2,0,0,293.5055561189332
258.9245267475992,35.80888639204161,5,0,0,215.93953375758252
370.6377165131035,68.58928709068948,3,1,0,293.75156150217094
454.1083329190231,42.07283278123109,4,0,0,350.11802385247546
460.909610446632,102.76652946186839,0,0,0,339.52297511854874
269.8778561002987,115.8653390489523,4,0,0,205.8146974531286
258.1966405589912,96.53555903831206,5,2,0,274.45399072008945
136.51084042390443,22.82588267040208,2,0,0,124.435619779474
468.2209166069992,35.732696790487104,2,1,0,357.48788201032073
231.66998776381234,119.51654851739406,2,0,0,183.49517027922164
68.15766344725168,56.838616595566165,1,0,0,53.25868680867451
219.1889327401422,122.35345321540468,4,0,0,184.87236936015995
67.89135886781196,51.01871955209468,2,0,0,66.10323670369156
253.75318370725216,123.73070587678629,3,0,0,192.54242129384974
282.831379853825,120.34606840533303,5,0,0,249.3202879029607
172.18910193932473,85.8684956982601,2,1,0,146.96233950948908
40.46705404458491,1.1475162999953692,4,0,1,76.63944756348263
472.03425013845333,52.0435086568718,2,0,0,339.8004127657871
387.80979117429763,118.46056686042746,2,1,0,307.6757700576478
420.2461348500349,115.06433758405491,0,1,0,305.23084758153703
186.59985517168357,24.360414012494775,2,0,0,141.39098332919787
381.611359859628,51.89372447598334,4,0,0,288.39851412539826
245.25958310875114,108.61629062433131,5,0,0,207.6706520438694
104.53632676099275,75.12412092250706,0,0,0,63.26296547285033
66.58957156907057,110.14890034800608,0,0,0,50.11688594842032
175.80018031441816,107.4537599783132,2,0,0,145.4636259819625
73.08829518019414,117.9726609038228,2,0,0,62.45449856937037
499.143143221014,15.23867646529562,3,1,0,385.06129728681805
29.348550164850916,18.877968388957036,4,2,0,96.49779117996896
223.36608168769288,10.765173765976826,5,1,0,201.11464722917393
228.78629358324014,121.5849493424061,4,0,0,189.34745616210296
153.8128046479294,61.77110996912611,1,2,0,151.82336254717654
287.81902502493796,8.36228685271826,5,0,0,235.20107977688946
79.23862695501461,41.79888732682536,1,0,0,59.96826855315451
393.0366283906807,45.68364334689569,4,2,0,335.3188351273391
169.56162053258095,105.24277705197845,2,0,0,137.95589489746794
297.71458195032767,95.61199598221998,0,0,0,209.50741635043457
359.24142185314486,89.62031644313397,3,1,0,289.5716469624943
445.0758482566298,2.842261836879235,2,2,0,373.7670452000866
418.714781043839,118.39045353542924,5,0,0,322.1073704314759
306.112968911262,28.022184699046402,5,1,0,253.54905238484437
197.25462429002403,81.77798261004811,0,0,0,145.4654989677154
254.08631168710716,8.036475591484491,5,1,0,222.06572354267743
385.5237227225073,10.598391943367085,4,0,0,301.6608150444331
439.38504356693915,1.2450484969158793,5,2,1,400.9063050732863
56.37205444745258,73.57059379089299,2,2,0,81.65987437070935
195.5038499340615,81.81935705019761,5,0,0,178.55714157531546
389.1777162146828,6.560099420319738,3,2,0,334.5539634650272
218.66762248401068,37.76303501932505,5,2,0,217.2773349533935
169.4527432128105,110.68907384314217,1,0,0,125.32710574369811
208.60473492751845,13.170087686978833,0,2,0,182.26918045652292
303.40814965924363,28.15113139193306,2,2,0,271.29848229202287
499.90354634623174,55.17085710141552,3,0,0,385.0312190354203
249.03125240674322,109.49563334230507,2,0,0,190.11149240746389
108.20476510235898,33.13037708177655,4,0,0,90.05351560503442
85.6090547631519,129.62781199723446,0,0,0,66.96496325850414
25.963125000825073,46.184035708008686,4,0,0,66.90956580903779
281.6145312845691,50.238325602871,5,0,0,241.24787003379603
274.56318528697295,15.873806550003263,4,2,0,256.1540206092983
106.59079375625303,88.425727111349,5,1,0,123.84989244398392
349.1880561940207,31.650473761982607,1,2,0,296.8879646184388
371.84798560669196,81.75278738835603,4,2,0,328.29797086738375
133.25361166414507,29.010504692380454,3,0,0,127.4957866367056
175.32938319471958,50.42339473944083,0,0,0,113.57090957969352
495.28347781189206,111.36737195407427,1,0,0,353.17559756572325
190.26091158611342,96.0577684916291,2,0,0,152.83389516394763
381.5968275192704,20.096816992684047,4,0,0,304.4473437410191
229.0990861818203,79.00206175863318,2,0,0,171.1927737996807
397.7056897911831,81.72328471759522,1,0,0,283.85915336772996
385.6665031974107,11.773901555241935,2,0,0,280.635987624293
335.53923247327515,60.55473506367165,3,2,0,287.74971620166735
428.11528141631175,33.88689143678903,1,0,0,314.0700981437464
469.9131549644542,60.72691855925279,0,0,0,331.3658702648946
292.09174362378155,101.01922887197375,0,0,0,217.85777587233457
122.54710907525913,20.57374277534156,0,0,0,76.661160713514
202.32133601381713,16.02954672644569,0,2,0,177.40028705222008
380.36132818908015,35.01114436375048,1,0,0,282.3128350181856
327.1873251363154,123.79580854505582,1,0,0,241.25414749794908
93.01017758979812,97.21714745404563,5,0,0,91.7703555699525
30.36357286748023,2.5292621658910566,1,0,0,39.00237867220395
343.0659888033221,52.130629522838966,4,0,0,271.82711825215154
129.28411689452594,33.46173728045007,5,0,0,144.51280950071614
